CHONKCRAFT-MISSIONS	1
M	Y2FtcGFpZ25zL2h1bWFuL2xldmVsMDFo	Li4vY2FtcGFpZ25zL2h1bWFuL2ludGVyZmFjZS9pbnRyb3NjcmVlbjEucG5n	2	Y2FtcGFpZ25zL2h1bWFuL2xldmVsMDFoLWludHJvMS53YXY	Y2FtcGFpZ25zL2h1bWFuL2xldmVsMDFoLWludHJvMi53YXY
A	dW5pdC1hbGNoZW1pc3Q	FFFFFFFFFFFFFFFF
A	dW5pdC1hbHRhci1vZi1zdG9ybXM	FFFFFFFFFFFFFFFF
A	dW5pdC1hcmNoZXI	FFFFFFFFFFFFFFFF
A	dW5pdC1hcnRob3ItbGl0ZXJpb3M	FFFFFFFFFFFFFFFF
A	dW5pdC1heGV0aHJvd2Vy	FFFFFFFFFFFFFFFF
A	dW5pdC1iYWxsaXN0YQ	FFFFFFFFFFFFFFFF
A	dW5pdC1iYWxsb29u	FFFFFFFFFFFFFFFF
A	dW5pdC1iYXR0bGVzaGlw	FFFFFFFFFFFFFFFF
A	dW5pdC1iZWFzdC1jcnk	FFFFFFFFFFFFFFFF
A	dW5pdC1iZXJzZXJrZXI	FFFFFFFFFFFFFFFF
A	dW5pdC1jYXN0bGU	FFFFFFFFFFFFFFFF
A	dW5pdC1jYXRhcHVsdA	FFFFFFFFFFFFFFFF
A	dW5pdC1jaHVyY2g	FFFFFFFFFFFFFFFF
A	dW5pdC1jaXJjbGUtb2YtcG93ZXI	FFFFFFFFFFFFFFFF
A	dW5pdC1jcml0dGVy	FFFFFFFFFFFFFFFF
A	dW5pdC1kYWVtb24	FFFFFFFFFFFFFFFF
A	dW5pdC1kYXJrLXBvcnRhbA	FFFFFFFFFFFFFFFF
A	dW5pdC1kZWFkLXNlYS1ib2R5	FFFFFFFFFFFFFFFF
A	dW5pdC1kZWF0aC1rbmlnaHQ	FFFFFFFFFFFFFFFF
A	dW5pdC1kZXN0cm95ZWQtMXgxLXBsYWNl	FFFFFFFFFFFFFFFF
A	dW5pdC1kZXN0cm95ZWQtMngyLXBsYWNl	FFFFFFFFFFFFFFFF
A	dW5pdC1kZXN0cm95ZWQtM3gzLXBsYWNl	FFFFFFFFFFFFFFFF
A	dW5pdC1kZXN0cm95ZWQtM3gzLXBsYWNlLXdhdGVy	FFFFFFFFFFFFFFFF
A	dW5pdC1kZXN0cm95ZWQtNHg0LXBsYWNl	FFFFFFFFFFFFFFFF
A	dW5pdC1kb3VibGUtaGVhZA	FFFFFFFFFFFFFFFF
A	dW5pdC1kcmFnb24	FFFFFFFFFFFFFFFF
A	dW5pdC1kcmFnb24tcm9vc3Q	FFFFFFFFFFFFFFFF
A	dW5pdC1kd2FydmVz	FFFFFFFFFFFFFFFF
A	dW5pdC1lbHZlbi1sdW1iZXItbWlsbA	FFFFFFFFFFFFFFFF
A	dW5pdC1ldmlsLWtuaWdodA	FFFFFFFFFFFFFFFF
A	dW5pdC1leWUtb2YtdmlzaW9u	FFFFFFFFFFFFFFFF
A	dW5pdC1mYWQtbWFu	FFFFFFFFFFFFFFFF
A	dW5pdC1mYXJt	AAAAAAAAAAAAAAAA
A	dW5pdC1mZW1hbGUtaGVybw	FFFFFFFFFFFFFFFF
A	dW5pdC1maXJlLWJyZWV6ZQ	FFFFFFFFFFFFFFFF
A	dW5pdC1mbHlpbmctYW5nZWw	FFFFFFFFFFFFFFFF
A	dW5pdC1mb290bWFu	AAAAAAAAAAAAAAAA
A	dW5pdC1mb3J0cmVzcw	FFFFFFFFFFFFFFFF
A	dW5pdC1nb2JsaW4tc2FwcGVycw	FFFFFFFFFFFFFFFF
A	dW5pdC1nb2xkLW1pbmU	FFFFFFFFFFFFFFFF
A	dW5pdC1ncmVhdC1oYWxs	FFFFFFFFFFFFFFFF
A	dW5pdC1ncnVudA	FFFFFFFFFFFFFFFF
A	dW5pdC1ncnlwaG9uLWF2aWFyeQ	FFFFFFFFFFFFFFFF
A	dW5pdC1ncnlwaG9uLXJpZGVy	FFFFFFFFFFFFFFFF
A	dW5pdC1odW1hbi1iYXJyYWNrcw	AAAAAAAAAAAAAAAA
A	dW5pdC1odW1hbi1ibGFja3NtaXRo	FFFFFFFFFFFFFFFF
A	dW5pdC1odW1hbi1jYW5ub24tdG93ZXI	FFFFFFFFFFFFFFFF
A	dW5pdC1odW1hbi1kZWFkLWJvZHk	FFFFFFFFFFFFFFFF
A	dW5pdC1odW1hbi1kZXN0cm95ZXI	FFFFFFFFFFFFFFFF
A	dW5pdC1odW1hbi1mb3VuZHJ5	FFFFFFFFFFFFFFFF
A	dW5pdC1odW1hbi1ndWFyZC10b3dlcg	FFFFFFFFFFFFFFFF
A	dW5pdC1odW1hbi1vaWwtcGxhdGZvcm0	FFFFFFFFFFFFFFFF
A	dW5pdC1odW1hbi1vaWwtdGFua2Vy	FFFFFFFFFFFFFFFF
A	dW5pdC1odW1hbi1yZWZpbmVyeQ	FFFFFFFFFFFFFFFF
A	dW5pdC1odW1hbi1zaGlweWFyZA	FFFFFFFFFFFFFFFF
A	dW5pdC1odW1hbi1zdGFydC1sb2NhdGlvbg	FFFFFFFFFFFFFFFF
A	dW5pdC1odW1hbi1zdWJtYXJpbmU	FFFFFFFFFFFFFFFF
A	dW5pdC1odW1hbi10cmFuc3BvcnQ	FFFFFFFFFFFFFFFF
A	dW5pdC1odW1hbi13YWxs	AAAAAAAAAAAAAAAA
A	dW5pdC1odW1hbi13YXRjaC10b3dlcg	FFFFFFFFFFFFFFFF
A	dW5pdC1pY2UtYnJpbmdlcg	FFFFFFFFFFFFFFFF
A	dW5pdC1pbnZlbnRvcg	FFFFFFFFFFFFFFFF
A	dW5pdC1rZWVw	FFFFFFFFFFFFFFFF
A	dW5pdC1rbmlnaHQ	FFFFFFFFFFFFFFFF
A	dW5pdC1rbmlnaHQtcmlkZXI	FFFFFFFFFFFFFFFF
A	dW5pdC1tYWdl	FFFFFFFFFFFFFFFF
A	dW5pdC1tYWdlLXRvd2Vy	FFFFFFFFFFFFFFFF
A	dW5pdC1tYW4tb2YtbGlnaHQ	FFFFFFFFFFFFFFFF
A	dW5pdC1vZ3Jl	FFFFFFFFFFFFFFFF
A	dW5pdC1vZ3JlLWp1Z2dlcm5hdWdodA	FFFFFFFFFFFFFFFF
A	dW5pdC1vZ3JlLW1hZ2U	FFFFFFFFFFFFFFFF
A	dW5pdC1vZ3JlLW1vdW5k	FFFFFFFFFFFFFFFF
A	dW5pdC1vaWwtcGF0Y2g	FFFFFFFFFFFFFFFF
A	dW5pdC1vcmMtYmFycmFja3M	FFFFFFFFFFFFFFFF
A	dW5pdC1vcmMtYmxhY2tzbWl0aA	FFFFFFFFFFFFFFFF
A	dW5pdC1vcmMtY2Fubm9uLXRvd2Vy	FFFFFFFFFFFFFFFF
A	dW5pdC1vcmMtZGVhZC1ib2R5	FFFFFFFFFFFFFFFF
A	dW5pdC1vcmMtZGVzdHJveWVy	FFFFFFFFFFFFFFFF
A	dW5pdC1vcmMtZm91bmRyeQ	FFFFFFFFFFFFFFFF
A	dW5pdC1vcmMtZ3VhcmQtdG93ZXI	FFFFFFFFFFFFFFFF
A	dW5pdC1vcmMtb2lsLXBsYXRmb3Jt	FFFFFFFFFFFFFFFF
A	dW5pdC1vcmMtb2lsLXRhbmtlcg	FFFFFFFFFFFFFFFF
A	dW5pdC1vcmMtcmVmaW5lcnk	FFFFFFFFFFFFFFFF
A	dW5pdC1vcmMtc2hpcHlhcmQ	FFFFFFFFFFFFFFFF
A	dW5pdC1vcmMtc3RhcnQtbG9jYXRpb24	FFFFFFFFFFFFFFFF
A	dW5pdC1vcmMtc3VibWFyaW5l	FFFFFFFFFFFFFFFF
A	dW5pdC1vcmMtdHJhbnNwb3J0	FFFFFFFFFFFFFFFF
A	dW5pdC1vcmMtd2FsbA	AAAAAAAAAAAAAAAA
A	dW5pdC1vcmMtd2F0Y2gtdG93ZXI	FFFFFFFFFFFFFFFF
A	dW5pdC1wYWxhZGlu	FFFFFFFFFFFFFFFF
A	dW5pdC1wZWFzYW50	AAAAAAAAAAAAAAAA
A	dW5pdC1wZW9u	FFFFFFFFFFFFFFFF
A	dW5pdC1waWctZmFybQ	FFFFFFFFFFFFFFFF
A	dW5pdC1xdWljay1ibGFkZQ	FFFFFFFFFFFFFFFF
A	dW5pdC1yYW5nZXI	FFFFFFFFFFFFFFFF
A	dW5pdC1ydW5lc3RvbmU	FFFFFFFFFFFFFFFF
A	dW5pdC1zaGFycC1heGU	FFFFFFFFFFFFFFFF
A	dW5pdC1za2VsZXRvbg	FFFFFFFFFFFFFFFF
A	dW5pdC1zdGFibGVz	FFFFFFFFFFFFFFFF
A	dW5pdC1zdHJvbmdob2xk	FFFFFFFFFFFFFFFF
A	dW5pdC10ZW1wbGUtb2YtdGhlLWRhbW5lZA	FFFFFFFFFFFFFFFF
A	dW5pdC10b3duLWhhbGw	AAAAAAAAAAAAAAAA
A	dW5pdC10cm9sbC1sdW1iZXItbWlsbA	FFFFFFFFFFFFFFFF
A	dW5pdC13aGl0ZS1tYWdl	FFFFFFFFFFFFFFFF
A	dW5pdC13aXNlLW1hbg	FFFFFFFFFFFFFFFF
A	dW5pdC16ZXBwZWxpbg	FFFFFFFFFFFFFFFF
A	dXBncmFkZS1hcnJvdzE	FFFFFFFFFFFFFFFF
A	dXBncmFkZS1hcnJvdzI	FFFFFFFFFFFFFFFF
A	dXBncmFkZS1iYWxsaXN0YTE	FFFFFFFFFFFFFFFF
A	dXBncmFkZS1iYWxsaXN0YTI	FFFFFFFFFFFFFFFF
A	dXBncmFkZS1iYXR0bGUtYXhlMQ	FFFFFFFFFFFFFFFF
A	dXBncmFkZS1iYXR0bGUtYXhlMg	FFFFFFFFFFFFFFFF
A	dXBncmFkZS1iZXJzZXJrZXI	FFFFFFFFFFFFFFFF
A	dXBncmFkZS1iZXJzZXJrZXItcmVnZW5lcmF0aW9u	FFFFFFFFFFFFFFFF
A	dXBncmFkZS1iZXJzZXJrZXItc2NvdXRpbmc	FFFFFFFFFFFFFFFF
A	dXBncmFkZS1ibGl6emFyZA	FFFFFFFFFFFFFFFF
A	dXBncmFkZS1ibG9vZGx1c3Q	FFFFFFFFFFFFFFFF
A	dXBncmFkZS1ibG9vZGx1c3QtZG91YmxlLWhlYWQ	RRRRRRRRRRRRRRRR
A	dXBncmFkZS1jYXRhcHVsdDE	FFFFFFFFFFFFFFFF
A	dXBncmFkZS1jYXRhcHVsdDI	FFFFFFFFFFFFFFFF
A	dXBncmFkZS1kZWF0aC1hbmQtZGVjYXk	FFFFFFFFFFFFFFFF
A	dXBncmFkZS1kZWF0aC1jb2ls	RRRRRRRRRRRRRRRR
A	dXBncmFkZS1leG9yY2lzbQ	FFFFFFFFFFFFFFFF
A	dXBncmFkZS1leWUtb2Yta2lscm9nZw	RRRRRRRRRRRRRRRR
A	dXBncmFkZS1leWUtb2Yta2lscm9nZy1kb3VibGUtaGVhZA	RRRRRRRRRRRRRRRR
A	dXBncmFkZS1maXJlYmFsbA	RRRRRRRRRRRRRRRR
A	dXBncmFkZS1mbGFtZS1zaGllbGQ	FFFFFFFFFFFFFFFF
A	dXBncmFkZS1oYXN0ZQ	FFFFFFFFFFFFFFFF
A	dXBncmFkZS1oZWFsaW5n	FFFFFFFFFFFFFFFF
A	dXBncmFkZS1ob2x5LXZpc2lvbg	RRRRRRRRRRRRRRRR
A	dXBncmFkZS1odW1hbi1zaGllbGQx	FFFFFFFFFFFFFFFF
A	dXBncmFkZS1odW1hbi1zaGllbGQy	FFFFFFFFFFFFFFFF
A	dXBncmFkZS1odW1hbi1zaGlwLWFybW9yMQ	FFFFFFFFFFFFFFFF
A	dXBncmFkZS1odW1hbi1zaGlwLWFybW9yMg	FFFFFFFFFFFFFFFF
A	dXBncmFkZS1odW1hbi1zaGlwLWNhbm5vbjE	FFFFFFFFFFFFFFFF
A	dXBncmFkZS1odW1hbi1zaGlwLWNhbm5vbjI	FFFFFFFFFFFFFFFF
A	dXBncmFkZS1pbnZpc2liaWxpdHk	FFFFFFFFFFFFFFFF
A	dXBncmFkZS1saWdodC1heGVz	FFFFFFFFFFFFFFFF
A	dXBncmFkZS1sb25nYm93	FFFFFFFFFFFFFFFF
A	dXBncmFkZS1vZ3JlLW1hZ2U	FFFFFFFFFFFFFFFF
A	dXBncmFkZS1vcmMtc2hpZWxkMQ	FFFFFFFFFFFFFFFF
A	dXBncmFkZS1vcmMtc2hpZWxkMg	FFFFFFFFFFFFFFFF
A	dXBncmFkZS1vcmMtc2hpcC1hcm1vcjE	FFFFFFFFFFFFFFFF
A	dXBncmFkZS1vcmMtc2hpcC1hcm1vcjI	FFFFFFFFFFFFFFFF
A	dXBncmFkZS1vcmMtc2hpcC1jYW5ub24x	FFFFFFFFFFFFFFFF
A	dXBncmFkZS1vcmMtc2hpcC1jYW5ub24y	FFFFFFFFFFFFFFFF
A	dXBncmFkZS1wYWxhZGlu	FFFFFFFFFFFFFFFF
A	dXBncmFkZS1wb2x5bW9ycGg	FFFFFFFFFFFFFFFF
A	dXBncmFkZS1yYWlzZS1kZWFk	FFFFFFFFFFFFFFFF
A	dXBncmFkZS1yYW5nZXI	FFFFFFFFFFFFFFFF
A	dXBncmFkZS1yYW5nZXItbWFya3NtYW5zaGlw	FFFFFFFFFFFFFFFF
A	dXBncmFkZS1yYW5nZXItc2NvdXRpbmc	FFFFFFFFFFFFFFFF
A	dXBncmFkZS1ydW5lcw	FFFFFFFFFFFFFFFF
A	dXBncmFkZS1ydW5lcy1kb3VibGUtaGVhZA	RRRRRRRRRRRRRRRR
A	dXBncmFkZS1zbG93	FFFFFFFFFFFFFFFF
A	dXBncmFkZS1zd29yZDE	FFFFFFFFFFFFFFFF
A	dXBncmFkZS1zd29yZDI	FFFFFFFFFFFFFFFF
A	dXBncmFkZS10aHJvd2luZy1heGUx	FFFFFFFFFFFFFFFF
A	dXBncmFkZS10aHJvd2luZy1heGUy	FFFFFFFFFFFFFFFF
A	dXBncmFkZS11bmhvbHktYXJtb3I	FFFFFFFFFFFFFFFF
A	dXBncmFkZS13aGlybHdpbmQ	FFFFFFFFFFFFFFFF
I	0	d2MyLXBhc3NpdmU	MAP
T	VEhJUyBRZFc1cGRDMW1ZWEp0IFVOSVRfQ09VTlQgTjQgR0UgVEhJUyBRZFc1cGRDMW9kVzFoYmkxaVlYSnlZV05yY3cgVU5JVF9DT1VOVCBOMSBHRSBBTkQ	VklDVE9SWQ
T	VEhJUyBUT1RBTCBOMCBFUQ	REVGRUFU
E
M	Y2FtcGFpZ25zL2h1bWFuL2xldmVsMDJo	Li4vY2FtcGFpZ25zL2h1bWFuL2ludGVyZmFjZS9pbnRyb3NjcmVlbjEucG5n	2	Y2FtcGFpZ25zL2h1bWFuL2xldmVsMDJoLWludHJvMS53YXY	Y2FtcGFpZ25zL2h1bWFuL2xldmVsMDJoLWludHJvMi53YXY
A	dW5pdC1hbGNoZW1pc3Q	FFFFFFFFFFFFFFFF
A	dW5pdC1hbHRhci1vZi1zdG9ybXM	FFFFFFFFFFFFFFFF
A	dW5pdC1hcmNoZXI	AAAAAAAAAAAAAAAA
A	dW5pdC1hcnRob3ItbGl0ZXJpb3M	FFFFFFFFFFFFFFFF
A	dW5pdC1heGV0aHJvd2Vy	AAAAAAAAAAAAAAAA
A	dW5pdC1iYWxsaXN0YQ	FFFFFFFFFFFFFFFF
A	dW5pdC1iYWxsb29u	FFFFFFFFFFFFFFFF
A	dW5pdC1iYXR0bGVzaGlw	FFFFFFFFFFFFFFFF
A	dW5pdC1iZWFzdC1jcnk	FFFFFFFFFFFFFFFF
A	dW5pdC1iZXJzZXJrZXI	FFFFFFFFFFFFFFFF
A	dW5pdC1jYXN0bGU	FFFFFFFFFFFFFFFF
A	dW5pdC1jYXRhcHVsdA	FFFFFFFFFFFFFFFF
A	dW5pdC1jaHVyY2g	FFFFFFFFFFFFFFFF
A	dW5pdC1jaXJjbGUtb2YtcG93ZXI	FFFFFFFFFFFFFFFF
A	dW5pdC1jcml0dGVy	FFFFFFFFFFFFFFFF
A	dW5pdC1kYWVtb24	FFFFFFFFFFFFFFFF
A	dW5pdC1kYXJrLXBvcnRhbA	FFFFFFFFFFFFFFFF
A	dW5pdC1kZWFkLXNlYS1ib2R5	FFFFFFFFFFFFFFFF
A	dW5pdC1kZWF0aC1rbmlnaHQ	FFFFFFFFFFFFFFFF
A	dW5pdC1kZXN0cm95ZWQtMXgxLXBsYWNl	FFFFFFFFFFFFFFFF
A	dW5pdC1kZXN0cm95ZWQtMngyLXBsYWNl	FFFFFFFFFFFFFFFF
A	dW5pdC1kZXN0cm95ZWQtM3gzLXBsYWNl	FFFFFFFFFFFFFFFF
A	dW5pdC1kZXN0cm95ZWQtM3gzLXBsYWNlLXdhdGVy	FFFFFFFFFFFFFFFF
A	dW5pdC1kZXN0cm95ZWQtNHg0LXBsYWNl	FFFFFFFFFFFFFFFF
A	dW5pdC1kb3VibGUtaGVhZA	FFFFFFFFFFFFFFFF
A	dW5pdC1kcmFnb24	FFFFFFFFFFFFFFFF
A	dW5pdC1kcmFnb24tcm9vc3Q	FFFFFFFFFFFFFFFF
A	dW5pdC1kd2FydmVz	FFFFFFFFFFFFFFFF
A	dW5pdC1lbHZlbi1sdW1iZXItbWlsbA	AAAAAAAAAAAAAAAA
A	dW5pdC1ldmlsLWtuaWdodA	FFFFFFFFFFFFFFFF
A	dW5pdC1leWUtb2YtdmlzaW9u	FFFFFFFFFFFFFFFF
A	dW5pdC1mYWQtbWFu	FFFFFFFFFFFFFFFF
A	dW5pdC1mYXJt	AAAAAAAAAAAAAAAA
A	dW5pdC1mZW1hbGUtaGVybw	FFFFFFFFFFFFFFFF
A	dW5pdC1maXJlLWJyZWV6ZQ	FFFFFFFFFFFFFFFF
A	dW5pdC1mbHlpbmctYW5nZWw	FFFFFFFFFFFFFFFF
A	dW5pdC1mb290bWFu	AAAAAAAAAAAAAAAA
A	dW5pdC1mb3J0cmVzcw	FFFFFFFFFFFFFFFF
A	dW5pdC1nb2JsaW4tc2FwcGVycw	FFFFFFFFFFFFFFFF
A	dW5pdC1nb2xkLW1pbmU	FFFFFFFFFFFFFFFF
A	dW5pdC1ncmVhdC1oYWxs	FFFFFFFFFFFFFFFF
A	dW5pdC1ncnVudA	AAAAAAAAAAAAAAAA
A	dW5pdC1ncnlwaG9uLWF2aWFyeQ	FFFFFFFFFFFFFFFF
A	dW5pdC1ncnlwaG9uLXJpZGVy	FFFFFFFFFFFFFFFF
A	dW5pdC1odW1hbi1iYXJyYWNrcw	AAAAAAAAAAAAAAAA
A	dW5pdC1odW1hbi1ibGFja3NtaXRo	FFFFFFFFFFFFFFFF
A	dW5pdC1odW1hbi1jYW5ub24tdG93ZXI	FFFFFFFFFFFFFFFF
A	dW5pdC1odW1hbi1kZWFkLWJvZHk	FFFFFFFFFFFFFFFF
A	dW5pdC1odW1hbi1kZXN0cm95ZXI	FFFFFFFFFFFFFFFF
A	dW5pdC1odW1hbi1mb3VuZHJ5	FFFFFFFFFFFFFFFF
A	dW5pdC1odW1hbi1ndWFyZC10b3dlcg	FFFFFFFFFFFFFFFF
A	dW5pdC1odW1hbi1vaWwtcGxhdGZvcm0	FFFFFFFFFFFFFFFF
A	dW5pdC1odW1hbi1vaWwtdGFua2Vy	FFFFFFFFFFFFFFFF
A	dW5pdC1odW1hbi1yZWZpbmVyeQ	FFFFFFFFFFFFFFFF
A	dW5pdC1odW1hbi1zaGlweWFyZA	FFFFFFFFFFFFFFFF
A	dW5pdC1odW1hbi1zdGFydC1sb2NhdGlvbg	FFFFFFFFFFFFFFFF
A	dW5pdC1odW1hbi1zdWJtYXJpbmU	FFFFFFFFFFFFFFFF
A	dW5pdC1odW1hbi10cmFuc3BvcnQ	FFFFFFFFFFFFFFFF
A	dW5pdC1odW1hbi13YWxs	AAAAAAAAAAAAAAAA
A	dW5pdC1odW1hbi13YXRjaC10b3dlcg	FFFFFFFFFFFFFFFF
A	dW5pdC1pY2UtYnJpbmdlcg	FFFFFFFFFFFFFFFF
A	dW5pdC1pbnZlbnRvcg	FFFFFFFFFFFFFFFF
A	dW5pdC1rZWVw	FFFFFFFFFFFFFFFF
A	dW5pdC1rbmlnaHQ	FFFFFFFFFFFFFFFF
A	dW5pdC1rbmlnaHQtcmlkZXI	FFFFFFFFFFFFFFFF
A	dW5pdC1tYWdl	FFFFFFFFFFFFFFFF
A	dW5pdC1tYWdlLXRvd2Vy	FFFFFFFFFFFFFFFF
A	dW5pdC1tYW4tb2YtbGlnaHQ	FFFFFFFFFFFFFFFF
A	dW5pdC1vZ3Jl	FFFFFFFFFFFFFFFF
A	dW5pdC1vZ3JlLWp1Z2dlcm5hdWdodA	FFFFFFFFFFFFFFFF
A	dW5pdC1vZ3JlLW1hZ2U	FFFFFFFFFFFFFFFF
A	dW5pdC1vZ3JlLW1vdW5k	FFFFFFFFFFFFFFFF
A	dW5pdC1vaWwtcGF0Y2g	FFFFFFFFFFFFFFFF
A	dW5pdC1vcmMtYmFycmFja3M	FFFFFFFFFFFFFFFF
A	dW5pdC1vcmMtYmxhY2tzbWl0aA	FFFFFFFFFFFFFFFF
A	dW5pdC1vcmMtY2Fubm9uLXRvd2Vy	FFFFFFFFFFFFFFFF
A	dW5pdC1vcmMtZGVhZC1ib2R5	FFFFFFFFFFFFFFFF
A	dW5pdC1vcmMtZGVzdHJveWVy	FFFFFFFFFFFFFFFF
A	dW5pdC1vcmMtZm91bmRyeQ	FFFFFFFFFFFFFFFF
A	dW5pdC1vcmMtZ3VhcmQtdG93ZXI	FFFFFFFFFFFFFFFF
A	dW5pdC1vcmMtb2lsLXBsYXRmb3Jt	FFFFFFFFFFFFFFFF
A	dW5pdC1vcmMtb2lsLXRhbmtlcg	FFFFFFFFFFFFFFFF
A	dW5pdC1vcmMtcmVmaW5lcnk	FFFFFFFFFFFFFFFF
A	dW5pdC1vcmMtc2hpcHlhcmQ	FFFFFFFFFFFFFFFF
A	dW5pdC1vcmMtc3RhcnQtbG9jYXRpb24	FFFFFFFFFFFFFFFF
A	dW5pdC1vcmMtc3VibWFyaW5l	FFFFFFFFFFFFFFFF
A	dW5pdC1vcmMtdHJhbnNwb3J0	FFFFFFFFFFFFFFFF
A	dW5pdC1vcmMtd2FsbA	AAAAAAAAAAAAAAAA
A	dW5pdC1vcmMtd2F0Y2gtdG93ZXI	FFFFFFFFFFFFFFFF
A	dW5pdC1wYWxhZGlu	FFFFFFFFFFFFFFFF
A	dW5pdC1wZWFzYW50	AAAAAAAAAAAAAAAA
A	dW5pdC1wZW9u	FFFFFFFFFFFFFFFF
A	dW5pdC1waWctZmFybQ	FFFFFFFFFFFFFFFF
A	dW5pdC1xdWljay1ibGFkZQ	FFFFFFFFFFFFFFFF
A	dW5pdC1yYW5nZXI	FFFFFFFFFFFFFFFF
A	dW5pdC1ydW5lc3RvbmU	FFFFFFFFFFFFFFFF
A	dW5pdC1zaGFycC1heGU	FFFFFFFFFFFFFFFF
A	dW5pdC1za2VsZXRvbg	FFFFFFFFFFFFFFFF
A	dW5pdC1zdGFibGVz	FFFFFFFFFFFFFFFF
A	dW5pdC1zdHJvbmdob2xk	FFFFFFFFFFFFFFFF
A	dW5pdC10ZW1wbGUtb2YtdGhlLWRhbW5lZA	FFFFFFFFFFFFFFFF
A	dW5pdC10b3duLWhhbGw	AAAAAAAAAAAAAAAA
A	dW5pdC10cm9sbC1sdW1iZXItbWlsbA	FFFFFFFFFFFFFFFF
A	dW5pdC13aGl0ZS1tYWdl	FFFFFFFFFFFFFFFF
A	dW5pdC13aXNlLW1hbg	FFFFFFFFFFFFFFFF
A	dW5pdC16ZXBwZWxpbg	FFFFFFFFFFFFFFFF
A	dXBncmFkZS1hcnJvdzE	AAAAAAAAAAAAAAAA
A	dXBncmFkZS1hcnJvdzI	FFFFFFFFFFFFFFFF
A	dXBncmFkZS1iYWxsaXN0YTE	FFFFFFFFFFFFFFFF
A	dXBncmFkZS1iYWxsaXN0YTI	FFFFFFFFFFFFFFFF
A	dXBncmFkZS1iYXR0bGUtYXhlMQ	FFFFFFFFFFFFFFFF
A	dXBncmFkZS1iYXR0bGUtYXhlMg	FFFFFFFFFFFFFFFF
A	dXBncmFkZS1iZXJzZXJrZXI	FFFFFFFFFFFFFFFF
A	dXBncmFkZS1iZXJzZXJrZXItcmVnZW5lcmF0aW9u	FFFFFFFFFFFFFFFF
A	dXBncmFkZS1iZXJzZXJrZXItc2NvdXRpbmc	FFFFFFFFFFFFFFFF
A	dXBncmFkZS1ibGl6emFyZA	FFFFFFFFFFFFFFFF
A	dXBncmFkZS1ibG9vZGx1c3Q	FFFFFFFFFFFFFFFF
A	dXBncmFkZS1ibG9vZGx1c3QtZG91YmxlLWhlYWQ	RRRRRRRRRRRRRRRR
A	dXBncmFkZS1jYXRhcHVsdDE	FFFFFFFFFFFFFFFF
A	dXBncmFkZS1jYXRhcHVsdDI	FFFFFFFFFFFFFFFF
A	dXBncmFkZS1kZWF0aC1hbmQtZGVjYXk	FFFFFFFFFFFFFFFF
A	dXBncmFkZS1kZWF0aC1jb2ls	RRRRRRRRRRRRRRRR
A	dXBncmFkZS1leG9yY2lzbQ	FFFFFFFFFFFFFFFF
A	dXBncmFkZS1leWUtb2Yta2lscm9nZw	RRRRRRRRRRRRRRRR
A	dXBncmFkZS1leWUtb2Yta2lscm9nZy1kb3VibGUtaGVhZA	RRRRRRRRRRRRRRRR
A	dXBncmFkZS1maXJlYmFsbA	RRRRRRRRRRRRRRRR
A	dXBncmFkZS1mbGFtZS1zaGllbGQ	FFFFFFFFFFFFFFFF
A	dXBncmFkZS1oYXN0ZQ	FFFFFFFFFFFFFFFF
A	dXBncmFkZS1oZWFsaW5n	FFFFFFFFFFFFFFFF
A	dXBncmFkZS1ob2x5LXZpc2lvbg	RRRRRRRRRRRRRRRR
A	dXBncmFkZS1odW1hbi1zaGllbGQx	FFFFFFFFFFFFFFFF
A	dXBncmFkZS1odW1hbi1zaGllbGQy	FFFFFFFFFFFFFFFF
A	dXBncmFkZS1odW1hbi1zaGlwLWFybW9yMQ	FFFFFFFFFFFFFFFF
A	dXBncmFkZS1odW1hbi1zaGlwLWFybW9yMg	FFFFFFFFFFFFFFFF
A	dXBncmFkZS1odW1hbi1zaGlwLWNhbm5vbjE	FFFFFFFFFFFFFFFF
A	dXBncmFkZS1odW1hbi1zaGlwLWNhbm5vbjI	FFFFFFFFFFFFFFFF
A	dXBncmFkZS1pbnZpc2liaWxpdHk	FFFFFFFFFFFFFFFF
A	dXBncmFkZS1saWdodC1heGVz	FFFFFFFFFFFFFFFF
A	dXBncmFkZS1sb25nYm93	FFFFFFFFFFFFFFFF
A	dXBncmFkZS1vZ3JlLW1hZ2U	FFFFFFFFFFFFFFFF
A	dXBncmFkZS1vcmMtc2hpZWxkMQ	FFFFFFFFFFFFFFFF
A	dXBncmFkZS1vcmMtc2hpZWxkMg	FFFFFFFFFFFFFFFF
A	dXBncmFkZS1vcmMtc2hpcC1hcm1vcjE	FFFFFFFFFFFFFFFF
A	dXBncmFkZS1vcmMtc2hpcC1hcm1vcjI	FFFFFFFFFFFFFFFF
A	dXBncmFkZS1vcmMtc2hpcC1jYW5ub24x	FFFFFFFFFFFFFFFF
A	dXBncmFkZS1vcmMtc2hpcC1jYW5ub24y	FFFFFFFFFFFFFFFF
A	dXBncmFkZS1wYWxhZGlu	FFFFFFFFFFFFFFFF
A	dXBncmFkZS1wb2x5bW9ycGg	FFFFFFFFFFFFFFFF
A	dXBncmFkZS1yYWlzZS1kZWFk	FFFFFFFFFFFFFFFF
A	dXBncmFkZS1yYW5nZXI	FFFFFFFFFFFFFFFF
A	dXBncmFkZS1yYW5nZXItbWFya3NtYW5zaGlw	FFFFFFFFFFFFFFFF
A	dXBncmFkZS1yYW5nZXItc2NvdXRpbmc	FFFFFFFFFFFFFFFF
A	dXBncmFkZS1ydW5lcw	FFFFFFFFFFFFFFFF
A	dXBncmFkZS1ydW5lcy1kb3VibGUtaGVhZA	RRRRRRRRRRRRRRRR
A	dXBncmFkZS1zbG93	FFFFFFFFFFFFFFFF
A	dXBncmFkZS1zd29yZDE	FFFFFFFFFFFFFFFF
A	dXBncmFkZS1zd29yZDI	FFFFFFFFFFFFFFFF
A	dXBncmFkZS10aHJvd2luZy1heGUx	FFFFFFFFFFFFFFFF
A	dXBncmFkZS10aHJvd2luZy1heGUy	FFFFFFFFFFFFFFFF
A	dXBncmFkZS11bmhvbHktYXJtb3I	FFFFFFFFFFFFFFFF
A	dXBncmFkZS13aGlybHdpbmQ	FFFFFFFFFFFFFFFF
I	0	d2MyLWxhbmQtYXR0YWNr	MAP
T	TjYgUWRXNXBkQzF5WVc1blpYSSBVTklUX0NPVU5UIE4wIEVRIE42IFFkVzVwZEMxaGNtTm9aWEkgVU5JVF9DT1VOVCBOMCBFUSBBTkQgUWRHaHBjdyBRUGowIE4xIFFkVzVwZEMxeVlXNW5aWEkgUWRXNXBkQzFqYVhKamJHVXRiMll0Y0c5M1pYSSBSRVNDVUVEX05FQVIgUWRHaHBjdyBRUGowIE4xIFFkVzVwZEMxaGNtTm9aWEkgUWRXNXBkQzFqYVhKamJHVXRiMll0Y0c5M1pYSSBSRVNDVUVEX05FQVIgT1IgQU5E	REVMQVlFRF9WSUNUT1JZIDEyMCBRY21WelkzVmxJQ2hvZFcxaGJpaw
T	VEhJUyBUT1RBTCBOMCBFUQ	REVGRUFU
E
M	Y2FtcGFpZ25zL2h1bWFuL2xldmVsMDNo	Li4vY2FtcGFpZ25zL2h1bWFuL2ludGVyZmFjZS9pbnRyb3NjcmVlbjEucG5n	2	Y2FtcGFpZ25zL2h1bWFuL2xldmVsMDNoLWludHJvMS53YXY	Y2FtcGFpZ25zL2h1bWFuL2xldmVsMDNoLWludHJvMi53YXY
A	dW5pdC1hbGNoZW1pc3Q	FFFFFFFFFFFFFFFF
A	dW5pdC1hbHRhci1vZi1zdG9ybXM	FFFFFFFFFFFFFFFF
A	dW5pdC1hcmNoZXI	AAAAAAAAAAAAAAAA
A	dW5pdC1hcnRob3ItbGl0ZXJpb3M	FFFFFFFFFFFFFFFF
A	dW5pdC1heGV0aHJvd2Vy	AAAAAAAAAAAAAAAA
A	dW5pdC1iYWxsaXN0YQ	FFFFFFFFFFFFFFFF
A	dW5pdC1iYWxsb29u	FFFFFFFFFFFFFFFF
A	dW5pdC1iYXR0bGVzaGlw	FFFFFFFFFFFFFFFF
A	dW5pdC1iZWFzdC1jcnk	FFFFFFFFFFFFFFFF
A	dW5pdC1iZXJzZXJrZXI	FFFFFFFFFFFFFFFF
A	dW5pdC1jYXN0bGU	FFFFFFFFFFFFFFFF
A	dW5pdC1jYXRhcHVsdA	FFFFFFFFFFFFFFFF
A	dW5pdC1jaHVyY2g	FFFFFFFFFFFFFFFF
A	dW5pdC1jaXJjbGUtb2YtcG93ZXI	FFFFFFFFFFFFFFFF
A	dW5pdC1jcml0dGVy	FFFFFFFFFFFFFFFF
A	dW5pdC1kYWVtb24	FFFFFFFFFFFFFFFF
A	dW5pdC1kYXJrLXBvcnRhbA	FFFFFFFFFFFFFFFF
A	dW5pdC1kZWFkLXNlYS1ib2R5	FFFFFFFFFFFFFFFF
A	dW5pdC1kZWF0aC1rbmlnaHQ	FFFFFFFFFFFFFFFF
A	dW5pdC1kZXN0cm95ZWQtMXgxLXBsYWNl	FFFFFFFFFFFFFFFF
A	dW5pdC1kZXN0cm95ZWQtMngyLXBsYWNl	FFFFFFFFFFFFFFFF
A	dW5pdC1kZXN0cm95ZWQtM3gzLXBsYWNl	FFFFFFFFFFFFFFFF
A	dW5pdC1kZXN0cm95ZWQtM3gzLXBsYWNlLXdhdGVy	FFFFFFFFFFFFFFFF
A	dW5pdC1kZXN0cm95ZWQtNHg0LXBsYWNl	FFFFFFFFFFFFFFFF
A	dW5pdC1kb3VibGUtaGVhZA	FFFFFFFFFFFFFFFF
A	dW5pdC1kcmFnb24	FFFFFFFFFFFFFFFF
A	dW5pdC1kcmFnb24tcm9vc3Q	FFFFFFFFFFFFFFFF
A	dW5pdC1kd2FydmVz	FFFFFFFFFFFFFFFF
A	dW5pdC1lbHZlbi1sdW1iZXItbWlsbA	AAAAAAAAAAAAAAAA
A	dW5pdC1ldmlsLWtuaWdodA	FFFFFFFFFFFFFFFF
A	dW5pdC1leWUtb2YtdmlzaW9u	FFFFFFFFFFFFFFFF
A	dW5pdC1mYWQtbWFu	FFFFFFFFFFFFFFFF
A	dW5pdC1mYXJt	AAAAAAAAAAAAAAAA
A	dW5pdC1mZW1hbGUtaGVybw	FFFFFFFFFFFFFFFF
A	dW5pdC1maXJlLWJyZWV6ZQ	FFFFFFFFFFFFFFFF
A	dW5pdC1mbHlpbmctYW5nZWw	FFFFFFFFFFFFFFFF
A	dW5pdC1mb290bWFu	AAAAAAAAAAAAAAAA
A	dW5pdC1mb3J0cmVzcw	FFFFFFFFFFFFFFFF
A	dW5pdC1nb2JsaW4tc2FwcGVycw	FFFFFFFFFFFFFFFF
A	dW5pdC1nb2xkLW1pbmU	FFFFFFFFFFFFFFFF
A	dW5pdC1ncmVhdC1oYWxs	AAAAAAAAAAAAAAAA
A	dW5pdC1ncnVudA	AAAAAAAAAAAAAAAA
A	dW5pdC1ncnlwaG9uLWF2aWFyeQ	FFFFFFFFFFFFFFFF
A	dW5pdC1ncnlwaG9uLXJpZGVy	FFFFFFFFFFFFFFFF
A	dW5pdC1odW1hbi1iYXJyYWNrcw	AAAAAAAAAAAAAAAA
A	dW5pdC1odW1hbi1ibGFja3NtaXRo	FFFFFFFFFFFFFFFF
A	dW5pdC1odW1hbi1jYW5ub24tdG93ZXI	FFFFFFFFFFFFFFFF
A	dW5pdC1odW1hbi1kZWFkLWJvZHk	FFFFFFFFFFFFFFFF
A	dW5pdC1odW1hbi1kZXN0cm95ZXI	AAAAAAAAAAAAAAAA
A	dW5pdC1odW1hbi1mb3VuZHJ5	FFFFFFFFFFFFFFFF
A	dW5pdC1odW1hbi1ndWFyZC10b3dlcg	FFFFFFFFFFFFFFFF
A	dW5pdC1odW1hbi1vaWwtcGxhdGZvcm0	AAAAAAAAAAAAAAAA
A	dW5pdC1odW1hbi1vaWwtdGFua2Vy	AAAAAAAAAAAAAAAA
A	dW5pdC1odW1hbi1yZWZpbmVyeQ	FFFFFFFFFFFFFFFF
A	dW5pdC1odW1hbi1zaGlweWFyZA	AAAAAAAAAAAAAAAA
A	dW5pdC1odW1hbi1zdGFydC1sb2NhdGlvbg	FFFFFFFFFFFFFFFF
A	dW5pdC1odW1hbi1zdWJtYXJpbmU	FFFFFFFFFFFFFFFF
A	dW5pdC1odW1hbi10cmFuc3BvcnQ	FFFFFFFFFFFFFFFF
A	dW5pdC1odW1hbi13YWxs	AAAAAAAAAAAAAAAA
A	dW5pdC1odW1hbi13YXRjaC10b3dlcg	FFFFFFFFFFFFFFFF
A	dW5pdC1pY2UtYnJpbmdlcg	FFFFFFFFFFFFFFFF
A	dW5pdC1pbnZlbnRvcg	FFFFFFFFFFFFFFFF
A	dW5pdC1rZWVw	FFFFFFFFFFFFFFFF
A	dW5pdC1rbmlnaHQ	FFFFFFFFFFFFFFFF
A	dW5pdC1rbmlnaHQtcmlkZXI	FFFFFFFFFFFFFFFF
A	dW5pdC1tYWdl	FFFFFFFFFFFFFFFF
A	dW5pdC1tYWdlLXRvd2Vy	FFFFFFFFFFFFFFFF
A	dW5pdC1tYW4tb2YtbGlnaHQ	FFFFFFFFFFFFFFFF
A	dW5pdC1vZ3Jl	FFFFFFFFFFFFFFFF
A	dW5pdC1vZ3JlLWp1Z2dlcm5hdWdodA	FFFFFFFFFFFFFFFF
A	dW5pdC1vZ3JlLW1hZ2U	FFFFFFFFFFFFFFFF
A	dW5pdC1vZ3JlLW1vdW5k	FFFFFFFFFFFFFFFF
A	dW5pdC1vaWwtcGF0Y2g	FFFFFFFFFFFFFFFF
A	dW5pdC1vcmMtYmFycmFja3M	AAAAAAAAAAAAAAAA
A	dW5pdC1vcmMtYmxhY2tzbWl0aA	FFFFFFFFFFFFFFFF
A	dW5pdC1vcmMtY2Fubm9uLXRvd2Vy	FFFFFFFFFFFFFFFF
A	dW5pdC1vcmMtZGVhZC1ib2R5	FFFFFFFFFFFFFFFF
A	dW5pdC1vcmMtZGVzdHJveWVy	AAAAAAAAAAAAAAAA
A	dW5pdC1vcmMtZm91bmRyeQ	FFFFFFFFFFFFFFFF
A	dW5pdC1vcmMtZ3VhcmQtdG93ZXI	FFFFFFFFFFFFFFFF
A	dW5pdC1vcmMtb2lsLXBsYXRmb3Jt	AAAAAAAAAAAAAAAA
A	dW5pdC1vcmMtb2lsLXRhbmtlcg	AAAAAAAAAAAAAAAA
A	dW5pdC1vcmMtcmVmaW5lcnk	FFFFFFFFFFFFFFFF
A	dW5pdC1vcmMtc2hpcHlhcmQ	AAAAAAAAAAAAAAAA
A	dW5pdC1vcmMtc3RhcnQtbG9jYXRpb24	FFFFFFFFFFFFFFFF
A	dW5pdC1vcmMtc3VibWFyaW5l	FFFFFFFFFFFFFFFF
A	dW5pdC1vcmMtdHJhbnNwb3J0	FFFFFFFFFFFFFFFF
A	dW5pdC1vcmMtd2FsbA	AAAAAAAAAAAAAAAA
A	dW5pdC1vcmMtd2F0Y2gtdG93ZXI	FFFFFFFFFFFFFFFF
A	dW5pdC1wYWxhZGlu	FFFFFFFFFFFFFFFF
A	dW5pdC1wZWFzYW50	AAAAAAAAAAAAAAAA
A	dW5pdC1wZW9u	AAAAAAAAAAAAAAAA
A	dW5pdC1waWctZmFybQ	AAAAAAAAAAAAAAAA
A	dW5pdC1xdWljay1ibGFkZQ	FFFFFFFFFFFFFFFF
A	dW5pdC1yYW5nZXI	FFFFFFFFFFFFFFFF
A	dW5pdC1ydW5lc3RvbmU	FFFFFFFFFFFFFFFF
A	dW5pdC1zaGFycC1heGU	FFFFFFFFFFFFFFFF
A	dW5pdC1za2VsZXRvbg	FFFFFFFFFFFFFFFF
A	dW5pdC1zdGFibGVz	FFFFFFFFFFFFFFFF
A	dW5pdC1zdHJvbmdob2xk	FFFFFFFFFFFFFFFF
A	dW5pdC10ZW1wbGUtb2YtdGhlLWRhbW5lZA	FFFFFFFFFFFFFFFF
A	dW5pdC10b3duLWhhbGw	AAAAAAAAAAAAAAAA
A	dW5pdC10cm9sbC1sdW1iZXItbWlsbA	AAAAAAAAAAAAAAAA
A	dW5pdC13aGl0ZS1tYWdl	FFFFFFFFFFFFFFFF
A	dW5pdC13aXNlLW1hbg	FFFFFFFFFFFFFFFF
A	dW5pdC16ZXBwZWxpbg	FFFFFFFFFFFFFFFF
A	dXBncmFkZS1hcnJvdzE	AAAAAAAAAAAAAAAA
A	dXBncmFkZS1hcnJvdzI	AAAAAAAAAAAAAAAA
A	dXBncmFkZS1iYWxsaXN0YTE	FFFFFFFFFFFFFFFF
A	dXBncmFkZS1iYWxsaXN0YTI	FFFFFFFFFFFFFFFF
A	dXBncmFkZS1iYXR0bGUtYXhlMQ	FFFFFFFFFFFFFFFF
A	dXBncmFkZS1iYXR0bGUtYXhlMg	FFFFFFFFFFFFFFFF
A	dXBncmFkZS1iZXJzZXJrZXI	FFFFFFFFFFFFFFFF
A	dXBncmFkZS1iZXJzZXJrZXItcmVnZW5lcmF0aW9u	FFFFFFFFFFFFFFFF
A	dXBncmFkZS1iZXJzZXJrZXItc2NvdXRpbmc	FFFFFFFFFFFFFFFF
A	dXBncmFkZS1ibGl6emFyZA	FFFFFFFFFFFFFFFF
A	dXBncmFkZS1ibG9vZGx1c3Q	FFFFFFFFFFFFFFFF
A	dXBncmFkZS1ibG9vZGx1c3QtZG91YmxlLWhlYWQ	RRRRRRRRRRRRRRRR
A	dXBncmFkZS1jYXRhcHVsdDE	FFFFFFFFFFFFFFFF
A	dXBncmFkZS1jYXRhcHVsdDI	FFFFFFFFFFFFFFFF
A	dXBncmFkZS1kZWF0aC1hbmQtZGVjYXk	FFFFFFFFFFFFFFFF
A	dXBncmFkZS1kZWF0aC1jb2ls	RRRRRRRRRRRRRRRR
A	dXBncmFkZS1leG9yY2lzbQ	FFFFFFFFFFFFFFFF
A	dXBncmFkZS1leWUtb2Yta2lscm9nZw	RRRRRRRRRRRRRRRR
A	dXBncmFkZS1leWUtb2Yta2lscm9nZy1kb3VibGUtaGVhZA	RRRRRRRRRRRRRRRR
A	dXBncmFkZS1maXJlYmFsbA	RRRRRRRRRRRRRRRR
A	dXBncmFkZS1mbGFtZS1zaGllbGQ	FFFFFFFFFFFFFFFF
A	dXBncmFkZS1oYXN0ZQ	FFFFFFFFFFFFFFFF
A	dXBncmFkZS1oZWFsaW5n	FFFFFFFFFFFFFFFF
A	dXBncmFkZS1ob2x5LXZpc2lvbg	RRRRRRRRRRRRRRRR
A	dXBncmFkZS1odW1hbi1zaGllbGQx	FFFFFFFFFFFFFFFF
A	dXBncmFkZS1odW1hbi1zaGllbGQy	FFFFFFFFFFFFFFFF
A	dXBncmFkZS1odW1hbi1zaGlwLWFybW9yMQ	FFFFFFFFFFFFFFFF
A	dXBncmFkZS1odW1hbi1zaGlwLWFybW9yMg	FFFFFFFFFFFFFFFF
A	dXBncmFkZS1odW1hbi1zaGlwLWNhbm5vbjE	FFFFFFFFFFFFFFFF
A	dXBncmFkZS1odW1hbi1zaGlwLWNhbm5vbjI	FFFFFFFFFFFFFFFF
A	dXBncmFkZS1pbnZpc2liaWxpdHk	FFFFFFFFFFFFFFFF
A	dXBncmFkZS1saWdodC1heGVz	FFFFFFFFFFFFFFFF
A	dXBncmFkZS1sb25nYm93	FFFFFFFFFFFFFFFF
A	dXBncmFkZS1vZ3JlLW1hZ2U	FFFFFFFFFFFFFFFF
A	dXBncmFkZS1vcmMtc2hpZWxkMQ	FFFFFFFFFFFFFFFF
A	dXBncmFkZS1vcmMtc2hpZWxkMg	FFFFFFFFFFFFFFFF
A	dXBncmFkZS1vcmMtc2hpcC1hcm1vcjE	FFFFFFFFFFFFFFFF
A	dXBncmFkZS1vcmMtc2hpcC1hcm1vcjI	FFFFFFFFFFFFFFFF
A	dXBncmFkZS1vcmMtc2hpcC1jYW5ub24x	FFFFFFFFFFFFFFFF
A	dXBncmFkZS1vcmMtc2hpcC1jYW5ub24y	FFFFFFFFFFFFFFFF
A	dXBncmFkZS1wYWxhZGlu	FFFFFFFFFFFFFFFF
A	dXBncmFkZS1wb2x5bW9ycGg	FFFFFFFFFFFFFFFF
A	dXBncmFkZS1yYWlzZS1kZWFk	FFFFFFFFFFFFFFFF
A	dXBncmFkZS1yYW5nZXI	FFFFFFFFFFFFFFFF
A	dXBncmFkZS1yYW5nZXItbWFya3NtYW5zaGlw	FFFFFFFFFFFFFFFF
A	dXBncmFkZS1yYW5nZXItc2NvdXRpbmc	FFFFFFFFFFFFFFFF
A	dXBncmFkZS1ydW5lcw	FFFFFFFFFFFFFFFF
A	dXBncmFkZS1ydW5lcy1kb3VibGUtaGVhZA	RRRRRRRRRRRRRRRR
A	dXBncmFkZS1zbG93	FFFFFFFFFFFFFFFF
A	dXBncmFkZS1zd29yZDE	FFFFFFFFFFFFFFFF
A	dXBncmFkZS1zd29yZDI	FFFFFFFFFFFFFFFF
A	dXBncmFkZS10aHJvd2luZy1heGUx	AAAAAAAAAAAAAAAA
A	dXBncmFkZS10aHJvd2luZy1heGUy	AAAAAAAAAAAAAAAA
A	dXBncmFkZS11bmhvbHktYXJtb3I	FFFFFFFFFFFFFFFF
A	dXBncmFkZS13aGlybHdpbmQ	FFFFFFFFFFFFFFFF
I	0	d2MyLWxhbmQtYXR0YWNr	MAP
T	VEhJUyBRZFc1cGRDMW9kVzFoYmkxemFHbHdlV0Z5WkEgVU5JVF9DT1VOVCBOMSBHRSBUSElTIFFkVzVwZEMxb2RXMWhiaTF2YVd3dGNHeGhkR1p2Y20wIFVOSVRfQ09VTlQgTjQgR0UgQU5E	VklDVE9SWQ
T	VEhJUyBUT1RBTCBOMCBFUQ	REVGRUFU
E
M	Y2FtcGFpZ25zL2h1bWFuL2xldmVsMDRo	Li4vY2FtcGFpZ25zL2h1bWFuL2ludGVyZmFjZS9pbnRyb3NjcmVlbjEucG5n	2	Y2FtcGFpZ25zL2h1bWFuL2xldmVsMDRoLWludHJvMS53YXY	Y2FtcGFpZ25zL2h1bWFuL2xldmVsMDRoLWludHJvMi53YXY
A	dW5pdC1hbGNoZW1pc3Q	FFFFFFFFFFFFFFFF
A	dW5pdC1hbHRhci1vZi1zdG9ybXM	FFFFFFFFFFFFFFFF
A	dW5pdC1hcmNoZXI	AAAAAAAAAAAAAAAA
A	dW5pdC1hcnRob3ItbGl0ZXJpb3M	FFFFFFFFFFFFFFFF
A	dW5pdC1heGV0aHJvd2Vy	AAAAAAAAAAAAAAAA
A	dW5pdC1iYWxsaXN0YQ	FFFFFFFFFFFFFFFF
A	dW5pdC1iYWxsb29u	FFFFFFFFFFFFFFFF
A	dW5pdC1iYXR0bGVzaGlw	FFFFFFFFFFFFFFFF
A	dW5pdC1iZWFzdC1jcnk	FFFFFFFFFFFFFFFF
A	dW5pdC1iZXJzZXJrZXI	FFFFFFFFFFFFFFFF
A	dW5pdC1jYXN0bGU	FFFFFFFFFFFFFFFF
A	dW5pdC1jYXRhcHVsdA	FFFFFFFFFFFFFFFF
A	dW5pdC1jaHVyY2g	FFFFFFFFFFFFFFFF
A	dW5pdC1jaXJjbGUtb2YtcG93ZXI	FFFFFFFFFFFFFFFF
A	dW5pdC1jcml0dGVy	FFFFFFFFFFFFFFFF
A	dW5pdC1kYWVtb24	FFFFFFFFFFFFFFFF
A	dW5pdC1kYXJrLXBvcnRhbA	FFFFFFFFFFFFFFFF
A	dW5pdC1kZWFkLXNlYS1ib2R5	FFFFFFFFFFFFFFFF
A	dW5pdC1kZWF0aC1rbmlnaHQ	FFFFFFFFFFFFFFFF
A	dW5pdC1kZXN0cm95ZWQtMXgxLXBsYWNl	FFFFFFFFFFFFFFFF
A	dW5pdC1kZXN0cm95ZWQtMngyLXBsYWNl	FFFFFFFFFFFFFFFF
A	dW5pdC1kZXN0cm95ZWQtM3gzLXBsYWNl	FFFFFFFFFFFFFFFF
A	dW5pdC1kZXN0cm95ZWQtM3gzLXBsYWNlLXdhdGVy	FFFFFFFFFFFFFFFF
A	dW5pdC1kZXN0cm95ZWQtNHg0LXBsYWNl	FFFFFFFFFFFFFFFF
A	dW5pdC1kb3VibGUtaGVhZA	FFFFFFFFFFFFFFFF
A	dW5pdC1kcmFnb24	FFFFFFFFFFFFFFFF
A	dW5pdC1kcmFnb24tcm9vc3Q	FFFFFFFFFFFFFFFF
A	dW5pdC1kd2FydmVz	FFFFFFFFFFFFFFFF
A	dW5pdC1lbHZlbi1sdW1iZXItbWlsbA	AAAAAAAAAAAAAAAA
A	dW5pdC1ldmlsLWtuaWdodA	FFFFFFFFFFFFFFFF
A	dW5pdC1leWUtb2YtdmlzaW9u	FFFFFFFFFFFFFFFF
A	dW5pdC1mYWQtbWFu	FFFFFFFFFFFFFFFF
A	dW5pdC1mYXJt	AAAAAAAAAAAAAAAA
A	dW5pdC1mZW1hbGUtaGVybw	FFFFFFFFFFFFFFFF
A	dW5pdC1maXJlLWJyZWV6ZQ	FFFFFFFFFFFFFFFF
A	dW5pdC1mbHlpbmctYW5nZWw	FFFFFFFFFFFFFFFF
A	dW5pdC1mb290bWFu	AAAAAAAAAAAAAAAA
A	dW5pdC1mb3J0cmVzcw	FFFFFFFFFFFFFFFF
A	dW5pdC1nb2JsaW4tc2FwcGVycw	FFFFFFFFFFFFFFFF
A	dW5pdC1nb2xkLW1pbmU	FFFFFFFFFFFFFFFF
A	dW5pdC1ncmVhdC1oYWxs	AAAAAAAAAAAAAAAA
A	dW5pdC1ncnVudA	AAAAAAAAAAAAAAAA
A	dW5pdC1ncnlwaG9uLWF2aWFyeQ	FFFFFFFFFFFFFFFF
A	dW5pdC1ncnlwaG9uLXJpZGVy	FFFFFFFFFFFFFFFF
A	dW5pdC1odW1hbi1iYXJyYWNrcw	AAAAAAAAAAAAAAAA
A	dW5pdC1odW1hbi1ibGFja3NtaXRo	FFFFFFFFFFFFFFFF
A	dW5pdC1odW1hbi1jYW5ub24tdG93ZXI	FFFFFFFFFFFFFFFF
A	dW5pdC1odW1hbi1kZWFkLWJvZHk	FFFFFFFFFFFFFFFF
A	dW5pdC1odW1hbi1kZXN0cm95ZXI	AAAAAAAAAAAAAAAA
A	dW5pdC1odW1hbi1mb3VuZHJ5	AAAAAAAAAAAAAAAA
A	dW5pdC1odW1hbi1ndWFyZC10b3dlcg	AAAAAAAAAAAAAAAA
A	dW5pdC1odW1hbi1vaWwtcGxhdGZvcm0	AAAAAAAAAAAAAAAA
A	dW5pdC1odW1hbi1vaWwtdGFua2Vy	AAAAAAAAAAAAAAAA
A	dW5pdC1odW1hbi1yZWZpbmVyeQ	AAAAAAAAAAAAAAAA
A	dW5pdC1odW1hbi1zaGlweWFyZA	AAAAAAAAAAAAAAAA
A	dW5pdC1odW1hbi1zdGFydC1sb2NhdGlvbg	FFFFFFFFFFFFFFFF
A	dW5pdC1odW1hbi1zdWJtYXJpbmU	FFFFFFFFFFFFFFFF
A	dW5pdC1odW1hbi10cmFuc3BvcnQ	AAAAAAAAAAAAAAAA
A	dW5pdC1odW1hbi13YWxs	AAAAAAAAAAAAAAAA
A	dW5pdC1odW1hbi13YXRjaC10b3dlcg	AAAAAAAAAAAAAAAA
A	dW5pdC1pY2UtYnJpbmdlcg	FFFFFFFFFFFFFFFF
A	dW5pdC1pbnZlbnRvcg	FFFFFFFFFFFFFFFF
A	dW5pdC1rZWVw	FFFFFFFFFFFFFFFF
A	dW5pdC1rbmlnaHQ	FFFFFFFFFFFFFFFF
A	dW5pdC1rbmlnaHQtcmlkZXI	FFFFFFFFFFFFFFFF
A	dW5pdC1tYWdl	FFFFFFFFFFFFFFFF
A	dW5pdC1tYWdlLXRvd2Vy	FFFFFFFFFFFFFFFF
A	dW5pdC1tYW4tb2YtbGlnaHQ	FFFFFFFFFFFFFFFF
A	dW5pdC1vZ3Jl	FFFFFFFFFFFFFFFF
A	dW5pdC1vZ3JlLWp1Z2dlcm5hdWdodA	FFFFFFFFFFFFFFFF
A	dW5pdC1vZ3JlLW1hZ2U	FFFFFFFFFFFFFFFF
A	dW5pdC1vZ3JlLW1vdW5k	FFFFFFFFFFFFFFFF
A	dW5pdC1vaWwtcGF0Y2g	FFFFFFFFFFFFFFFF
A	dW5pdC1vcmMtYmFycmFja3M	AAAAAAAAAAAAAAAA
A	dW5pdC1vcmMtYmxhY2tzbWl0aA	FFFFFFFFFFFFFFFF
A	dW5pdC1vcmMtY2Fubm9uLXRvd2Vy	FFFFFFFFFFFFFFFF
A	dW5pdC1vcmMtZGVhZC1ib2R5	FFFFFFFFFFFFFFFF
A	dW5pdC1vcmMtZGVzdHJveWVy	AAAAAAAAAAAAAAAA
A	dW5pdC1vcmMtZm91bmRyeQ	AAAAAAAAAAAAAAAA
A	dW5pdC1vcmMtZ3VhcmQtdG93ZXI	AAAAAAAAAAAAAAAA
A	dW5pdC1vcmMtb2lsLXBsYXRmb3Jt	AAAAAAAAAAAAAAAA
A	dW5pdC1vcmMtb2lsLXRhbmtlcg	AAAAAAAAAAAAAAAA
A	dW5pdC1vcmMtcmVmaW5lcnk	AAAAAAAAAAAAAAAA
A	dW5pdC1vcmMtc2hpcHlhcmQ	AAAAAAAAAAAAAAAA
A	dW5pdC1vcmMtc3RhcnQtbG9jYXRpb24	FFFFFFFFFFFFFFFF
A	dW5pdC1vcmMtc3VibWFyaW5l	FFFFFFFFFFFFFFFF
A	dW5pdC1vcmMtdHJhbnNwb3J0	AAAAAAAAAAAAAAAA
A	dW5pdC1vcmMtd2FsbA	AAAAAAAAAAAAAAAA
A	dW5pdC1vcmMtd2F0Y2gtdG93ZXI	AAAAAAAAAAAAAAAA
A	dW5pdC1wYWxhZGlu	FFFFFFFFFFFFFFFF
A	dW5pdC1wZWFzYW50	AAAAAAAAAAAAAAAA
A	dW5pdC1wZW9u	AAAAAAAAAAAAAAAA
A	dW5pdC1waWctZmFybQ	AAAAAAAAAAAAAAAA
A	dW5pdC1xdWljay1ibGFkZQ	FFFFFFFFFFFFFFFF
A	dW5pdC1yYW5nZXI	FFFFFFFFFFFFFFFF
A	dW5pdC1ydW5lc3RvbmU	FFFFFFFFFFFFFFFF
A	dW5pdC1zaGFycC1heGU	FFFFFFFFFFFFFFFF
A	dW5pdC1za2VsZXRvbg	FFFFFFFFFFFFFFFF
A	dW5pdC1zdGFibGVz	FFFFFFFFFFFFFFFF
A	dW5pdC1zdHJvbmdob2xk	FFFFFFFFFFFFFFFF
A	dW5pdC10ZW1wbGUtb2YtdGhlLWRhbW5lZA	FFFFFFFFFFFFFFFF
A	dW5pdC10b3duLWhhbGw	AAAAAAAAAAAAAAAA
A	dW5pdC10cm9sbC1sdW1iZXItbWlsbA	AAAAAAAAAAAAAAAA
A	dW5pdC13aGl0ZS1tYWdl	FFFFFFFFFFFFFFFF
A	dW5pdC13aXNlLW1hbg	FFFFFFFFFFFFFFFF
A	dW5pdC16ZXBwZWxpbg	FFFFFFFFFFFFFFFF
A	dXBncmFkZS1hcnJvdzE	AAAAAAAAAAAAAAAA
A	dXBncmFkZS1hcnJvdzI	AAAAAAAAAAAAAAAA
A	dXBncmFkZS1iYWxsaXN0YTE	FFFFFFFFFFFFFFFF
A	dXBncmFkZS1iYWxsaXN0YTI	FFFFFFFFFFFFFFFF
A	dXBncmFkZS1iYXR0bGUtYXhlMQ	FFFFFFFFFFFFFFFF
A	dXBncmFkZS1iYXR0bGUtYXhlMg	FFFFFFFFFFFFFFFF
A	dXBncmFkZS1iZXJzZXJrZXI	FFFFFFFFFFFFFFFF
A	dXBncmFkZS1iZXJzZXJrZXItcmVnZW5lcmF0aW9u	FFFFFFFFFFFFFFFF
A	dXBncmFkZS1iZXJzZXJrZXItc2NvdXRpbmc	FFFFFFFFFFFFFFFF
A	dXBncmFkZS1ibGl6emFyZA	FFFFFFFFFFFFFFFF
A	dXBncmFkZS1ibG9vZGx1c3Q	FFFFFFFFFFFFFFFF
A	dXBncmFkZS1ibG9vZGx1c3QtZG91YmxlLWhlYWQ	RRRRRRRRRRRRRRRR
A	dXBncmFkZS1jYXRhcHVsdDE	FFFFFFFFFFFFFFFF
A	dXBncmFkZS1jYXRhcHVsdDI	FFFFFFFFFFFFFFFF
A	dXBncmFkZS1kZWF0aC1hbmQtZGVjYXk	FFFFFFFFFFFFFFFF
A	dXBncmFkZS1kZWF0aC1jb2ls	RRRRRRRRRRRRRRRR
A	dXBncmFkZS1leG9yY2lzbQ	FFFFFFFFFFFFFFFF
A	dXBncmFkZS1leWUtb2Yta2lscm9nZw	RRRRRRRRRRRRRRRR
A	dXBncmFkZS1leWUtb2Yta2lscm9nZy1kb3VibGUtaGVhZA	RRRRRRRRRRRRRRRR
A	dXBncmFkZS1maXJlYmFsbA	RRRRRRRRRRRRRRRR
A	dXBncmFkZS1mbGFtZS1zaGllbGQ	FFFFFFFFFFFFFFFF
A	dXBncmFkZS1oYXN0ZQ	FFFFFFFFFFFFFFFF
A	dXBncmFkZS1oZWFsaW5n	FFFFFFFFFFFFFFFF
A	dXBncmFkZS1ob2x5LXZpc2lvbg	RRRRRRRRRRRRRRRR
A	dXBncmFkZS1odW1hbi1zaGllbGQx	FFFFFFFFFFFFFFFF
A	dXBncmFkZS1odW1hbi1zaGllbGQy	FFFFFFFFFFFFFFFF
A	dXBncmFkZS1odW1hbi1zaGlwLWFybW9yMQ	AAAAAAAAAAAAAAAA
A	dXBncmFkZS1odW1hbi1zaGlwLWFybW9yMg	FFFFFFFFFFFFFFFF
A	dXBncmFkZS1odW1hbi1zaGlwLWNhbm5vbjE	AAAAAAAAAAAAAAAA
A	dXBncmFkZS1odW1hbi1zaGlwLWNhbm5vbjI	FFFFFFFFFFFFFFFF
A	dXBncmFkZS1pbnZpc2liaWxpdHk	FFFFFFFFFFFFFFFF
A	dXBncmFkZS1saWdodC1heGVz	FFFFFFFFFFFFFFFF
A	dXBncmFkZS1sb25nYm93	FFFFFFFFFFFFFFFF
A	dXBncmFkZS1vZ3JlLW1hZ2U	FFFFFFFFFFFFFFFF
A	dXBncmFkZS1vcmMtc2hpZWxkMQ	FFFFFFFFFFFFFFFF
A	dXBncmFkZS1vcmMtc2hpZWxkMg	FFFFFFFFFFFFFFFF
A	dXBncmFkZS1vcmMtc2hpcC1hcm1vcjE	AAAAAAAAAAAAAAAA
A	dXBncmFkZS1vcmMtc2hpcC1hcm1vcjI	FFFFFFFFFFFFFFFF
A	dXBncmFkZS1vcmMtc2hpcC1jYW5ub24x	AAAAAAAAAAAAAAAA
A	dXBncmFkZS1vcmMtc2hpcC1jYW5ub24y	FFFFFFFFFFFFFFFF
A	dXBncmFkZS1wYWxhZGlu	FFFFFFFFFFFFFFFF
A	dXBncmFkZS1wb2x5bW9ycGg	FFFFFFFFFFFFFFFF
A	dXBncmFkZS1yYWlzZS1kZWFk	FFFFFFFFFFFFFFFF
A	dXBncmFkZS1yYW5nZXI	FFFFFFFFFFFFFFFF
A	dXBncmFkZS1yYW5nZXItbWFya3NtYW5zaGlw	FFFFFFFFFFFFFFFF
A	dXBncmFkZS1yYW5nZXItc2NvdXRpbmc	FFFFFFFFFFFFFFFF
A	dXBncmFkZS1ydW5lcw	FFFFFFFFFFFFFFFF
A	dXBncmFkZS1ydW5lcy1kb3VibGUtaGVhZA	RRRRRRRRRRRRRRRR
A	dXBncmFkZS1zbG93	FFFFFFFFFFFFFFFF
A	dXBncmFkZS1zd29yZDE	FFFFFFFFFFFFFFFF
A	dXBncmFkZS1zd29yZDI	FFFFFFFFFFFFFFFF
A	dXBncmFkZS10aHJvd2luZy1heGUx	AAAAAAAAAAAAAAAA
A	dXBncmFkZS10aHJvd2luZy1heGUy	AAAAAAAAAAAAAAAA
A	dXBncmFkZS11bmhvbHktYXJtb3I	FFFFFFFFFFFFFFFF
A	dXBncmFkZS13aGlybHdpbmQ	FFFFFFFFFFFFFFFF
I	0	aHVtLTA0	MAP
T	VEhJUyBPUFBPTkVOVFMgTjAgRVE	VklDVE9SWQ
T	VEhJUyBUT1RBTCBOMCBFUQ	REVGRUFU
E
M	Y2FtcGFpZ25zL2h1bWFuL2xldmVsMDVo	Li4vY2FtcGFpZ25zL2h1bWFuL2ludGVyZmFjZS9pbnRyb3NjcmVlbjIucG5n	2	Y2FtcGFpZ25zL2h1bWFuL2xldmVsMDVoLWludHJvMS53YXY	Y2FtcGFpZ25zL2h1bWFuL2xldmVsMDVoLWludHJvMi53YXY
A	dW5pdC1hbGNoZW1pc3Q	AAAAAAAAAAAAAAAA
A	dW5pdC1hbHRhci1vZi1zdG9ybXM	FFFFFFFFFFFFFFFF
A	dW5pdC1hcmNoZXI	AAAAAAAAAAAAAAAA
A	dW5pdC1hcnRob3ItbGl0ZXJpb3M	FFFFFFFFFFFFFFFF
A	dW5pdC1heGV0aHJvd2Vy	AAAAAAAAAAAAAAAA
A	dW5pdC1iYWxsaXN0YQ	AAAAAAAAAAAAAAAA
A	dW5pdC1iYWxsb29u	AAAAAAAAAAAAAAAA
A	dW5pdC1iYXR0bGVzaGlw	FFFFFFFFFFFFFFFF
A	dW5pdC1iZWFzdC1jcnk	FFFFFFFFFFFFFFFF
A	dW5pdC1iZXJzZXJrZXI	AAAAAAAAAAAAAAAA
A	dW5pdC1jYXN0bGU	FFFFFFFFFFFFFFFF
A	dW5pdC1jYXRhcHVsdA	AAAAAAAAAAAAAAAA
A	dW5pdC1jaHVyY2g	FFFFFFFFFFFFFFFF
A	dW5pdC1jaXJjbGUtb2YtcG93ZXI	FFFFFFFFFFFFFFFF
A	dW5pdC1jcml0dGVy	FFFFFFFFFFFFFFFF
A	dW5pdC1kYWVtb24	FFFFFFFFFFFFFFFF
A	dW5pdC1kYXJrLXBvcnRhbA	FFFFFFFFFFFFFFFF
A	dW5pdC1kZWFkLXNlYS1ib2R5	FFFFFFFFFFFFFFFF
A	dW5pdC1kZWF0aC1rbmlnaHQ	FFFFFFFFFFFFFFFF
A	dW5pdC1kZXN0cm95ZWQtMXgxLXBsYWNl	FFFFFFFFFFFFFFFF
A	dW5pdC1kZXN0cm95ZWQtMngyLXBsYWNl	FFFFFFFFFFFFFFFF
A	dW5pdC1kZXN0cm95ZWQtM3gzLXBsYWNl	FFFFFFFFFFFFFFFF
A	dW5pdC1kZXN0cm95ZWQtM3gzLXBsYWNlLXdhdGVy	FFFFFFFFFFFFFFFF
A	dW5pdC1kZXN0cm95ZWQtNHg0LXBsYWNl	FFFFFFFFFFFFFFFF
A	dW5pdC1kb3VibGUtaGVhZA	FFFFFFFFFFFFFFFF
A	dW5pdC1kcmFnb24	FFFFFFFFFFFFFFFF
A	dW5pdC1kcmFnb24tcm9vc3Q	FFFFFFFFFFFFFFFF
A	dW5pdC1kd2FydmVz	FFFFFFFFFFFFFFFF
A	dW5pdC1lbHZlbi1sdW1iZXItbWlsbA	AAAAAAAAAAAAAAAA
A	dW5pdC1ldmlsLWtuaWdodA	FFFFFFFFFFFFFFFF
A	dW5pdC1leWUtb2YtdmlzaW9u	FFFFFFFFFFFFFFFF
A	dW5pdC1mYWQtbWFu	FFFFFFFFFFFFFFFF
A	dW5pdC1mYXJt	AAAAAAAAAAAAAAAA
A	dW5pdC1mZW1hbGUtaGVybw	FFFFFFFFFFFFFFFF
A	dW5pdC1maXJlLWJyZWV6ZQ	FFFFFFFFFFFFFFFF
A	dW5pdC1mbHlpbmctYW5nZWw	FFFFFFFFFFFFFFFF
A	dW5pdC1mb290bWFu	AAAAAAAAAAAAAAAA
A	dW5pdC1mb3J0cmVzcw	FFFFFFFFFFFFFFFF
A	dW5pdC1nb2JsaW4tc2FwcGVycw	FFFFFFFFFFFFFFFF
A	dW5pdC1nb2xkLW1pbmU	FFFFFFFFFFFFFFFF
A	dW5pdC1ncmVhdC1oYWxs	AAAAAAAAAAAAAAAA
A	dW5pdC1ncnVudA	AAAAAAAAAAAAAAAA
A	dW5pdC1ncnlwaG9uLWF2aWFyeQ	FFFFFFFFFFFFFFFF
A	dW5pdC1ncnlwaG9uLXJpZGVy	FFFFFFFFFFFFFFFF
A	dW5pdC1odW1hbi1iYXJyYWNrcw	AAAAAAAAAAAAAAAA
A	dW5pdC1odW1hbi1ibGFja3NtaXRo	AAAAAAAAAAAAAAAA
A	dW5pdC1odW1hbi1jYW5ub24tdG93ZXI	AAAAAAAAAAAAAAAA
A	dW5pdC1odW1hbi1kZWFkLWJvZHk	FFFFFFFFFFFFFFFF
A	dW5pdC1odW1hbi1kZXN0cm95ZXI	AAAAAAAAAAAAAAAA
A	dW5pdC1odW1hbi1mb3VuZHJ5	AAAAAAAAAAAAAAAA
A	dW5pdC1odW1hbi1ndWFyZC10b3dlcg	AAAAAAAAAAAAAAAA
A	dW5pdC1odW1hbi1vaWwtcGxhdGZvcm0	AAAAAAAAAAAAAAAA
A	dW5pdC1odW1hbi1vaWwtdGFua2Vy	AAAAAAAAAAAAAAAA
A	dW5pdC1odW1hbi1yZWZpbmVyeQ	AAAAAAAAAAAAAAAA
A	dW5pdC1odW1hbi1zaGlweWFyZA	AAAAAAAAAAAAAAAA
A	dW5pdC1odW1hbi1zdGFydC1sb2NhdGlvbg	FFFFFFFFFFFFFFFF
A	dW5pdC1odW1hbi1zdWJtYXJpbmU	FFFFFFFFFFFFFFFF
A	dW5pdC1odW1hbi10cmFuc3BvcnQ	AAAAAAAAAAAAAAAA
A	dW5pdC1odW1hbi13YWxs	AAAAAAAAAAAAAAAA
A	dW5pdC1odW1hbi13YXRjaC10b3dlcg	AAAAAAAAAAAAAAAA
A	dW5pdC1pY2UtYnJpbmdlcg	FFFFFFFFFFFFFFFF
A	dW5pdC1pbnZlbnRvcg	AAAAAAAAAAAAAAAA
A	dW5pdC1rZWVw	AAAAAAAAAAAAAAAA
A	dW5pdC1rbmlnaHQ	FFFFFFFFFFFFFFFF
A	dW5pdC1rbmlnaHQtcmlkZXI	FFFFFFFFFFFFFFFF
A	dW5pdC1tYWdl	FFFFFFFFFFFFFFFF
A	dW5pdC1tYWdlLXRvd2Vy	FFFFFFFFFFFFFFFF
A	dW5pdC1tYW4tb2YtbGlnaHQ	FFFFFFFFFFFFFFFF
A	dW5pdC1vZ3Jl	AAAAAAAAAAAAAAAA
A	dW5pdC1vZ3JlLWp1Z2dlcm5hdWdodA	FFFFFFFFFFFFFFFF
A	dW5pdC1vZ3JlLW1hZ2U	FFFFFFFFFFFFFFFF
A	dW5pdC1vZ3JlLW1vdW5k	AAAAAAAAAAAAAAAA
A	dW5pdC1vaWwtcGF0Y2g	FFFFFFFFFFFFFFFF
A	dW5pdC1vcmMtYmFycmFja3M	AAAAAAAAAAAAAAAA
A	dW5pdC1vcmMtYmxhY2tzbWl0aA	AAAAAAAAAAAAAAAA
A	dW5pdC1vcmMtY2Fubm9uLXRvd2Vy	AAAAAAAAAAAAAAAA
A	dW5pdC1vcmMtZGVhZC1ib2R5	FFFFFFFFFFFFFFFF
A	dW5pdC1vcmMtZGVzdHJveWVy	AAAAAAAAAAAAAAAA
A	dW5pdC1vcmMtZm91bmRyeQ	AAAAAAAAAAAAAAAA
A	dW5pdC1vcmMtZ3VhcmQtdG93ZXI	AAAAAAAAAAAAAAAA
A	dW5pdC1vcmMtb2lsLXBsYXRmb3Jt	AAAAAAAAAAAAAAAA
A	dW5pdC1vcmMtb2lsLXRhbmtlcg	AAAAAAAAAAAAAAAA
A	dW5pdC1vcmMtcmVmaW5lcnk	AAAAAAAAAAAAAAAA
A	dW5pdC1vcmMtc2hpcHlhcmQ	AAAAAAAAAAAAAAAA
A	dW5pdC1vcmMtc3RhcnQtbG9jYXRpb24	FFFFFFFFFFFFFFFF
A	dW5pdC1vcmMtc3VibWFyaW5l	FFFFFFFFFFFFFFFF
A	dW5pdC1vcmMtdHJhbnNwb3J0	AAAAAAAAAAAAAAAA
A	dW5pdC1vcmMtd2FsbA	AAAAAAAAAAAAAAAA
A	dW5pdC1vcmMtd2F0Y2gtdG93ZXI	AAAAAAAAAAAAAAAA
A	dW5pdC1wYWxhZGlu	FFFFFFFFFFFFFFFF
A	dW5pdC1wZWFzYW50	AAAAAAAAAAAAAAAA
A	dW5pdC1wZW9u	AAAAAAAAAAAAAAAA
A	dW5pdC1waWctZmFybQ	AAAAAAAAAAAAAAAA
A	dW5pdC1xdWljay1ibGFkZQ	FFFFFFFFFFFFFFFF
A	dW5pdC1yYW5nZXI	FFFFFFFFFFFFFFFF
A	dW5pdC1ydW5lc3RvbmU	FFFFFFFFFFFFFFFF
A	dW5pdC1zaGFycC1heGU	FFFFFFFFFFFFFFFF
A	dW5pdC1za2VsZXRvbg	FFFFFFFFFFFFFFFF
A	dW5pdC1zdGFibGVz	FFFFFFFFFFFFFFFF
A	dW5pdC1zdHJvbmdob2xk	AAAAAAAAAAAAAAAA
A	dW5pdC10ZW1wbGUtb2YtdGhlLWRhbW5lZA	FFFFFFFFFFFFFFFF
A	dW5pdC10b3duLWhhbGw	AAAAAAAAAAAAAAAA
A	dW5pdC10cm9sbC1sdW1iZXItbWlsbA	AAAAAAAAAAAAAAAA
A	dW5pdC13aGl0ZS1tYWdl	FFFFFFFFFFFFFFFF
A	dW5pdC13aXNlLW1hbg	FFFFFFFFFFFFFFFF
A	dW5pdC16ZXBwZWxpbg	AAAAAAAAAAAAAAAA
A	dXBncmFkZS1hcnJvdzE	AAAAAAAAAAAAAAAA
A	dXBncmFkZS1hcnJvdzI	AAAAAAAAAAAAAAAA
A	dXBncmFkZS1iYWxsaXN0YTE	AAAAAAAAAAAAAAAA
A	dXBncmFkZS1iYWxsaXN0YTI	FFFFFFFFFFFFFFFF
A	dXBncmFkZS1iYXR0bGUtYXhlMQ	AAAAAAAAAAAAAAAA
A	dXBncmFkZS1iYXR0bGUtYXhlMg	FFFFFFFFFFFFFFFF
A	dXBncmFkZS1iZXJzZXJrZXI	AAAAAAAAAAAAAAAA
A	dXBncmFkZS1iZXJzZXJrZXItcmVnZW5lcmF0aW9u	AAAAAAAAAAAAAAAA
A	dXBncmFkZS1iZXJzZXJrZXItc2NvdXRpbmc	AAAAAAAAAAAAAAAA
A	dXBncmFkZS1ibGl6emFyZA	FFFFFFFFFFFFFFFF
A	dXBncmFkZS1ibG9vZGx1c3Q	FFFFFFFFFFFFFFFF
A	dXBncmFkZS1ibG9vZGx1c3QtZG91YmxlLWhlYWQ	RRRRRRRRRRRRRRRR
A	dXBncmFkZS1jYXRhcHVsdDE	AAAAAAAAAAAAAAAA
A	dXBncmFkZS1jYXRhcHVsdDI	FFFFFFFFFFFFFFFF
A	dXBncmFkZS1kZWF0aC1hbmQtZGVjYXk	FFFFFFFFFFFFFFFF
A	dXBncmFkZS1kZWF0aC1jb2ls	RRRRRRRRRRRRRRRR
A	dXBncmFkZS1leG9yY2lzbQ	FFFFFFFFFFFFFFFF
A	dXBncmFkZS1leWUtb2Yta2lscm9nZw	RRRRRRRRRRRRRRRR
A	dXBncmFkZS1leWUtb2Yta2lscm9nZy1kb3VibGUtaGVhZA	RRRRRRRRRRRRRRRR
A	dXBncmFkZS1maXJlYmFsbA	RRRRRRRRRRRRRRRR
A	dXBncmFkZS1mbGFtZS1zaGllbGQ	FFFFFFFFFFFFFFFF
A	dXBncmFkZS1oYXN0ZQ	FFFFFFFFFFFFFFFF
A	dXBncmFkZS1oZWFsaW5n	FFFFFFFFFFFFFFFF
A	dXBncmFkZS1ob2x5LXZpc2lvbg	RRRRRRRRRRRRRRRR
A	dXBncmFkZS1odW1hbi1zaGllbGQx	AAAAAAAAAAAAAAAA
A	dXBncmFkZS1odW1hbi1zaGllbGQy	FFFFFFFFFFFFFFFF
A	dXBncmFkZS1odW1hbi1zaGlwLWFybW9yMQ	AAAAAAAAAAAAAAAA
A	dXBncmFkZS1odW1hbi1zaGlwLWFybW9yMg	FFFFFFFFFFFFFFFF
A	dXBncmFkZS1odW1hbi1zaGlwLWNhbm5vbjE	AAAAAAAAAAAAAAAA
A	dXBncmFkZS1odW1hbi1zaGlwLWNhbm5vbjI	FFFFFFFFFFFFFFFF
A	dXBncmFkZS1pbnZpc2liaWxpdHk	FFFFFFFFFFFFFFFF
A	dXBncmFkZS1saWdodC1heGVz	AAAAAAAAAAAAAAAA
A	dXBncmFkZS1sb25nYm93	FFFFFFFFFFFFFFFF
A	dXBncmFkZS1vZ3JlLW1hZ2U	FFFFFFFFFFFFFFFF
A	dXBncmFkZS1vcmMtc2hpZWxkMQ	AAAAAAAAAAAAAAAA
A	dXBncmFkZS1vcmMtc2hpZWxkMg	FFFFFFFFFFFFFFFF
A	dXBncmFkZS1vcmMtc2hpcC1hcm1vcjE	AAAAAAAAAAAAAAAA
A	dXBncmFkZS1vcmMtc2hpcC1hcm1vcjI	FFFFFFFFFFFFFFFF
A	dXBncmFkZS1vcmMtc2hpcC1jYW5ub24x	AAAAAAAAAAAAAAAA
A	dXBncmFkZS1vcmMtc2hpcC1jYW5ub24y	FFFFFFFFFFFFFFFF
A	dXBncmFkZS1wYWxhZGlu	FFFFFFFFFFFFFFFF
A	dXBncmFkZS1wb2x5bW9ycGg	FFFFFFFFFFFFFFFF
A	dXBncmFkZS1yYWlzZS1kZWFk	FFFFFFFFFFFFFFFF
A	dXBncmFkZS1yYW5nZXI	FFFFFFFFFFFFFFFF
A	dXBncmFkZS1yYW5nZXItbWFya3NtYW5zaGlw	FFFFFFFFFFFFFFFF
A	dXBncmFkZS1yYW5nZXItc2NvdXRpbmc	FFFFFFFFFFFFFFFF
A	dXBncmFkZS1ydW5lcw	FFFFFFFFFFFFFFFF
A	dXBncmFkZS1ydW5lcy1kb3VibGUtaGVhZA	RRRRRRRRRRRRRRRR
A	dXBncmFkZS1zbG93	FFFFFFFFFFFFFFFF
A	dXBncmFkZS1zd29yZDE	AAAAAAAAAAAAAAAA
A	dXBncmFkZS1zd29yZDI	FFFFFFFFFFFFFFFF
A	dXBncmFkZS10aHJvd2luZy1heGUx	AAAAAAAAAAAAAAAA
A	dXBncmFkZS10aHJvd2luZy1heGUy	AAAAAAAAAAAAAAAA
A	dXBncmFkZS11bmhvbHktYXJtb3I	FFFFFFFFFFFFFFFF
A	dXBncmFkZS13aGlybHdpbmQ	FFFFFFFFFFFFFFFF
I	0	b3JjLTAz	MAP
I	5	aHVtLTA1	MAP
T	VEhJUyBPUFBPTkVOVFMgTjAgRVE	VklDVE9SWQ
T	VEhJUyBUT1RBTCBOMCBFUQ	REVGRUFU
E
M	Y2FtcGFpZ25zL2h1bWFuL2xldmVsMDZo	Li4vY2FtcGFpZ25zL2h1bWFuL2ludGVyZmFjZS9pbnRyb3NjcmVlbjIucG5n	1	Y2FtcGFpZ25zL2h1bWFuL2xldmVsMDZoLWludHJvMS53YXY
A	dW5pdC1hbGNoZW1pc3Q	AAAAAAAAAAAAAAAA
A	dW5pdC1hbHRhci1vZi1zdG9ybXM	FFFFFFFFFFFFFFFF
A	dW5pdC1hcmNoZXI	AAAAAAAAAAAAAAAA
A	dW5pdC1hcnRob3ItbGl0ZXJpb3M	FFFFFFFFFFFFFFFF
A	dW5pdC1heGV0aHJvd2Vy	AAAAAAAAAAAAAAAA
A	dW5pdC1iYWxsaXN0YQ	AAAAAAAAAAAAAAAA
A	dW5pdC1iYWxsb29u	AAAAAAAAAAAAAAAA
A	dW5pdC1iYXR0bGVzaGlw	FFFFFFFFFFFFFFFF
A	dW5pdC1iZWFzdC1jcnk	FFFFFFFFFFFFFFFF
A	dW5pdC1iZXJzZXJrZXI	AAAAAAAAAAAAAAAA
A	dW5pdC1jYXN0bGU	FFFFFFFFFFFFFFFF
A	dW5pdC1jYXRhcHVsdA	AAAAAAAAAAAAAAAA
A	dW5pdC1jaHVyY2g	FFFFFFFFFFFFFFFF
A	dW5pdC1jaXJjbGUtb2YtcG93ZXI	FFFFFFFFFFFFFFFF
A	dW5pdC1jcml0dGVy	FFFFFFFFFFFFFFFF
A	dW5pdC1kYWVtb24	FFFFFFFFFFFFFFFF
A	dW5pdC1kYXJrLXBvcnRhbA	FFFFFFFFFFFFFFFF
A	dW5pdC1kZWFkLXNlYS1ib2R5	FFFFFFFFFFFFFFFF
A	dW5pdC1kZWF0aC1rbmlnaHQ	FFFFFFFFFFFFFFFF
A	dW5pdC1kZXN0cm95ZWQtMXgxLXBsYWNl	FFFFFFFFFFFFFFFF
A	dW5pdC1kZXN0cm95ZWQtMngyLXBsYWNl	FFFFFFFFFFFFFFFF
A	dW5pdC1kZXN0cm95ZWQtM3gzLXBsYWNl	FFFFFFFFFFFFFFFF
A	dW5pdC1kZXN0cm95ZWQtM3gzLXBsYWNlLXdhdGVy	FFFFFFFFFFFFFFFF
A	dW5pdC1kZXN0cm95ZWQtNHg0LXBsYWNl	FFFFFFFFFFFFFFFF
A	dW5pdC1kb3VibGUtaGVhZA	FFFFFFFFFFFFFFFF
A	dW5pdC1kcmFnb24	FFFFFFFFFFFFFFFF
A	dW5pdC1kcmFnb24tcm9vc3Q	FFFFFFFFFFFFFFFF
A	dW5pdC1kd2FydmVz	FFFFFFFFFFFFFFFF
A	dW5pdC1lbHZlbi1sdW1iZXItbWlsbA	AAAAAAAAAAAAAAAA
A	dW5pdC1ldmlsLWtuaWdodA	FFFFFFFFFFFFFFFF
A	dW5pdC1leWUtb2YtdmlzaW9u	FFFFFFFFFFFFFFFF
A	dW5pdC1mYWQtbWFu	FFFFFFFFFFFFFFFF
A	dW5pdC1mYXJt	AAAAAAAAAAAAAAAA
A	dW5pdC1mZW1hbGUtaGVybw	FFFFFFFFFFFFFFFF
A	dW5pdC1maXJlLWJyZWV6ZQ	FFFFFFFFFFFFFFFF
A	dW5pdC1mbHlpbmctYW5nZWw	FFFFFFFFFFFFFFFF
A	dW5pdC1mb290bWFu	AAAAAAAAAAAAAAAA
A	dW5pdC1mb3J0cmVzcw	FFFFFFFFFFFFFFFF
A	dW5pdC1nb2JsaW4tc2FwcGVycw	FFFFFFFFFFFFFFFF
A	dW5pdC1nb2xkLW1pbmU	FFFFFFFFFFFFFFFF
A	dW5pdC1ncmVhdC1oYWxs	AAAAAAAAAAAAAAAA
A	dW5pdC1ncnVudA	AAAAAAAAAAAAAAAA
A	dW5pdC1ncnlwaG9uLWF2aWFyeQ	FFFFFFFFFFFFFFFF
A	dW5pdC1ncnlwaG9uLXJpZGVy	FFFFFFFFFFFFFFFF
A	dW5pdC1odW1hbi1iYXJyYWNrcw	AAAAAAAAAAAAAAAA
A	dW5pdC1odW1hbi1ibGFja3NtaXRo	AAAAAAAAAAAAAAAA
A	dW5pdC1odW1hbi1jYW5ub24tdG93ZXI	AAAAAAAAAAAAAAAA
A	dW5pdC1odW1hbi1kZWFkLWJvZHk	FFFFFFFFFFFFFFFF
A	dW5pdC1odW1hbi1kZXN0cm95ZXI	AAAAAAAAAAAAAAAA
A	dW5pdC1odW1hbi1mb3VuZHJ5	AAAAAAAAAAAAAAAA
A	dW5pdC1odW1hbi1ndWFyZC10b3dlcg	AAAAAAAAAAAAAAAA
A	dW5pdC1odW1hbi1vaWwtcGxhdGZvcm0	AAAAAAAAAAAAAAAA
A	dW5pdC1odW1hbi1vaWwtdGFua2Vy	AAAAAAAAAAAAAAAA
A	dW5pdC1odW1hbi1yZWZpbmVyeQ	AAAAAAAAAAAAAAAA
A	dW5pdC1odW1hbi1zaGlweWFyZA	AAAAAAAAAAAAAAAA
A	dW5pdC1odW1hbi1zdGFydC1sb2NhdGlvbg	FFFFFFFFFFFFFFFF
A	dW5pdC1odW1hbi1zdWJtYXJpbmU	FFFFFFFFFFFFFFFF
A	dW5pdC1odW1hbi10cmFuc3BvcnQ	AAAAAAAAAAAAAAAA
A	dW5pdC1odW1hbi13YWxs	AAAAAAAAAAAAAAAA
A	dW5pdC1odW1hbi13YXRjaC10b3dlcg	AAAAAAAAAAAAAAAA
A	dW5pdC1pY2UtYnJpbmdlcg	FFFFFFFFFFFFFFFF
A	dW5pdC1pbnZlbnRvcg	AAAAAAAAAAAAAAAA
A	dW5pdC1rZWVw	AAAAAAAAAAAAAAAA
A	dW5pdC1rbmlnaHQ	AAAAAAAAAAAAAAAA
A	dW5pdC1rbmlnaHQtcmlkZXI	FFFFFFFFFFFFFFFF
A	dW5pdC1tYWdl	FFFFFFFFFFFFFFFF
A	dW5pdC1tYWdlLXRvd2Vy	FFFFFFFFFFFFFFFF
A	dW5pdC1tYW4tb2YtbGlnaHQ	FFFFFFFFFFFFFFFF
A	dW5pdC1vZ3Jl	AAAAAAAAAAAAAAAA
A	dW5pdC1vZ3JlLWp1Z2dlcm5hdWdodA	FFFFFFFFFFFFFFFF
A	dW5pdC1vZ3JlLW1hZ2U	FFFFFFFFFFFFFFFF
A	dW5pdC1vZ3JlLW1vdW5k	AAAAAAAAAAAAAAAA
A	dW5pdC1vaWwtcGF0Y2g	FFFFFFFFFFFFFFFF
A	dW5pdC1vcmMtYmFycmFja3M	AAAAAAAAAAAAAAAA
A	dW5pdC1vcmMtYmxhY2tzbWl0aA	AAAAAAAAAAAAAAAA
A	dW5pdC1vcmMtY2Fubm9uLXRvd2Vy	AAAAAAAAAAAAAAAA
A	dW5pdC1vcmMtZGVhZC1ib2R5	FFFFFFFFFFFFFFFF
A	dW5pdC1vcmMtZGVzdHJveWVy	AAAAAAAAAAAAAAAA
A	dW5pdC1vcmMtZm91bmRyeQ	AAAAAAAAAAAAAAAA
A	dW5pdC1vcmMtZ3VhcmQtdG93ZXI	AAAAAAAAAAAAAAAA
A	dW5pdC1vcmMtb2lsLXBsYXRmb3Jt	AAAAAAAAAAAAAAAA
A	dW5pdC1vcmMtb2lsLXRhbmtlcg	AAAAAAAAAAAAAAAA
A	dW5pdC1vcmMtcmVmaW5lcnk	AAAAAAAAAAAAAAAA
A	dW5pdC1vcmMtc2hpcHlhcmQ	AAAAAAAAAAAAAAAA
A	dW5pdC1vcmMtc3RhcnQtbG9jYXRpb24	FFFFFFFFFFFFFFFF
A	dW5pdC1vcmMtc3VibWFyaW5l	FFFFFFFFFFFFFFFF
A	dW5pdC1vcmMtdHJhbnNwb3J0	AAAAAAAAAAAAAAAA
A	dW5pdC1vcmMtd2FsbA	AAAAAAAAAAAAAAAA
A	dW5pdC1vcmMtd2F0Y2gtdG93ZXI	AAAAAAAAAAAAAAAA
A	dW5pdC1wYWxhZGlu	FFFFFFFFFFFFFFFF
A	dW5pdC1wZWFzYW50	AAAAAAAAAAAAAAAA
A	dW5pdC1wZW9u	AAAAAAAAAAAAAAAA
A	dW5pdC1waWctZmFybQ	AAAAAAAAAAAAAAAA
A	dW5pdC1xdWljay1ibGFkZQ	FFFFFFFFFFFFFFFF
A	dW5pdC1yYW5nZXI	AAAAAAAAAAAAAAAA
A	dW5pdC1ydW5lc3RvbmU	FFFFFFFFFFFFFFFF
A	dW5pdC1zaGFycC1heGU	FFFFFFFFFFFFFFFF
A	dW5pdC1za2VsZXRvbg	FFFFFFFFFFFFFFFF
A	dW5pdC1zdGFibGVz	AAAAAAAAAAAAAAAA
A	dW5pdC1zdHJvbmdob2xk	AAAAAAAAAAAAAAAA
A	dW5pdC10ZW1wbGUtb2YtdGhlLWRhbW5lZA	FFFFFFFFFFFFFFFF
A	dW5pdC10b3duLWhhbGw	AAAAAAAAAAAAAAAA
A	dW5pdC10cm9sbC1sdW1iZXItbWlsbA	AAAAAAAAAAAAAAAA
A	dW5pdC13aGl0ZS1tYWdl	FFFFFFFFFFFFFFFF
A	dW5pdC13aXNlLW1hbg	FFFFFFFFFFFFFFFF
A	dW5pdC16ZXBwZWxpbg	AAAAAAAAAAAAAAAA
A	dXBncmFkZS1hcnJvdzE	AAAAAAAAAAAAAAAA
A	dXBncmFkZS1hcnJvdzI	AAAAAAAAAAAAAAAA
A	dXBncmFkZS1iYWxsaXN0YTE	AAAAAAAAAAAAAAAA
A	dXBncmFkZS1iYWxsaXN0YTI	AAAAAAAAAAAAAAAA
A	dXBncmFkZS1iYXR0bGUtYXhlMQ	AAAAAAAAAAAAAAAA
A	dXBncmFkZS1iYXR0bGUtYXhlMg	AAAAAAAAAAAAAAAA
A	dXBncmFkZS1iZXJzZXJrZXI	AAAAAAAAAAAAAAAA
A	dXBncmFkZS1iZXJzZXJrZXItcmVnZW5lcmF0aW9u	AAAAAAAAAAAAAAAA
A	dXBncmFkZS1iZXJzZXJrZXItc2NvdXRpbmc	AAAAAAAAAAAAAAAA
A	dXBncmFkZS1ibGl6emFyZA	FFFFFFFFFFFFFFFF
A	dXBncmFkZS1ibG9vZGx1c3Q	FFFFFFFFFFFFFFFF
A	dXBncmFkZS1ibG9vZGx1c3QtZG91YmxlLWhlYWQ	RRRRRRRRRRRRRRRR
A	dXBncmFkZS1jYXRhcHVsdDE	AAAAAAAAAAAAAAAA
A	dXBncmFkZS1jYXRhcHVsdDI	AAAAAAAAAAAAAAAA
A	dXBncmFkZS1kZWF0aC1hbmQtZGVjYXk	FFFFFFFFFFFFFFFF
A	dXBncmFkZS1kZWF0aC1jb2ls	RRRRRRRRRRRRRRRR
A	dXBncmFkZS1leG9yY2lzbQ	FFFFFFFFFFFFFFFF
A	dXBncmFkZS1leWUtb2Yta2lscm9nZw	RRRRRRRRRRRRRRRR
A	dXBncmFkZS1leWUtb2Yta2lscm9nZy1kb3VibGUtaGVhZA	RRRRRRRRRRRRRRRR
A	dXBncmFkZS1maXJlYmFsbA	RRRRRRRRRRRRRRRR
A	dXBncmFkZS1mbGFtZS1zaGllbGQ	FFFFFFFFFFFFFFFF
A	dXBncmFkZS1oYXN0ZQ	FFFFFFFFFFFFFFFF
A	dXBncmFkZS1oZWFsaW5n	FFFFFFFFFFFFFFFF
A	dXBncmFkZS1ob2x5LXZpc2lvbg	RRRRRRRRRRRRRRRR
A	dXBncmFkZS1odW1hbi1zaGllbGQx	AAAAAAAAAAAAAAAA
A	dXBncmFkZS1odW1hbi1zaGllbGQy	AAAAAAAAAAAAAAAA
A	dXBncmFkZS1odW1hbi1zaGlwLWFybW9yMQ	AAAAAAAAAAAAAAAA
A	dXBncmFkZS1odW1hbi1zaGlwLWFybW9yMg	FFFFFFFFFFFFFFFF
A	dXBncmFkZS1odW1hbi1zaGlwLWNhbm5vbjE	AAAAAAAAAAAAAAAA
A	dXBncmFkZS1odW1hbi1zaGlwLWNhbm5vbjI	FFFFFFFFFFFFFFFF
A	dXBncmFkZS1pbnZpc2liaWxpdHk	FFFFFFFFFFFFFFFF
A	dXBncmFkZS1saWdodC1heGVz	AAAAAAAAAAAAAAAA
A	dXBncmFkZS1sb25nYm93	AAAAAAAAAAAAAAAA
A	dXBncmFkZS1vZ3JlLW1hZ2U	FFFFFFFFFFFFFFFF
A	dXBncmFkZS1vcmMtc2hpZWxkMQ	AAAAAAAAAAAAAAAA
A	dXBncmFkZS1vcmMtc2hpZWxkMg	AAAAAAAAAAAAAAAA
A	dXBncmFkZS1vcmMtc2hpcC1hcm1vcjE	AAAAAAAAAAAAAAAA
A	dXBncmFkZS1vcmMtc2hpcC1hcm1vcjI	FFFFFFFFFFFFFFFF
A	dXBncmFkZS1vcmMtc2hpcC1jYW5ub24x	AAAAAAAAAAAAAAAA
A	dXBncmFkZS1vcmMtc2hpcC1jYW5ub24y	FFFFFFFFFFFFFFFF
A	dXBncmFkZS1wYWxhZGlu	FFFFFFFFFFFFFFFF
A	dXBncmFkZS1wb2x5bW9ycGg	FFFFFFFFFFFFFFFF
A	dXBncmFkZS1yYWlzZS1kZWFk	FFFFFFFFFFFFFFFF
A	dXBncmFkZS1yYW5nZXI	AAAAAAAAAAAAAAAA
A	dXBncmFkZS1yYW5nZXItbWFya3NtYW5zaGlw	AAAAAAAAAAAAAAAA
A	dXBncmFkZS1yYW5nZXItc2NvdXRpbmc	AAAAAAAAAAAAAAAA
A	dXBncmFkZS1ydW5lcw	FFFFFFFFFFFFFFFF
A	dXBncmFkZS1ydW5lcy1kb3VibGUtaGVhZA	RRRRRRRRRRRRRRRR
A	dXBncmFkZS1zbG93	FFFFFFFFFFFFFFFF
A	dXBncmFkZS1zd29yZDE	AAAAAAAAAAAAAAAA
A	dXBncmFkZS1zd29yZDI	AAAAAAAAAAAAAAAA
A	dXBncmFkZS10aHJvd2luZy1heGUx	AAAAAAAAAAAAAAAA
A	dXBncmFkZS10aHJvd2luZy1heGUy	AAAAAAAAAAAAAAAA
A	dXBncmFkZS11bmhvbHktYXJtb3I	FFFFFFFFFFFFFFFF
A	dXBncmFkZS13aGlybHdpbmQ	FFFFFFFFFFFFFFFF
I	5	aHVtLTA2	MAP
T	VEhJUyBPUFBPTkVOVFMgTjAgRVE	VklDVE9SWQ
T	VEhJUyBUT1RBTCBOMCBFUQ	REVGRUFU
E
M	Y2FtcGFpZ25zL2h1bWFuL2xldmVsMDdo	Li4vY2FtcGFpZ25zL2h1bWFuL2ludGVyZmFjZS9pbnRyb3NjcmVlbjMucG5n	2	Y2FtcGFpZ25zL2h1bWFuL2xldmVsMDdoLWludHJvMS53YXY	Y2FtcGFpZ25zL2h1bWFuL2xldmVsMDdoLWludHJvMi53YXY
A	dW5pdC1hbGNoZW1pc3Q	AAAAAAAAAAAAAAAA
A	dW5pdC1hbHRhci1vZi1zdG9ybXM	FFFFFFFFFFFFFFFF
A	dW5pdC1hcmNoZXI	AAAAAAAAAAAAAAAA
A	dW5pdC1hcnRob3ItbGl0ZXJpb3M	FFFFFFFFFFFFFFFF
A	dW5pdC1heGV0aHJvd2Vy	AAAAAAAAAAAAAAAA
A	dW5pdC1iYWxsaXN0YQ	AAAAAAAAAAAAAAAA
A	dW5pdC1iYWxsb29u	AAAAAAAAAAAAAAAA
A	dW5pdC1iYXR0bGVzaGlw	AAAAAAAAAAAAAAAA
A	dW5pdC1iZWFzdC1jcnk	FFFFFFFFFFFFFFFF
A	dW5pdC1iZXJzZXJrZXI	AAAAAAAAAAAAAAAA
A	dW5pdC1jYXN0bGU	FFFFFFFFFFFFFFFF
A	dW5pdC1jYXRhcHVsdA	AAAAAAAAAAAAAAAA
A	dW5pdC1jaHVyY2g	FFFFFFFFFFFFFFFF
A	dW5pdC1jaXJjbGUtb2YtcG93ZXI	FFFFFFFFFFFFFFFF
A	dW5pdC1jcml0dGVy	FFFFFFFFFFFFFFFF
A	dW5pdC1kYWVtb24	FFFFFFFFFFFFFFFF
A	dW5pdC1kYXJrLXBvcnRhbA	FFFFFFFFFFFFFFFF
A	dW5pdC1kZWFkLXNlYS1ib2R5	FFFFFFFFFFFFFFFF
A	dW5pdC1kZWF0aC1rbmlnaHQ	FFFFFFFFFFFFFFFF
A	dW5pdC1kZXN0cm95ZWQtMXgxLXBsYWNl	FFFFFFFFFFFFFFFF
A	dW5pdC1kZXN0cm95ZWQtMngyLXBsYWNl	FFFFFFFFFFFFFFFF
A	dW5pdC1kZXN0cm95ZWQtM3gzLXBsYWNl	FFFFFFFFFFFFFFFF
A	dW5pdC1kZXN0cm95ZWQtM3gzLXBsYWNlLXdhdGVy	FFFFFFFFFFFFFFFF
A	dW5pdC1kZXN0cm95ZWQtNHg0LXBsYWNl	FFFFFFFFFFFFFFFF
A	dW5pdC1kb3VibGUtaGVhZA	FFFFFFFFFFFFFFFF
A	dW5pdC1kcmFnb24	FFFFFFFFFFFFFFFF
A	dW5pdC1kcmFnb24tcm9vc3Q	FFFFFFFFFFFFFFFF
A	dW5pdC1kd2FydmVz	FFFFFFFFFFFFFFFF
A	dW5pdC1lbHZlbi1sdW1iZXItbWlsbA	AAAAAAAAAAAAAAAA
A	dW5pdC1ldmlsLWtuaWdodA	FFFFFFFFFFFFFFFF
A	dW5pdC1leWUtb2YtdmlzaW9u	FFFFFFFFFFFFFFFF
A	dW5pdC1mYWQtbWFu	FFFFFFFFFFFFFFFF
A	dW5pdC1mYXJt	AAAAAAAAAAAAAAAA
A	dW5pdC1mZW1hbGUtaGVybw	FFFFFFFFFFFFFFFF
A	dW5pdC1maXJlLWJyZWV6ZQ	FFFFFFFFFFFFFFFF
A	dW5pdC1mbHlpbmctYW5nZWw	FFFFFFFFFFFFFFFF
A	dW5pdC1mb290bWFu	AAAAAAAAAAAAAAAA
A	dW5pdC1mb3J0cmVzcw	FFFFFFFFFFFFFFFF
A	dW5pdC1nb2JsaW4tc2FwcGVycw	FFFFFFFFFFFFFFFF
A	dW5pdC1nb2xkLW1pbmU	FFFFFFFFFFFFFFFF
A	dW5pdC1ncmVhdC1oYWxs	AAAAAAAAAAAAAAAA
A	dW5pdC1ncnVudA	AAAAAAAAAAAAAAAA
A	dW5pdC1ncnlwaG9uLWF2aWFyeQ	FFFFFFFFFFFFFFFF
A	dW5pdC1ncnlwaG9uLXJpZGVy	FFFFFFFFFFFFFFFF
A	dW5pdC1odW1hbi1iYXJyYWNrcw	AAAAAAAAAAAAAAAA
A	dW5pdC1odW1hbi1ibGFja3NtaXRo	AAAAAAAAAAAAAAAA
A	dW5pdC1odW1hbi1jYW5ub24tdG93ZXI	AAAAAAAAAAAAAAAA
A	dW5pdC1odW1hbi1kZWFkLWJvZHk	FFFFFFFFFFFFFFFF
A	dW5pdC1odW1hbi1kZXN0cm95ZXI	AAAAAAAAAAAAAAAA
A	dW5pdC1odW1hbi1mb3VuZHJ5	AAAAAAAAAAAAAAAA
A	dW5pdC1odW1hbi1ndWFyZC10b3dlcg	AAAAAAAAAAAAAAAA
A	dW5pdC1odW1hbi1vaWwtcGxhdGZvcm0	AAAAAAAAAAAAAAAA
A	dW5pdC1odW1hbi1vaWwtdGFua2Vy	AAAAAAAAAAAAAAAA
A	dW5pdC1odW1hbi1yZWZpbmVyeQ	AAAAAAAAAAAAAAAA
A	dW5pdC1odW1hbi1zaGlweWFyZA	AAAAAAAAAAAAAAAA
A	dW5pdC1odW1hbi1zdGFydC1sb2NhdGlvbg	FFFFFFFFFFFFFFFF
A	dW5pdC1odW1hbi1zdWJtYXJpbmU	FFFFFFFFFFFFFFFF
A	dW5pdC1odW1hbi10cmFuc3BvcnQ	AAAAAAAAAAAAAAAA
A	dW5pdC1odW1hbi13YWxs	AAAAAAAAAAAAAAAA
A	dW5pdC1odW1hbi13YXRjaC10b3dlcg	AAAAAAAAAAAAAAAA
A	dW5pdC1pY2UtYnJpbmdlcg	FFFFFFFFFFFFFFFF
A	dW5pdC1pbnZlbnRvcg	AAAAAAAAAAAAAAAA
A	dW5pdC1rZWVw	AAAAAAAAAAAAAAAA
A	dW5pdC1rbmlnaHQ	AAAAAAAAAAAAAAAA
A	dW5pdC1rbmlnaHQtcmlkZXI	FFFFFFFFFFFFFFFF
A	dW5pdC1tYWdl	FFFFFFFFFFFFFFFF
A	dW5pdC1tYWdlLXRvd2Vy	FFFFFFFFFFFFFFFF
A	dW5pdC1tYW4tb2YtbGlnaHQ	FFFFFFFFFFFFFFFF
A	dW5pdC1vZ3Jl	AAAAAAAAAAAAAAAA
A	dW5pdC1vZ3JlLWp1Z2dlcm5hdWdodA	AAAAAAAAAAAAAAAA
A	dW5pdC1vZ3JlLW1hZ2U	FFFFFFFFFFFFFFFF
A	dW5pdC1vZ3JlLW1vdW5k	AAAAAAAAAAAAAAAA
A	dW5pdC1vaWwtcGF0Y2g	FFFFFFFFFFFFFFFF
A	dW5pdC1vcmMtYmFycmFja3M	AAAAAAAAAAAAAAAA
A	dW5pdC1vcmMtYmxhY2tzbWl0aA	AAAAAAAAAAAAAAAA
A	dW5pdC1vcmMtY2Fubm9uLXRvd2Vy	AAAAAAAAAAAAAAAA
A	dW5pdC1vcmMtZGVhZC1ib2R5	FFFFFFFFFFFFFFFF
A	dW5pdC1vcmMtZGVzdHJveWVy	AAAAAAAAAAAAAAAA
A	dW5pdC1vcmMtZm91bmRyeQ	AAAAAAAAAAAAAAAA
A	dW5pdC1vcmMtZ3VhcmQtdG93ZXI	AAAAAAAAAAAAAAAA
A	dW5pdC1vcmMtb2lsLXBsYXRmb3Jt	AAAAAAAAAAAAAAAA
A	dW5pdC1vcmMtb2lsLXRhbmtlcg	AAAAAAAAAAAAAAAA
A	dW5pdC1vcmMtcmVmaW5lcnk	AAAAAAAAAAAAAAAA
A	dW5pdC1vcmMtc2hpcHlhcmQ	AAAAAAAAAAAAAAAA
A	dW5pdC1vcmMtc3RhcnQtbG9jYXRpb24	FFFFFFFFFFFFFFFF
A	dW5pdC1vcmMtc3VibWFyaW5l	FFFFFFFFFFFFFFFF
A	dW5pdC1vcmMtdHJhbnNwb3J0	AAAAAAAAAAAAAAAA
A	dW5pdC1vcmMtd2FsbA	AAAAAAAAAAAAAAAA
A	dW5pdC1vcmMtd2F0Y2gtdG93ZXI	AAAAAAAAAAAAAAAA
A	dW5pdC1wYWxhZGlu	FFFFFFFFFFFFFFFF
A	dW5pdC1wZWFzYW50	AAAAAAAAAAAAAAAA
A	dW5pdC1wZW9u	AAAAAAAAAAAAAAAA
A	dW5pdC1waWctZmFybQ	AAAAAAAAAAAAAAAA
A	dW5pdC1xdWljay1ibGFkZQ	FFFFFFFFFFFFFFFF
A	dW5pdC1yYW5nZXI	AAAAAAAAAAAAAAAA
A	dW5pdC1ydW5lc3RvbmU	FFFFFFFFFFFFFFFF
A	dW5pdC1zaGFycC1heGU	FFFFFFFFFFFFFFFF
A	dW5pdC1za2VsZXRvbg	FFFFFFFFFFFFFFFF
A	dW5pdC1zdGFibGVz	AAAAAAAAAAAAAAAA
A	dW5pdC1zdHJvbmdob2xk	AAAAAAAAAAAAAAAA
A	dW5pdC10ZW1wbGUtb2YtdGhlLWRhbW5lZA	FFFFFFFFFFFFFFFF
A	dW5pdC10b3duLWhhbGw	AAAAAAAAAAAAAAAA
A	dW5pdC10cm9sbC1sdW1iZXItbWlsbA	AAAAAAAAAAAAAAAA
A	dW5pdC13aGl0ZS1tYWdl	FFFFFFFFFFFFFFFF
A	dW5pdC13aXNlLW1hbg	FFFFFFFFFFFFFFFF
A	dW5pdC16ZXBwZWxpbg	AAAAAAAAAAAAAAAA
A	dXBncmFkZS1hcnJvdzE	AAAAAAAAAAAAAAAA
A	dXBncmFkZS1hcnJvdzI	AAAAAAAAAAAAAAAA
A	dXBncmFkZS1iYWxsaXN0YTE	AAAAAAAAAAAAAAAA
A	dXBncmFkZS1iYWxsaXN0YTI	AAAAAAAAAAAAAAAA
A	dXBncmFkZS1iYXR0bGUtYXhlMQ	AAAAAAAAAAAAAAAA
A	dXBncmFkZS1iYXR0bGUtYXhlMg	AAAAAAAAAAAAAAAA
A	dXBncmFkZS1iZXJzZXJrZXI	AAAAAAAAAAAAAAAA
A	dXBncmFkZS1iZXJzZXJrZXItcmVnZW5lcmF0aW9u	AAAAAAAAAAAAAAAA
A	dXBncmFkZS1iZXJzZXJrZXItc2NvdXRpbmc	AAAAAAAAAAAAAAAA
A	dXBncmFkZS1ibGl6emFyZA	FFFFFFFFFFFFFFFF
A	dXBncmFkZS1ibG9vZGx1c3Q	FFFFFFFFFFFFFFFF
A	dXBncmFkZS1ibG9vZGx1c3QtZG91YmxlLWhlYWQ	RRRRRRRRRRRRRRRR
A	dXBncmFkZS1jYXRhcHVsdDE	AAAAAAAAAAAAAAAA
A	dXBncmFkZS1jYXRhcHVsdDI	AAAAAAAAAAAAAAAA
A	dXBncmFkZS1kZWF0aC1hbmQtZGVjYXk	FFFFFFFFFFFFFFFF
A	dXBncmFkZS1kZWF0aC1jb2ls	RRRRRRRRRRRRRRRR
A	dXBncmFkZS1leG9yY2lzbQ	FFFFFFFFFFFFFFFF
A	dXBncmFkZS1leWUtb2Yta2lscm9nZw	RRRRRRRRRRRRRRRR
A	dXBncmFkZS1leWUtb2Yta2lscm9nZy1kb3VibGUtaGVhZA	RRRRRRRRRRRRRRRR
A	dXBncmFkZS1maXJlYmFsbA	RRRRRRRRRRRRRRRR
A	dXBncmFkZS1mbGFtZS1zaGllbGQ	FFFFFFFFFFFFFFFF
A	dXBncmFkZS1oYXN0ZQ	FFFFFFFFFFFFFFFF
A	dXBncmFkZS1oZWFsaW5n	FFFFFFFFFFFFFFFF
A	dXBncmFkZS1ob2x5LXZpc2lvbg	RRRRRRRRRRRRRRRR
A	dXBncmFkZS1odW1hbi1zaGllbGQx	AAAAAAAAAAAAAAAA
A	dXBncmFkZS1odW1hbi1zaGllbGQy	AAAAAAAAAAAAAAAA
A	dXBncmFkZS1odW1hbi1zaGlwLWFybW9yMQ	AAAAAAAAAAAAAAAA
A	dXBncmFkZS1odW1hbi1zaGlwLWFybW9yMg	AAAAAAAAAAAAAAAA
A	dXBncmFkZS1odW1hbi1zaGlwLWNhbm5vbjE	AAAAAAAAAAAAAAAA
A	dXBncmFkZS1odW1hbi1zaGlwLWNhbm5vbjI	AAAAAAAAAAAAAAAA
A	dXBncmFkZS1pbnZpc2liaWxpdHk	FFFFFFFFFFFFFFFF
A	dXBncmFkZS1saWdodC1heGVz	AAAAAAAAAAAAAAAA
A	dXBncmFkZS1sb25nYm93	AAAAAAAAAAAAAAAA
A	dXBncmFkZS1vZ3JlLW1hZ2U	FFFFFFFFFFFFFFFF
A	dXBncmFkZS1vcmMtc2hpZWxkMQ	AAAAAAAAAAAAAAAA
A	dXBncmFkZS1vcmMtc2hpZWxkMg	AAAAAAAAAAAAAAAA
A	dXBncmFkZS1vcmMtc2hpcC1hcm1vcjE	AAAAAAAAAAAAAAAA
A	dXBncmFkZS1vcmMtc2hpcC1hcm1vcjI	AAAAAAAAAAAAAAAA
A	dXBncmFkZS1vcmMtc2hpcC1jYW5ub24x	AAAAAAAAAAAAAAAA
A	dXBncmFkZS1vcmMtc2hpcC1jYW5ub24y	AAAAAAAAAAAAAAAA
A	dXBncmFkZS1wYWxhZGlu	FFFFFFFFFFFFFFFF
A	dXBncmFkZS1wb2x5bW9ycGg	FFFFFFFFFFFFFFFF
A	dXBncmFkZS1yYWlzZS1kZWFk	FFFFFFFFFFFFFFFF
A	dXBncmFkZS1yYW5nZXI	AAAAAAAAAAAAAAAA
A	dXBncmFkZS1yYW5nZXItbWFya3NtYW5zaGlw	AAAAAAAAAAAAAAAA
A	dXBncmFkZS1yYW5nZXItc2NvdXRpbmc	AAAAAAAAAAAAAAAA
A	dXBncmFkZS1ydW5lcw	FFFFFFFFFFFFFFFF
A	dXBncmFkZS1ydW5lcy1kb3VibGUtaGVhZA	RRRRRRRRRRRRRRRR
A	dXBncmFkZS1zbG93	FFFFFFFFFFFFFFFF
A	dXBncmFkZS1zd29yZDE	AAAAAAAAAAAAAAAA
A	dXBncmFkZS1zd29yZDI	AAAAAAAAAAAAAAAA
A	dXBncmFkZS10aHJvd2luZy1heGUx	AAAAAAAAAAAAAAAA
A	dXBncmFkZS10aHJvd2luZy1heGUy	AAAAAAAAAAAAAAAA
A	dXBncmFkZS11bmhvbHktYXJtb3I	FFFFFFFFFFFFFFFF
A	dXBncmFkZS13aGlybHdpbmQ	FFFFFFFFFFFFFFFF
I	2	aHVtLTA3	MAP
I	5	d2MyLXBhc3NpdmU	MAP
T	TjIgUWRXNXBkQzF2Y21NdGNtVm1hVzVsY25rIFVOSVRfQ09VTlQgTjAgRVE	VklDVE9SWQ
T	VEhJUyBUT1RBTCBOMCBFUQ	REVGRUFU
E
M	Y2FtcGFpZ25zL2h1bWFuL2xldmVsMDho	Li4vY2FtcGFpZ25zL2h1bWFuL2ludGVyZmFjZS9pbnRyb3NjcmVlbjMucG5n	2	Y2FtcGFpZ25zL2h1bWFuL2xldmVsMDhoLWludHJvMS53YXY	Y2FtcGFpZ25zL2h1bWFuL2xldmVsMDhoLWludHJvMi53YXY
A	dW5pdC1hbGNoZW1pc3Q	AAAAAAAAAAAAAAAA
A	dW5pdC1hbHRhci1vZi1zdG9ybXM	AAAAAAAAAAAAAAAA
A	dW5pdC1hcmNoZXI	AAAAAAAAAAAAAAAA
A	dW5pdC1hcnRob3ItbGl0ZXJpb3M	FFFFFFFFFFFFFFFF
A	dW5pdC1heGV0aHJvd2Vy	AAAAAAAAAAAAAAAA
A	dW5pdC1iYWxsaXN0YQ	AAAAAAAAAAAAAAAA
A	dW5pdC1iYWxsb29u	AAAAAAAAAAAAAAAA
A	dW5pdC1iYXR0bGVzaGlw	AAAAAAAAAAAAAAAA
A	dW5pdC1iZWFzdC1jcnk	FFFFFFFFFFFFFFFF
A	dW5pdC1iZXJzZXJrZXI	AAAAAAAAAAAAAAAA
A	dW5pdC1jYXN0bGU	AAAAAAAAAAAAAAAA
A	dW5pdC1jYXRhcHVsdA	AAAAAAAAAAAAAAAA
A	dW5pdC1jaHVyY2g	AAAAAAAAAAAAAAAA
A	dW5pdC1jaXJjbGUtb2YtcG93ZXI	FFFFFFFFFFFFFFFF
A	dW5pdC1jcml0dGVy	FFFFFFFFFFFFFFFF
A	dW5pdC1kYWVtb24	FFFFFFFFFFFFFFFF
A	dW5pdC1kYXJrLXBvcnRhbA	FFFFFFFFFFFFFFFF
A	dW5pdC1kZWFkLXNlYS1ib2R5	FFFFFFFFFFFFFFFF
A	dW5pdC1kZWF0aC1rbmlnaHQ	FFFFFFFFFFFFFFFF
A	dW5pdC1kZXN0cm95ZWQtMXgxLXBsYWNl	FFFFFFFFFFFFFFFF
A	dW5pdC1kZXN0cm95ZWQtMngyLXBsYWNl	FFFFFFFFFFFFFFFF
A	dW5pdC1kZXN0cm95ZWQtM3gzLXBsYWNl	FFFFFFFFFFFFFFFF
A	dW5pdC1kZXN0cm95ZWQtM3gzLXBsYWNlLXdhdGVy	FFFFFFFFFFFFFFFF
A	dW5pdC1kZXN0cm95ZWQtNHg0LXBsYWNl	FFFFFFFFFFFFFFFF
A	dW5pdC1kb3VibGUtaGVhZA	FFFFFFFFFFFFFFFF
A	dW5pdC1kcmFnb24	FFFFFFFFFFFFFFFF
A	dW5pdC1kcmFnb24tcm9vc3Q	FFFFFFFFFFFFFFFF
A	dW5pdC1kd2FydmVz	FFFFFFFFFFFFFFFF
A	dW5pdC1lbHZlbi1sdW1iZXItbWlsbA	AAAAAAAAAAAAAAAA
A	dW5pdC1ldmlsLWtuaWdodA	FFFFFFFFFFFFFFFF
A	dW5pdC1leWUtb2YtdmlzaW9u	FFFFFFFFFFFFFFFF
A	dW5pdC1mYWQtbWFu	FFFFFFFFFFFFFFFF
A	dW5pdC1mYXJt	AAAAAAAAAAAAAAAA
A	dW5pdC1mZW1hbGUtaGVybw	FFFFFFFFFFFFFFFF
A	dW5pdC1maXJlLWJyZWV6ZQ	FFFFFFFFFFFFFFFF
A	dW5pdC1mbHlpbmctYW5nZWw	FFFFFFFFFFFFFFFF
A	dW5pdC1mb290bWFu	AAAAAAAAAAAAAAAA
A	dW5pdC1mb3J0cmVzcw	AAAAAAAAAAAAAAAA
A	dW5pdC1nb2JsaW4tc2FwcGVycw	FFFFFFFFFFFFFFFF
A	dW5pdC1nb2xkLW1pbmU	FFFFFFFFFFFFFFFF
A	dW5pdC1ncmVhdC1oYWxs	AAAAAAAAAAAAAAAA
A	dW5pdC1ncnVudA	AAAAAAAAAAAAAAAA
A	dW5pdC1ncnlwaG9uLWF2aWFyeQ	FFFFFFFFFFFFFFFF
A	dW5pdC1ncnlwaG9uLXJpZGVy	FFFFFFFFFFFFFFFF
A	dW5pdC1odW1hbi1iYXJyYWNrcw	AAAAAAAAAAAAAAAA
A	dW5pdC1odW1hbi1ibGFja3NtaXRo	AAAAAAAAAAAAAAAA
A	dW5pdC1odW1hbi1jYW5ub24tdG93ZXI	AAAAAAAAAAAAAAAA
A	dW5pdC1odW1hbi1kZWFkLWJvZHk	FFFFFFFFFFFFFFFF
A	dW5pdC1odW1hbi1kZXN0cm95ZXI	AAAAAAAAAAAAAAAA
A	dW5pdC1odW1hbi1mb3VuZHJ5	AAAAAAAAAAAAAAAA
A	dW5pdC1odW1hbi1ndWFyZC10b3dlcg	AAAAAAAAAAAAAAAA
A	dW5pdC1odW1hbi1vaWwtcGxhdGZvcm0	AAAAAAAAAAAAAAAA
A	dW5pdC1odW1hbi1vaWwtdGFua2Vy	AAAAAAAAAAAAAAAA
A	dW5pdC1odW1hbi1yZWZpbmVyeQ	AAAAAAAAAAAAAAAA
A	dW5pdC1odW1hbi1zaGlweWFyZA	AAAAAAAAAAAAAAAA
A	dW5pdC1odW1hbi1zdGFydC1sb2NhdGlvbg	FFFFFFFFFFFFFFFF
A	dW5pdC1odW1hbi1zdWJtYXJpbmU	FFFFFFFFFFFFFFFF
A	dW5pdC1odW1hbi10cmFuc3BvcnQ	AAAAAAAAAAAAAAAA
A	dW5pdC1odW1hbi13YWxs	AAAAAAAAAAAAAAAA
A	dW5pdC1odW1hbi13YXRjaC10b3dlcg	AAAAAAAAAAAAAAAA
A	dW5pdC1pY2UtYnJpbmdlcg	FFFFFFFFFFFFFFFF
A	dW5pdC1pbnZlbnRvcg	AAAAAAAAAAAAAAAA
A	dW5pdC1rZWVw	AAAAAAAAAAAAAAAA
A	dW5pdC1rbmlnaHQ	AAAAAAAAAAAAAAAA
A	dW5pdC1rbmlnaHQtcmlkZXI	FFFFFFFFFFFFFFFF
A	dW5pdC1tYWdl	FFFFFFFFFFFFFFFF
A	dW5pdC1tYWdlLXRvd2Vy	FFFFFFFFFFFFFFFF
A	dW5pdC1tYW4tb2YtbGlnaHQ	FFFFFFFFFFFFFFFF
A	dW5pdC1vZ3Jl	AAAAAAAAAAAAAAAA
A	dW5pdC1vZ3JlLWp1Z2dlcm5hdWdodA	AAAAAAAAAAAAAAAA
A	dW5pdC1vZ3JlLW1hZ2U	AAAAAAAAAAAAAAAA
A	dW5pdC1vZ3JlLW1vdW5k	AAAAAAAAAAAAAAAA
A	dW5pdC1vaWwtcGF0Y2g	FFFFFFFFFFFFFFFF
A	dW5pdC1vcmMtYmFycmFja3M	AAAAAAAAAAAAAAAA
A	dW5pdC1vcmMtYmxhY2tzbWl0aA	AAAAAAAAAAAAAAAA
A	dW5pdC1vcmMtY2Fubm9uLXRvd2Vy	AAAAAAAAAAAAAAAA
A	dW5pdC1vcmMtZGVhZC1ib2R5	FFFFFFFFFFFFFFFF
A	dW5pdC1vcmMtZGVzdHJveWVy	AAAAAAAAAAAAAAAA
A	dW5pdC1vcmMtZm91bmRyeQ	AAAAAAAAAAAAAAAA
A	dW5pdC1vcmMtZ3VhcmQtdG93ZXI	AAAAAAAAAAAAAAAA
A	dW5pdC1vcmMtb2lsLXBsYXRmb3Jt	AAAAAAAAAAAAAAAA
A	dW5pdC1vcmMtb2lsLXRhbmtlcg	AAAAAAAAAAAAAAAA
A	dW5pdC1vcmMtcmVmaW5lcnk	AAAAAAAAAAAAAAAA
A	dW5pdC1vcmMtc2hpcHlhcmQ	AAAAAAAAAAAAAAAA
A	dW5pdC1vcmMtc3RhcnQtbG9jYXRpb24	FFFFFFFFFFFFFFFF
A	dW5pdC1vcmMtc3VibWFyaW5l	FFFFFFFFFFFFFFFF
A	dW5pdC1vcmMtdHJhbnNwb3J0	AAAAAAAAAAAAAAAA
A	dW5pdC1vcmMtd2FsbA	AAAAAAAAAAAAAAAA
A	dW5pdC1vcmMtd2F0Y2gtdG93ZXI	AAAAAAAAAAAAAAAA
A	dW5pdC1wYWxhZGlu	AAAAAAAAAAAAAAAA
A	dW5pdC1wZWFzYW50	AAAAAAAAAAAAAAAA
A	dW5pdC1wZW9u	AAAAAAAAAAAAAAAA
A	dW5pdC1waWctZmFybQ	AAAAAAAAAAAAAAAA
A	dW5pdC1xdWljay1ibGFkZQ	FFFFFFFFFFFFFFFF
A	dW5pdC1yYW5nZXI	AAAAAAAAAAAAAAAA
A	dW5pdC1ydW5lc3RvbmU	FFFFFFFFFFFFFFFF
A	dW5pdC1zaGFycC1heGU	FFFFFFFFFFFFFFFF
A	dW5pdC1za2VsZXRvbg	FFFFFFFFFFFFFFFF
A	dW5pdC1zdGFibGVz	AAAAAAAAAAAAAAAA
A	dW5pdC1zdHJvbmdob2xk	AAAAAAAAAAAAAAAA
A	dW5pdC10ZW1wbGUtb2YtdGhlLWRhbW5lZA	FFFFFFFFFFFFFFFF
A	dW5pdC10b3duLWhhbGw	AAAAAAAAAAAAAAAA
A	dW5pdC10cm9sbC1sdW1iZXItbWlsbA	AAAAAAAAAAAAAAAA
A	dW5pdC13aGl0ZS1tYWdl	FFFFFFFFFFFFFFFF
A	dW5pdC13aXNlLW1hbg	FFFFFFFFFFFFFFFF
A	dW5pdC16ZXBwZWxpbg	AAAAAAAAAAAAAAAA
A	dXBncmFkZS1hcnJvdzE	AAAAAAAAAAAAAAAA
A	dXBncmFkZS1hcnJvdzI	AAAAAAAAAAAAAAAA
A	dXBncmFkZS1iYWxsaXN0YTE	AAAAAAAAAAAAAAAA
A	dXBncmFkZS1iYWxsaXN0YTI	AAAAAAAAAAAAAAAA
A	dXBncmFkZS1iYXR0bGUtYXhlMQ	AAAAAAAAAAAAAAAA
A	dXBncmFkZS1iYXR0bGUtYXhlMg	AAAAAAAAAAAAAAAA
A	dXBncmFkZS1iZXJzZXJrZXI	AAAAAAAAAAAAAAAA
A	dXBncmFkZS1iZXJzZXJrZXItcmVnZW5lcmF0aW9u	AAAAAAAAAAAAAAAA
A	dXBncmFkZS1iZXJzZXJrZXItc2NvdXRpbmc	AAAAAAAAAAAAAAAA
A	dXBncmFkZS1ibGl6emFyZA	FFFFFFFFFFFFFFFF
A	dXBncmFkZS1ibG9vZGx1c3Q	AAAAAAAAAAAAAAAA
A	dXBncmFkZS1ibG9vZGx1c3QtZG91YmxlLWhlYWQ	RRRRRRRRRRRRRRRR
A	dXBncmFkZS1jYXRhcHVsdDE	AAAAAAAAAAAAAAAA
A	dXBncmFkZS1jYXRhcHVsdDI	AAAAAAAAAAAAAAAA
A	dXBncmFkZS1kZWF0aC1hbmQtZGVjYXk	FFFFFFFFFFFFFFFF
A	dXBncmFkZS1kZWF0aC1jb2ls	RRRRRRRRRRRRRRRR
A	dXBncmFkZS1leG9yY2lzbQ	FFFFFFFFFFFFFFFF
A	dXBncmFkZS1leWUtb2Yta2lscm9nZw	AAAAAAAAAAAAAAAA
A	dXBncmFkZS1leWUtb2Yta2lscm9nZy1kb3VibGUtaGVhZA	RRRRRRRRRRRRRRRR
A	dXBncmFkZS1maXJlYmFsbA	RRRRRRRRRRRRRRRR
A	dXBncmFkZS1mbGFtZS1zaGllbGQ	FFFFFFFFFFFFFFFF
A	dXBncmFkZS1oYXN0ZQ	FFFFFFFFFFFFFFFF
A	dXBncmFkZS1oZWFsaW5n	AAAAAAAAAAAAAAAA
A	dXBncmFkZS1ob2x5LXZpc2lvbg	AAAAAAAAAAAAAAAA
A	dXBncmFkZS1odW1hbi1zaGllbGQx	AAAAAAAAAAAAAAAA
A	dXBncmFkZS1odW1hbi1zaGllbGQy	AAAAAAAAAAAAAAAA
A	dXBncmFkZS1odW1hbi1zaGlwLWFybW9yMQ	AAAAAAAAAAAAAAAA
A	dXBncmFkZS1odW1hbi1zaGlwLWFybW9yMg	AAAAAAAAAAAAAAAA
A	dXBncmFkZS1odW1hbi1zaGlwLWNhbm5vbjE	AAAAAAAAAAAAAAAA
A	dXBncmFkZS1odW1hbi1zaGlwLWNhbm5vbjI	AAAAAAAAAAAAAAAA
A	dXBncmFkZS1pbnZpc2liaWxpdHk	FFFFFFFFFFFFFFFF
A	dXBncmFkZS1saWdodC1heGVz	AAAAAAAAAAAAAAAA
A	dXBncmFkZS1sb25nYm93	AAAAAAAAAAAAAAAA
A	dXBncmFkZS1vZ3JlLW1hZ2U	AAAAAAAAAAAAAAAA
A	dXBncmFkZS1vcmMtc2hpZWxkMQ	AAAAAAAAAAAAAAAA
A	dXBncmFkZS1vcmMtc2hpZWxkMg	AAAAAAAAAAAAAAAA
A	dXBncmFkZS1vcmMtc2hpcC1hcm1vcjE	AAAAAAAAAAAAAAAA
A	dXBncmFkZS1vcmMtc2hpcC1hcm1vcjI	AAAAAAAAAAAAAAAA
A	dXBncmFkZS1vcmMtc2hpcC1jYW5ub24x	AAAAAAAAAAAAAAAA
A	dXBncmFkZS1vcmMtc2hpcC1jYW5ub24y	AAAAAAAAAAAAAAAA
A	dXBncmFkZS1wYWxhZGlu	AAAAAAAAAAAAAAAA
A	dXBncmFkZS1wb2x5bW9ycGg	FFFFFFFFFFFFFFFF
A	dXBncmFkZS1yYWlzZS1kZWFk	FFFFFFFFFFFFFFFF
A	dXBncmFkZS1yYW5nZXI	AAAAAAAAAAAAAAAA
A	dXBncmFkZS1yYW5nZXItbWFya3NtYW5zaGlw	AAAAAAAAAAAAAAAA
A	dXBncmFkZS1yYW5nZXItc2NvdXRpbmc	AAAAAAAAAAAAAAAA
A	dXBncmFkZS1ydW5lcw	FFFFFFFFFFFFFFFF
A	dXBncmFkZS1ydW5lcy1kb3VibGUtaGVhZA	RRRRRRRRRRRRRRRR
A	dXBncmFkZS1zbG93	FFFFFFFFFFFFFFFF
A	dXBncmFkZS1zd29yZDE	AAAAAAAAAAAAAAAA
A	dXBncmFkZS1zd29yZDI	AAAAAAAAAAAAAAAA
A	dXBncmFkZS10aHJvd2luZy1heGUx	AAAAAAAAAAAAAAAA
A	dXBncmFkZS10aHJvd2luZy1heGUy	AAAAAAAAAAAAAAAA
A	dXBncmFkZS11bmhvbHktYXJtb3I	FFFFFFFFFFFFFFFF
A	dXBncmFkZS13aGlybHdpbmQ	FFFFFFFFFFFFFFFF
I	0	aHVtLTA4	MAP
I	1	aHVtLTA4	MAP
I	2	d2MyLXBhc3NpdmU	MAP
I	3	aHVtLTA4	MAP
I	4	aHVtLTA4LXBlYXNhbnQ	MISSION_SCRIPT
T	VFJVRQ	RElQTE9NQUNZIDQgUVpXNWxiWGsgMiAyIFFaVzVsYlhrIDQgNCBRWlc1bGJYayA2IDYgUVpXNWxiWGsgNA
T	VEhJUyBRZFc1cGRDMWpZWE4wYkdVIFVOSVRfQ09VTlQgTjEgR0UgTjIgUWRXNXBkQzF3WldGellXNTAgVU5JVF9DT1VOVCBOMCBFUSBBTkQgTjQgUWRXNXBkQzF3WldGellXNTAgVU5JVF9DT1VOVCBOMCBFUSBBTkQgVEhJUyBPUFBPTkVOVFMgTjAgRVEgQU5E	VklDVE9SWQ
T	VEhJUyBUT1RBTCBOMCBFUQ	REVGRUFU
E
M	Y2FtcGFpZ25zL2h1bWFuL2xldmVsMDlo	Li4vY2FtcGFpZ25zL2h1bWFuL2ludGVyZmFjZS9pbnRyb3NjcmVlbjMucG5n	1	Y2FtcGFpZ25zL2h1bWFuL2xldmVsMDloLWludHJvMS53YXY
A	dW5pdC1hbGNoZW1pc3Q	AAAAAAAAAAAAAAAA
A	dW5pdC1hbHRhci1vZi1zdG9ybXM	AAAAAAAAAAAAAAAA
A	dW5pdC1hcmNoZXI	FFFFFFFFFFFFFFFF
A	dW5pdC1hcnRob3ItbGl0ZXJpb3M	FFFFFFFFFFFFFFFF
A	dW5pdC1heGV0aHJvd2Vy	AAAAAAAAAAAAAAAA
A	dW5pdC1iYWxsaXN0YQ	FFFFFFFFFFFFFFFF
A	dW5pdC1iYWxsb29u	FFFFFFFFFFFFFFFF
A	dW5pdC1iYXR0bGVzaGlw	FFFFFFFFFFFFFFFF
A	dW5pdC1iZWFzdC1jcnk	FFFFFFFFFFFFFFFF
A	dW5pdC1iZXJzZXJrZXI	AAAAAAAAAAAAAAAA
A	dW5pdC1jYXN0bGU	FFFFFFFFFFFFFFFF
A	dW5pdC1jYXRhcHVsdA	AAAAAAAAAAAAAAAA
A	dW5pdC1jaHVyY2g	FFFFFFFFFFFFFFFF
A	dW5pdC1jaXJjbGUtb2YtcG93ZXI	FFFFFFFFFFFFFFFF
A	dW5pdC1jcml0dGVy	FFFFFFFFFFFFFFFF
A	dW5pdC1kYWVtb24	FFFFFFFFFFFFFFFF
A	dW5pdC1kYXJrLXBvcnRhbA	FFFFFFFFFFFFFFFF
A	dW5pdC1kZWFkLXNlYS1ib2R5	FFFFFFFFFFFFFFFF
A	dW5pdC1kZWF0aC1rbmlnaHQ	FFFFFFFFFFFFFFFF
A	dW5pdC1kZXN0cm95ZWQtMXgxLXBsYWNl	FFFFFFFFFFFFFFFF
A	dW5pdC1kZXN0cm95ZWQtMngyLXBsYWNl	FFFFFFFFFFFFFFFF
A	dW5pdC1kZXN0cm95ZWQtM3gzLXBsYWNl	FFFFFFFFFFFFFFFF
A	dW5pdC1kZXN0cm95ZWQtM3gzLXBsYWNlLXdhdGVy	FFFFFFFFFFFFFFFF
A	dW5pdC1kZXN0cm95ZWQtNHg0LXBsYWNl	FFFFFFFFFFFFFFFF
A	dW5pdC1kb3VibGUtaGVhZA	FFFFFFFFFFFFFFFF
A	dW5pdC1kcmFnb24	FFFFFFFFFFFFFFFF
A	dW5pdC1kcmFnb24tcm9vc3Q	FFFFFFFFFFFFFFFF
A	dW5pdC1kd2FydmVz	FFFFFFFFFFFFFFFF
A	dW5pdC1lbHZlbi1sdW1iZXItbWlsbA	FFFFFFFFFFFFFFFF
A	dW5pdC1ldmlsLWtuaWdodA	FFFFFFFFFFFFFFFF
A	dW5pdC1leWUtb2YtdmlzaW9u	FFFFFFFFFFFFFFFF
A	dW5pdC1mYWQtbWFu	FFFFFFFFFFFFFFFF
A	dW5pdC1mYXJt	FFFFFFFFFFFFFFFF
A	dW5pdC1mZW1hbGUtaGVybw	FFFFFFFFFFFFFFFF
A	dW5pdC1maXJlLWJyZWV6ZQ	FFFFFFFFFFFFFFFF
A	dW5pdC1mbHlpbmctYW5nZWw	FFFFFFFFFFFFFFFF
A	dW5pdC1mb290bWFu	FFFFFFFFFFFFFFFF
A	dW5pdC1mb3J0cmVzcw	AAAAAAAAAAAAAAAA
A	dW5pdC1nb2JsaW4tc2FwcGVycw	FFFFFFFFFFFFFFFF
A	dW5pdC1nb2xkLW1pbmU	FFFFFFFFFFFFFFFF
A	dW5pdC1ncmVhdC1oYWxs	AAAAAAAAAAAAAAAA
A	dW5pdC1ncnVudA	AAAAAAAAAAAAAAAA
A	dW5pdC1ncnlwaG9uLWF2aWFyeQ	FFFFFFFFFFFFFFFF
A	dW5pdC1ncnlwaG9uLXJpZGVy	FFFFFFFFFFFFFFFF
A	dW5pdC1odW1hbi1iYXJyYWNrcw	FFFFFFFFFFFFFFFF
A	dW5pdC1odW1hbi1ibGFja3NtaXRo	FFFFFFFFFFFFFFFF
A	dW5pdC1odW1hbi1jYW5ub24tdG93ZXI	FFFFFFFFFFFFFFFF
A	dW5pdC1odW1hbi1kZWFkLWJvZHk	FFFFFFFFFFFFFFFF
A	dW5pdC1odW1hbi1kZXN0cm95ZXI	FFFFFFFFFFFFFFFF
A	dW5pdC1odW1hbi1mb3VuZHJ5	FFFFFFFFFFFFFFFF
A	dW5pdC1odW1hbi1ndWFyZC10b3dlcg	FFFFFFFFFFFFFFFF
A	dW5pdC1odW1hbi1vaWwtcGxhdGZvcm0	FFFFFFFFFFFFFFFF
A	dW5pdC1odW1hbi1vaWwtdGFua2Vy	FFFFFFFFFFFFFFFF
A	dW5pdC1odW1hbi1yZWZpbmVyeQ	FFFFFFFFFFFFFFFF
A	dW5pdC1odW1hbi1zaGlweWFyZA	FFFFFFFFFFFFFFFF
A	dW5pdC1odW1hbi1zdGFydC1sb2NhdGlvbg	FFFFFFFFFFFFFFFF
A	dW5pdC1odW1hbi1zdWJtYXJpbmU	FFFFFFFFFFFFFFFF
A	dW5pdC1odW1hbi10cmFuc3BvcnQ	FFFFFFFFFFFFFFFF
A	dW5pdC1odW1hbi13YWxs	AAAAAAAAAAAAAAAA
A	dW5pdC1odW1hbi13YXRjaC10b3dlcg	FFFFFFFFFFFFFFFF
A	dW5pdC1pY2UtYnJpbmdlcg	FFFFFFFFFFFFFFFF
A	dW5pdC1pbnZlbnRvcg	FFFFFFFFFFFFFFFF
A	dW5pdC1rZWVw	FFFFFFFFFFFFFFFF
A	dW5pdC1rbmlnaHQ	FFFFFFFFFFFFFFFF
A	dW5pdC1rbmlnaHQtcmlkZXI	FFFFFFFFFFFFFFFF
A	dW5pdC1tYWdl	FFFFFFFFFFFFFFFF
A	dW5pdC1tYWdlLXRvd2Vy	FFFFFFFFFFFFFFFF
A	dW5pdC1tYW4tb2YtbGlnaHQ	FFFFFFFFFFFFFFFF
A	dW5pdC1vZ3Jl	AAAAAAAAAAAAAAAA
A	dW5pdC1vZ3JlLWp1Z2dlcm5hdWdodA	AAAAAAAAAAAAAAAA
A	dW5pdC1vZ3JlLW1hZ2U	AAAAAAAAAAAAAAAA
A	dW5pdC1vZ3JlLW1vdW5k	AAAAAAAAAAAAAAAA
A	dW5pdC1vaWwtcGF0Y2g	FFFFFFFFFFFFFFFF
A	dW5pdC1vcmMtYmFycmFja3M	AAAAAAAAAAAAAAAA
A	dW5pdC1vcmMtYmxhY2tzbWl0aA	AAAAAAAAAAAAAAAA
A	dW5pdC1vcmMtY2Fubm9uLXRvd2Vy	AAAAAAAAAAAAAAAA
A	dW5pdC1vcmMtZGVhZC1ib2R5	FFFFFFFFFFFFFFFF
A	dW5pdC1vcmMtZGVzdHJveWVy	AAAAAAAAAAAAAAAA
A	dW5pdC1vcmMtZm91bmRyeQ	AAAAAAAAAAAAAAAA
A	dW5pdC1vcmMtZ3VhcmQtdG93ZXI	AAAAAAAAAAAAAAAA
A	dW5pdC1vcmMtb2lsLXBsYXRmb3Jt	AAAAAAAAAAAAAAAA
A	dW5pdC1vcmMtb2lsLXRhbmtlcg	AAAAAAAAAAAAAAAA
A	dW5pdC1vcmMtcmVmaW5lcnk	AAAAAAAAAAAAAAAA
A	dW5pdC1vcmMtc2hpcHlhcmQ	AAAAAAAAAAAAAAAA
A	dW5pdC1vcmMtc3RhcnQtbG9jYXRpb24	FFFFFFFFFFFFFFFF
A	dW5pdC1vcmMtc3VibWFyaW5l	FFFFFFFFFFFFFFFF
A	dW5pdC1vcmMtdHJhbnNwb3J0	AAAAAAAAAAAAAAAA
A	dW5pdC1vcmMtd2FsbA	AAAAAAAAAAAAAAAA
A	dW5pdC1vcmMtd2F0Y2gtdG93ZXI	AAAAAAAAAAAAAAAA
A	dW5pdC1wYWxhZGlu	FFFFFFFFFFFFFFFF
A	dW5pdC1wZWFzYW50	FFFFFFFFFFFFFFFF
A	dW5pdC1wZW9u	AAAAAAAAAAAAAAAA
A	dW5pdC1waWctZmFybQ	AAAAAAAAAAAAAAAA
A	dW5pdC1xdWljay1ibGFkZQ	FFFFFFFFFFFFFFFF
A	dW5pdC1yYW5nZXI	FFFFFFFFFFFFFFFF
A	dW5pdC1ydW5lc3RvbmU	FFFFFFFFFFFFFFFF
A	dW5pdC1zaGFycC1heGU	FFFFFFFFFFFFFFFF
A	dW5pdC1za2VsZXRvbg	FFFFFFFFFFFFFFFF
A	dW5pdC1zdGFibGVz	FFFFFFFFFFFFFFFF
A	dW5pdC1zdHJvbmdob2xk	AAAAAAAAAAAAAAAA
A	dW5pdC10ZW1wbGUtb2YtdGhlLWRhbW5lZA	FFFFFFFFFFFFFFFF
A	dW5pdC10b3duLWhhbGw	FFFFFFFFFFFFFFFF
A	dW5pdC10cm9sbC1sdW1iZXItbWlsbA	AAAAAAAAAAAAAAAA
A	dW5pdC13aGl0ZS1tYWdl	FFFFFFFFFFFFFFFF
A	dW5pdC13aXNlLW1hbg	FFFFFFFFFFFFFFFF
A	dW5pdC16ZXBwZWxpbg	AAAAAAAAAAAAAAAA
A	dXBncmFkZS1hcnJvdzE	FFFFFFFFFFFFFFFF
A	dXBncmFkZS1hcnJvdzI	FFFFFFFFFFFFFFFF
A	dXBncmFkZS1iYWxsaXN0YTE	FFFFFFFFFFFFFFFF
A	dXBncmFkZS1iYWxsaXN0YTI	FFFFFFFFFFFFFFFF
A	dXBncmFkZS1iYXR0bGUtYXhlMQ	AAAAAAAAAAAAAAAA
A	dXBncmFkZS1iYXR0bGUtYXhlMg	AAAAAAAAAAAAAAAA
A	dXBncmFkZS1iZXJzZXJrZXI	AAAAAAAAAAAAAAAA
A	dXBncmFkZS1iZXJzZXJrZXItcmVnZW5lcmF0aW9u	AAAAAAAAAAAAAAAA
A	dXBncmFkZS1iZXJzZXJrZXItc2NvdXRpbmc	AAAAAAAAAAAAAAAA
A	dXBncmFkZS1ibGl6emFyZA	FFFFFFFFFFFFFFFF
A	dXBncmFkZS1ibG9vZGx1c3Q	AAAAAAAAAAAAAAAA
A	dXBncmFkZS1ibG9vZGx1c3QtZG91YmxlLWhlYWQ	RRRRRRRRRRRRRRRR
A	dXBncmFkZS1jYXRhcHVsdDE	AAAAAAAAAAAAAAAA
A	dXBncmFkZS1jYXRhcHVsdDI	AAAAAAAAAAAAAAAA
A	dXBncmFkZS1kZWF0aC1hbmQtZGVjYXk	FFFFFFFFFFFFFFFF
A	dXBncmFkZS1kZWF0aC1jb2ls	RRRRRRRRRRRRRRRR
A	dXBncmFkZS1leG9yY2lzbQ	FFFFFFFFFFFFFFFF
A	dXBncmFkZS1leWUtb2Yta2lscm9nZw	AAAAAAAAAAAAAAAA
A	dXBncmFkZS1leWUtb2Yta2lscm9nZy1kb3VibGUtaGVhZA	RRRRRRRRRRRRRRRR
A	dXBncmFkZS1maXJlYmFsbA	RRRRRRRRRRRRRRRR
A	dXBncmFkZS1mbGFtZS1zaGllbGQ	FFFFFFFFFFFFFFFF
A	dXBncmFkZS1oYXN0ZQ	FFFFFFFFFFFFFFFF
A	dXBncmFkZS1oZWFsaW5n	FFFFFFFFFFFFFFFF
A	dXBncmFkZS1ob2x5LXZpc2lvbg	RRRRRRRRRRRRRRRR
A	dXBncmFkZS1odW1hbi1zaGllbGQx	FFFFFFFFFFFFFFFF
A	dXBncmFkZS1odW1hbi1zaGllbGQy	FFFFFFFFFFFFFFFF
A	dXBncmFkZS1odW1hbi1zaGlwLWFybW9yMQ	FFFFFFFFFFFFFFFF
A	dXBncmFkZS1odW1hbi1zaGlwLWFybW9yMg	FFFFFFFFFFFFFFFF
A	dXBncmFkZS1odW1hbi1zaGlwLWNhbm5vbjE	FFFFFFFFFFFFFFFF
A	dXBncmFkZS1odW1hbi1zaGlwLWNhbm5vbjI	FFFFFFFFFFFFFFFF
A	dXBncmFkZS1pbnZpc2liaWxpdHk	FFFFFFFFFFFFFFFF
A	dXBncmFkZS1saWdodC1heGVz	AAAAAAAAAAAAAAAA
A	dXBncmFkZS1sb25nYm93	FFFFFFFFFFFFFFFF
A	dXBncmFkZS1vZ3JlLW1hZ2U	AAAAAAAAAAAAAAAA
A	dXBncmFkZS1vcmMtc2hpZWxkMQ	AAAAAAAAAAAAAAAA
A	dXBncmFkZS1vcmMtc2hpZWxkMg	AAAAAAAAAAAAAAAA
A	dXBncmFkZS1vcmMtc2hpcC1hcm1vcjE	AAAAAAAAAAAAAAAA
A	dXBncmFkZS1vcmMtc2hpcC1hcm1vcjI	AAAAAAAAAAAAAAAA
A	dXBncmFkZS1vcmMtc2hpcC1jYW5ub24x	AAAAAAAAAAAAAAAA
A	dXBncmFkZS1vcmMtc2hpcC1jYW5ub24y	AAAAAAAAAAAAAAAA
A	dXBncmFkZS1wYWxhZGlu	FFFFFFFFFFFFFFFF
A	dXBncmFkZS1wb2x5bW9ycGg	FFFFFFFFFFFFFFFF
A	dXBncmFkZS1yYWlzZS1kZWFk	FFFFFFFFFFFFFFFF
A	dXBncmFkZS1yYW5nZXI	FFFFFFFFFFFFFFFF
A	dXBncmFkZS1yYW5nZXItbWFya3NtYW5zaGlw	FFFFFFFFFFFFFFFF
A	dXBncmFkZS1yYW5nZXItc2NvdXRpbmc	FFFFFFFFFFFFFFFF
A	dXBncmFkZS1ydW5lcw	FFFFFFFFFFFFFFFF
A	dXBncmFkZS1ydW5lcy1kb3VibGUtaGVhZA	RRRRRRRRRRRRRRRR
A	dXBncmFkZS1zbG93	FFFFFFFFFFFFFFFF
A	dXBncmFkZS1zd29yZDE	FFFFFFFFFFFFFFFF
A	dXBncmFkZS1zd29yZDI	FFFFFFFFFFFFFFFF
A	dXBncmFkZS10aHJvd2luZy1heGUx	AAAAAAAAAAAAAAAA
A	dXBncmFkZS10aHJvd2luZy1heGUy	AAAAAAAAAAAAAAAA
A	dXBncmFkZS11bmhvbHktYXJtb3I	FFFFFFFFFFFFFFFF
A	dXBncmFkZS13aGlybHdpbmQ	FFFFFFFFFFFFFFFF
I	1	aHVtLTA5	MAP
I	4	aHVtLTA5	MAP
T	UWRHaHBjdyBRUFQwIE4xIFFkVzVwZEMxdFlXNHRiMll0YkdsbmFIUSBRZFc1cGRDMWphWEpqYkdVdGIyWXRjRzkzWlhJIE5FQVI	VklDVE9SWQ
T	VEhJUyBRZFc1cGRDMXRZVzR0YjJZdGJHbG5hSFEgVU5JVF9DT1VOVCBOMCBFUSBOMyBRZFc1cGRDMXRZVzR0YjJZdGJHbG5hSFEgVU5JVF9DT1VOVCBOMCBFUSBBTkQ	REVGRUFU
T	VEhJUyBUT1RBTCBOMCBFUQ	REVGRUFU
E
M	Y2FtcGFpZ25zL2h1bWFuL2xldmVsMTBo	Li4vY2FtcGFpZ25zL2h1bWFuL2ludGVyZmFjZS9pbnRyb3NjcmVlbjMucG5n	1	Y2FtcGFpZ25zL2h1bWFuL2xldmVsMTBoLWludHJvMS53YXY
A	dW5pdC1hbGNoZW1pc3Q	AAAAAAAAAAAAAAAA
A	dW5pdC1hbHRhci1vZi1zdG9ybXM	AAAAAAAAAAAAAAAA
A	dW5pdC1hcmNoZXI	AAAAAAAAAAAAAAAA
A	dW5pdC1hcnRob3ItbGl0ZXJpb3M	FFFFFFFFFFFFFFFF
A	dW5pdC1heGV0aHJvd2Vy	AAAAAAAAAAAAAAAA
A	dW5pdC1iYWxsaXN0YQ	AAAAAAAAAAAAAAAA
A	dW5pdC1iYWxsb29u	AAAAAAAAAAAAAAAA
A	dW5pdC1iYXR0bGVzaGlw	AAAAAAAAAAAAAAAA
A	dW5pdC1iZWFzdC1jcnk	FFFFFFFFFFFFFFFF
A	dW5pdC1iZXJzZXJrZXI	AAAAAAAAAAAAAAAA
A	dW5pdC1jYXN0bGU	AAAAAAAAAAAAAAAA
A	dW5pdC1jYXRhcHVsdA	AAAAAAAAAAAAAAAA
A	dW5pdC1jaHVyY2g	AAAAAAAAAAAAAAAA
A	dW5pdC1jaXJjbGUtb2YtcG93ZXI	FFFFFFFFFFFFFFFF
A	dW5pdC1jcml0dGVy	FFFFFFFFFFFFFFFF
A	dW5pdC1kYWVtb24	FFFFFFFFFFFFFFFF
A	dW5pdC1kYXJrLXBvcnRhbA	FFFFFFFFFFFFFFFF
A	dW5pdC1kZWFkLXNlYS1ib2R5	FFFFFFFFFFFFFFFF
A	dW5pdC1kZWF0aC1rbmlnaHQ	AAAAAAAAAAAAAAAA
A	dW5pdC1kZXN0cm95ZWQtMXgxLXBsYWNl	FFFFFFFFFFFFFFFF
A	dW5pdC1kZXN0cm95ZWQtMngyLXBsYWNl	FFFFFFFFFFFFFFFF
A	dW5pdC1kZXN0cm95ZWQtM3gzLXBsYWNl	FFFFFFFFFFFFFFFF
A	dW5pdC1kZXN0cm95ZWQtM3gzLXBsYWNlLXdhdGVy	FFFFFFFFFFFFFFFF
A	dW5pdC1kZXN0cm95ZWQtNHg0LXBsYWNl	FFFFFFFFFFFFFFFF
A	dW5pdC1kb3VibGUtaGVhZA	FFFFFFFFFFFFFFFF
A	dW5pdC1kcmFnb24	FFFFFFFFFFFFFFFF
A	dW5pdC1kcmFnb24tcm9vc3Q	FFFFFFFFFFFFFFFF
A	dW5pdC1kd2FydmVz	FFFFFFFFFFFFFFFF
A	dW5pdC1lbHZlbi1sdW1iZXItbWlsbA	AAAAAAAAAAAAAAAA
A	dW5pdC1ldmlsLWtuaWdodA	FFFFFFFFFFFFFFFF
A	dW5pdC1leWUtb2YtdmlzaW9u	FFFFFFFFFFFFFFFF
A	dW5pdC1mYWQtbWFu	FFFFFFFFFFFFFFFF
A	dW5pdC1mYXJt	AAAAAAAAAAAAAAAA
A	dW5pdC1mZW1hbGUtaGVybw	FFFFFFFFFFFFFFFF
A	dW5pdC1maXJlLWJyZWV6ZQ	FFFFFFFFFFFFFFFF
A	dW5pdC1mbHlpbmctYW5nZWw	FFFFFFFFFFFFFFFF
A	dW5pdC1mb290bWFu	AAAAAAAAAAAAAAAA
A	dW5pdC1mb3J0cmVzcw	AAAAAAAAAAAAAAAA
A	dW5pdC1nb2JsaW4tc2FwcGVycw	FFFFFFFFFFFFFFFF
A	dW5pdC1nb2xkLW1pbmU	FFFFFFFFFFFFFFFF
A	dW5pdC1ncmVhdC1oYWxs	AAAAAAAAAAAAAAAA
A	dW5pdC1ncnVudA	AAAAAAAAAAAAAAAA
A	dW5pdC1ncnlwaG9uLWF2aWFyeQ	FFFFFFFFFFFFFFFF
A	dW5pdC1ncnlwaG9uLXJpZGVy	FFFFFFFFFFFFFFFF
A	dW5pdC1odW1hbi1iYXJyYWNrcw	AAAAAAAAAAAAAAAA
A	dW5pdC1odW1hbi1ibGFja3NtaXRo	AAAAAAAAAAAAAAAA
A	dW5pdC1odW1hbi1jYW5ub24tdG93ZXI	AAAAAAAAAAAAAAAA
A	dW5pdC1odW1hbi1kZWFkLWJvZHk	FFFFFFFFFFFFFFFF
A	dW5pdC1odW1hbi1kZXN0cm95ZXI	AAAAAAAAAAAAAAAA
A	dW5pdC1odW1hbi1mb3VuZHJ5	AAAAAAAAAAAAAAAA
A	dW5pdC1odW1hbi1ndWFyZC10b3dlcg	AAAAAAAAAAAAAAAA
A	dW5pdC1odW1hbi1vaWwtcGxhdGZvcm0	AAAAAAAAAAAAAAAA
A	dW5pdC1odW1hbi1vaWwtdGFua2Vy	AAAAAAAAAAAAAAAA
A	dW5pdC1odW1hbi1yZWZpbmVyeQ	AAAAAAAAAAAAAAAA
A	dW5pdC1odW1hbi1zaGlweWFyZA	AAAAAAAAAAAAAAAA
A	dW5pdC1odW1hbi1zdGFydC1sb2NhdGlvbg	FFFFFFFFFFFFFFFF
A	dW5pdC1odW1hbi1zdWJtYXJpbmU	FFFFFFFFFFFFFFFF
A	dW5pdC1odW1hbi10cmFuc3BvcnQ	AAAAAAAAAAAAAAAA
A	dW5pdC1odW1hbi13YWxs	AAAAAAAAAAAAAAAA
A	dW5pdC1odW1hbi13YXRjaC10b3dlcg	AAAAAAAAAAAAAAAA
A	dW5pdC1pY2UtYnJpbmdlcg	FFFFFFFFFFFFFFFF
A	dW5pdC1pbnZlbnRvcg	AAAAAAAAAAAAAAAA
A	dW5pdC1rZWVw	AAAAAAAAAAAAAAAA
A	dW5pdC1rbmlnaHQ	AAAAAAAAAAAAAAAA
A	dW5pdC1rbmlnaHQtcmlkZXI	FFFFFFFFFFFFFFFF
A	dW5pdC1tYWdl	FFFFFFFFFFFFFFFF
A	dW5pdC1tYWdlLXRvd2Vy	FFFFFFFFFFFFFFFF
A	dW5pdC1tYW4tb2YtbGlnaHQ	FFFFFFFFFFFFFFFF
A	dW5pdC1vZ3Jl	AAAAAAAAAAAAAAAA
A	dW5pdC1vZ3JlLWp1Z2dlcm5hdWdodA	AAAAAAAAAAAAAAAA
A	dW5pdC1vZ3JlLW1hZ2U	AAAAAAAAAAAAAAAA
A	dW5pdC1vZ3JlLW1vdW5k	AAAAAAAAAAAAAAAA
A	dW5pdC1vaWwtcGF0Y2g	FFFFFFFFFFFFFFFF
A	dW5pdC1vcmMtYmFycmFja3M	AAAAAAAAAAAAAAAA
A	dW5pdC1vcmMtYmxhY2tzbWl0aA	AAAAAAAAAAAAAAAA
A	dW5pdC1vcmMtY2Fubm9uLXRvd2Vy	AAAAAAAAAAAAAAAA
A	dW5pdC1vcmMtZGVhZC1ib2R5	FFFFFFFFFFFFFFFF
A	dW5pdC1vcmMtZGVzdHJveWVy	AAAAAAAAAAAAAAAA
A	dW5pdC1vcmMtZm91bmRyeQ	AAAAAAAAAAAAAAAA
A	dW5pdC1vcmMtZ3VhcmQtdG93ZXI	AAAAAAAAAAAAAAAA
A	dW5pdC1vcmMtb2lsLXBsYXRmb3Jt	AAAAAAAAAAAAAAAA
A	dW5pdC1vcmMtb2lsLXRhbmtlcg	AAAAAAAAAAAAAAAA
A	dW5pdC1vcmMtcmVmaW5lcnk	AAAAAAAAAAAAAAAA
A	dW5pdC1vcmMtc2hpcHlhcmQ	AAAAAAAAAAAAAAAA
A	dW5pdC1vcmMtc3RhcnQtbG9jYXRpb24	FFFFFFFFFFFFFFFF
A	dW5pdC1vcmMtc3VibWFyaW5l	FFFFFFFFFFFFFFFF
A	dW5pdC1vcmMtdHJhbnNwb3J0	AAAAAAAAAAAAAAAA
A	dW5pdC1vcmMtd2FsbA	AAAAAAAAAAAAAAAA
A	dW5pdC1vcmMtd2F0Y2gtdG93ZXI	AAAAAAAAAAAAAAAA
A	dW5pdC1wYWxhZGlu	AAAAAAAAAAAAAAAA
A	dW5pdC1wZWFzYW50	AAAAAAAAAAAAAAAA
A	dW5pdC1wZW9u	AAAAAAAAAAAAAAAA
A	dW5pdC1waWctZmFybQ	AAAAAAAAAAAAAAAA
A	dW5pdC1xdWljay1ibGFkZQ	FFFFFFFFFFFFFFFF
A	dW5pdC1yYW5nZXI	AAAAAAAAAAAAAAAA
A	dW5pdC1ydW5lc3RvbmU	FFFFFFFFFFFFFFFF
A	dW5pdC1zaGFycC1heGU	FFFFFFFFFFFFFFFF
A	dW5pdC1za2VsZXRvbg	FFFFFFFFFFFFFFFF
A	dW5pdC1zdGFibGVz	AAAAAAAAAAAAAAAA
A	dW5pdC1zdHJvbmdob2xk	AAAAAAAAAAAAAAAA
A	dW5pdC10ZW1wbGUtb2YtdGhlLWRhbW5lZA	FFFFFFFFFFFFFFFF
A	dW5pdC10b3duLWhhbGw	AAAAAAAAAAAAAAAA
A	dW5pdC10cm9sbC1sdW1iZXItbWlsbA	AAAAAAAAAAAAAAAA
A	dW5pdC13aGl0ZS1tYWdl	FFFFFFFFFFFFFFFF
A	dW5pdC13aXNlLW1hbg	FFFFFFFFFFFFFFFF
A	dW5pdC16ZXBwZWxpbg	AAAAAAAAAAAAAAAA
A	dXBncmFkZS1hcnJvdzE	AAAAAAAAAAAAAAAA
A	dXBncmFkZS1hcnJvdzI	AAAAAAAAAAAAAAAA
A	dXBncmFkZS1iYWxsaXN0YTE	AAAAAAAAAAAAAAAA
A	dXBncmFkZS1iYWxsaXN0YTI	AAAAAAAAAAAAAAAA
A	dXBncmFkZS1iYXR0bGUtYXhlMQ	AAAAAAAAAAAAAAAA
A	dXBncmFkZS1iYXR0bGUtYXhlMg	AAAAAAAAAAAAAAAA
A	dXBncmFkZS1iZXJzZXJrZXI	AAAAAAAAAAAAAAAA
A	dXBncmFkZS1iZXJzZXJrZXItcmVnZW5lcmF0aW9u	AAAAAAAAAAAAAAAA
A	dXBncmFkZS1iZXJzZXJrZXItc2NvdXRpbmc	AAAAAAAAAAAAAAAA
A	dXBncmFkZS1ibGl6emFyZA	FFFFFFFFFFFFFFFF
A	dXBncmFkZS1ibG9vZGx1c3Q	AAAAAAAAAAAAAAAA
A	dXBncmFkZS1ibG9vZGx1c3QtZG91YmxlLWhlYWQ	RRRRRRRRRRRRRRRR
A	dXBncmFkZS1jYXRhcHVsdDE	AAAAAAAAAAAAAAAA
A	dXBncmFkZS1jYXRhcHVsdDI	AAAAAAAAAAAAAAAA
A	dXBncmFkZS1kZWF0aC1hbmQtZGVjYXk	FFFFFFFFFFFFFFFF
A	dXBncmFkZS1kZWF0aC1jb2ls	RRRRRRRRRRRRRRRR
A	dXBncmFkZS1leG9yY2lzbQ	AAAAAAAAAAAAAAAA
A	dXBncmFkZS1leWUtb2Yta2lscm9nZw	AAAAAAAAAAAAAAAA
A	dXBncmFkZS1leWUtb2Yta2lscm9nZy1kb3VibGUtaGVhZA	RRRRRRRRRRRRRRRR
A	dXBncmFkZS1maXJlYmFsbA	RRRRRRRRRRRRRRRR
A	dXBncmFkZS1mbGFtZS1zaGllbGQ	FFFFFFFFFFFFFFFF
A	dXBncmFkZS1oYXN0ZQ	FFFFFFFFFFFFFFFF
A	dXBncmFkZS1oZWFsaW5n	AAAAAAAAAAAAAAAA
A	dXBncmFkZS1ob2x5LXZpc2lvbg	AAAAAAAAAAAAAAAA
A	dXBncmFkZS1odW1hbi1zaGllbGQx	AAAAAAAAAAAAAAAA
A	dXBncmFkZS1odW1hbi1zaGllbGQy	AAAAAAAAAAAAAAAA
A	dXBncmFkZS1odW1hbi1zaGlwLWFybW9yMQ	AAAAAAAAAAAAAAAA
A	dXBncmFkZS1odW1hbi1zaGlwLWFybW9yMg	AAAAAAAAAAAAAAAA
A	dXBncmFkZS1odW1hbi1zaGlwLWNhbm5vbjE	AAAAAAAAAAAAAAAA
A	dXBncmFkZS1odW1hbi1zaGlwLWNhbm5vbjI	AAAAAAAAAAAAAAAA
A	dXBncmFkZS1pbnZpc2liaWxpdHk	FFFFFFFFFFFFFFFF
A	dXBncmFkZS1saWdodC1heGVz	AAAAAAAAAAAAAAAA
A	dXBncmFkZS1sb25nYm93	AAAAAAAAAAAAAAAA
A	dXBncmFkZS1vZ3JlLW1hZ2U	AAAAAAAAAAAAAAAA
A	dXBncmFkZS1vcmMtc2hpZWxkMQ	AAAAAAAAAAAAAAAA
A	dXBncmFkZS1vcmMtc2hpZWxkMg	AAAAAAAAAAAAAAAA
A	dXBncmFkZS1vcmMtc2hpcC1hcm1vcjE	AAAAAAAAAAAAAAAA
A	dXBncmFkZS1vcmMtc2hpcC1hcm1vcjI	AAAAAAAAAAAAAAAA
A	dXBncmFkZS1vcmMtc2hpcC1jYW5ub24x	AAAAAAAAAAAAAAAA
A	dXBncmFkZS1vcmMtc2hpcC1jYW5ub24y	AAAAAAAAAAAAAAAA
A	dXBncmFkZS1wYWxhZGlu	AAAAAAAAAAAAAAAA
A	dXBncmFkZS1wb2x5bW9ycGg	FFFFFFFFFFFFFFFF
A	dXBncmFkZS1yYWlzZS1kZWFk	FFFFFFFFFFFFFFFF
A	dXBncmFkZS1yYW5nZXI	AAAAAAAAAAAAAAAA
A	dXBncmFkZS1yYW5nZXItbWFya3NtYW5zaGlw	AAAAAAAAAAAAAAAA
A	dXBncmFkZS1yYW5nZXItc2NvdXRpbmc	AAAAAAAAAAAAAAAA
A	dXBncmFkZS1ydW5lcw	AAAAAAAAAAAAAAAA
A	dXBncmFkZS1ydW5lcy1kb3VibGUtaGVhZA	RRRRRRRRRRRRRRRR
A	dXBncmFkZS1zbG93	FFFFFFFFFFFFFFFF
A	dXBncmFkZS1zd29yZDE	AAAAAAAAAAAAAAAA
A	dXBncmFkZS1zd29yZDI	AAAAAAAAAAAAAAAA
A	dXBncmFkZS10aHJvd2luZy1heGUx	AAAAAAAAAAAAAAAA
A	dXBncmFkZS10aHJvd2luZy1heGUy	AAAAAAAAAAAAAAAA
A	dXBncmFkZS11bmhvbHktYXJtb3I	FFFFFFFFFFFFFFFF
A	dXBncmFkZS13aGlybHdpbmQ	FFFFFFFFFFFFFFFF
I	0	d2MyLXBhc3NpdmU	MAP
I	1	aHVtLTEw	MAP
T	UWRHaHBjdyBRUGowIE40IFFkVzVwZEMxaGRIUmhZMnN0Y0dWaGMyRnVkQSBRZFc1cGRDMWphWEpqYkdVdGIyWXRjRzkzWlhJIFJFU0NVRURfTkVBUg	VklDVE9SWQ
T	TjQgUWRXNXBkQzFoZEhSaFkyc3RjR1ZoYzJGdWRBIFVOSVRfQ09VTlQgVEhJUyBRZFc1cGRDMWhkSFJoWTJzdGNHVmhjMkZ1ZEEgVU5JVF9DT1VOVCBBREQgTjQgTFQ	REVGRUFU
T	VEhJUyBUT1RBTCBOMCBFUQ	REVGRUFU
E
M	Y2FtcGFpZ25zL2h1bWFuL2xldmVsMTFo	Li4vY2FtcGFpZ25zL2h1bWFuL2ludGVyZmFjZS9pbnRyb3NjcmVlbjQucG5n	2	Y2FtcGFpZ25zL2h1bWFuL2xldmVsMTFoLWludHJvMS53YXY	Y2FtcGFpZ25zL2h1bWFuL2xldmVsMTFoLWludHJvMi53YXY
A	dW5pdC1hbGNoZW1pc3Q	AAAAAAAAAAAAAAAA
A	dW5pdC1hbHRhci1vZi1zdG9ybXM	AAAAAAAAAAAAAAAA
A	dW5pdC1hcmNoZXI	AAAAAAAAAAAAAAAA
A	dW5pdC1hcnRob3ItbGl0ZXJpb3M	FFFFFFFFFFFFFFFF
A	dW5pdC1heGV0aHJvd2Vy	AAAAAAAAAAAAAAAA
A	dW5pdC1iYWxsaXN0YQ	AAAAAAAAAAAAAAAA
A	dW5pdC1iYWxsb29u	AAAAAAAAAAAAAAAA
A	dW5pdC1iYXR0bGVzaGlw	AAAAAAAAAAAAAAAA
A	dW5pdC1iZWFzdC1jcnk	FFFFFFFFFFFFFFFF
A	dW5pdC1iZXJzZXJrZXI	AAAAAAAAAAAAAAAA
A	dW5pdC1jYXN0bGU	AAAAAAAAAAAAAAAA
A	dW5pdC1jYXRhcHVsdA	AAAAAAAAAAAAAAAA
A	dW5pdC1jaHVyY2g	AAAAAAAAAAAAAAAA
A	dW5pdC1jaXJjbGUtb2YtcG93ZXI	FFFFFFFFFFFFFFFF
A	dW5pdC1jcml0dGVy	FFFFFFFFFFFFFFFF
A	dW5pdC1kYWVtb24	FFFFFFFFFFFFFFFF
A	dW5pdC1kYXJrLXBvcnRhbA	FFFFFFFFFFFFFFFF
A	dW5pdC1kZWFkLXNlYS1ib2R5	FFFFFFFFFFFFFFFF
A	dW5pdC1kZWF0aC1rbmlnaHQ	AAAAAAAAAAAAAAAA
A	dW5pdC1kZXN0cm95ZWQtMXgxLXBsYWNl	FFFFFFFFFFFFFFFF
A	dW5pdC1kZXN0cm95ZWQtMngyLXBsYWNl	FFFFFFFFFFFFFFFF
A	dW5pdC1kZXN0cm95ZWQtM3gzLXBsYWNl	FFFFFFFFFFFFFFFF
A	dW5pdC1kZXN0cm95ZWQtM3gzLXBsYWNlLXdhdGVy	FFFFFFFFFFFFFFFF
A	dW5pdC1kZXN0cm95ZWQtNHg0LXBsYWNl	FFFFFFFFFFFFFFFF
A	dW5pdC1kb3VibGUtaGVhZA	FFFFFFFFFFFFFFFF
A	dW5pdC1kcmFnb24	FFFFFFFFFFFFFFFF
A	dW5pdC1kcmFnb24tcm9vc3Q	FFFFFFFFFFFFFFFF
A	dW5pdC1kd2FydmVz	AAAAAAAAAAAAAAAA
A	dW5pdC1lbHZlbi1sdW1iZXItbWlsbA	AAAAAAAAAAAAAAAA
A	dW5pdC1ldmlsLWtuaWdodA	FFFFFFFFFFFFFFFF
A	dW5pdC1leWUtb2YtdmlzaW9u	FFFFFFFFFFFFFFFF
A	dW5pdC1mYWQtbWFu	FFFFFFFFFFFFFFFF
A	dW5pdC1mYXJt	AAAAAAAAAAAAAAAA
A	dW5pdC1mZW1hbGUtaGVybw	FFFFFFFFFFFFFFFF
A	dW5pdC1maXJlLWJyZWV6ZQ	FFFFFFFFFFFFFFFF
A	dW5pdC1mbHlpbmctYW5nZWw	FFFFFFFFFFFFFFFF
A	dW5pdC1mb290bWFu	AAAAAAAAAAAAAAAA
A	dW5pdC1mb3J0cmVzcw	AAAAAAAAAAAAAAAA
A	dW5pdC1nb2JsaW4tc2FwcGVycw	AAAAAAAAAAAAAAAA
A	dW5pdC1nb2xkLW1pbmU	FFFFFFFFFFFFFFFF
A	dW5pdC1ncmVhdC1oYWxs	AAAAAAAAAAAAAAAA
A	dW5pdC1ncnVudA	AAAAAAAAAAAAAAAA
A	dW5pdC1ncnlwaG9uLWF2aWFyeQ	FFFFFFFFFFFFFFFF
A	dW5pdC1ncnlwaG9uLXJpZGVy	FFFFFFFFFFFFFFFF
A	dW5pdC1odW1hbi1iYXJyYWNrcw	AAAAAAAAAAAAAAAA
A	dW5pdC1odW1hbi1ibGFja3NtaXRo	AAAAAAAAAAAAAAAA
A	dW5pdC1odW1hbi1jYW5ub24tdG93ZXI	AAAAAAAAAAAAAAAA
A	dW5pdC1odW1hbi1kZWFkLWJvZHk	FFFFFFFFFFFFFFFF
A	dW5pdC1odW1hbi1kZXN0cm95ZXI	AAAAAAAAAAAAAAAA
A	dW5pdC1odW1hbi1mb3VuZHJ5	AAAAAAAAAAAAAAAA
A	dW5pdC1odW1hbi1ndWFyZC10b3dlcg	AAAAAAAAAAAAAAAA
A	dW5pdC1odW1hbi1vaWwtcGxhdGZvcm0	AAAAAAAAAAAAAAAA
A	dW5pdC1odW1hbi1vaWwtdGFua2Vy	AAAAAAAAAAAAAAAA
A	dW5pdC1odW1hbi1yZWZpbmVyeQ	AAAAAAAAAAAAAAAA
A	dW5pdC1odW1hbi1zaGlweWFyZA	AAAAAAAAAAAAAAAA
A	dW5pdC1odW1hbi1zdGFydC1sb2NhdGlvbg	FFFFFFFFFFFFFFFF
A	dW5pdC1odW1hbi1zdWJtYXJpbmU	FFFFFFFFFFFFFFFF
A	dW5pdC1odW1hbi10cmFuc3BvcnQ	AAAAAAAAAAAAAAAA
A	dW5pdC1odW1hbi13YWxs	AAAAAAAAAAAAAAAA
A	dW5pdC1odW1hbi13YXRjaC10b3dlcg	AAAAAAAAAAAAAAAA
A	dW5pdC1pY2UtYnJpbmdlcg	FFFFFFFFFFFFFFFF
A	dW5pdC1pbnZlbnRvcg	AAAAAAAAAAAAAAAA
A	dW5pdC1rZWVw	AAAAAAAAAAAAAAAA
A	dW5pdC1rbmlnaHQ	AAAAAAAAAAAAAAAA
A	dW5pdC1rbmlnaHQtcmlkZXI	FFFFFFFFFFFFFFFF
A	dW5pdC1tYWdl	AAAAAAAAAAAAAAAA
A	dW5pdC1tYWdlLXRvd2Vy	AAAAAAAAAAAAAAAA
A	dW5pdC1tYW4tb2YtbGlnaHQ	FFFFFFFFFFFFFFFF
A	dW5pdC1vZ3Jl	AAAAAAAAAAAAAAAA
A	dW5pdC1vZ3JlLWp1Z2dlcm5hdWdodA	AAAAAAAAAAAAAAAA
A	dW5pdC1vZ3JlLW1hZ2U	AAAAAAAAAAAAAAAA
A	dW5pdC1vZ3JlLW1vdW5k	AAAAAAAAAAAAAAAA
A	dW5pdC1vaWwtcGF0Y2g	FFFFFFFFFFFFFFFF
A	dW5pdC1vcmMtYmFycmFja3M	AAAAAAAAAAAAAAAA
A	dW5pdC1vcmMtYmxhY2tzbWl0aA	AAAAAAAAAAAAAAAA
A	dW5pdC1vcmMtY2Fubm9uLXRvd2Vy	AAAAAAAAAAAAAAAA
A	dW5pdC1vcmMtZGVhZC1ib2R5	FFFFFFFFFFFFFFFF
A	dW5pdC1vcmMtZGVzdHJveWVy	AAAAAAAAAAAAAAAA
A	dW5pdC1vcmMtZm91bmRyeQ	AAAAAAAAAAAAAAAA
A	dW5pdC1vcmMtZ3VhcmQtdG93ZXI	AAAAAAAAAAAAAAAA
A	dW5pdC1vcmMtb2lsLXBsYXRmb3Jt	AAAAAAAAAAAAAAAA
A	dW5pdC1vcmMtb2lsLXRhbmtlcg	AAAAAAAAAAAAAAAA
A	dW5pdC1vcmMtcmVmaW5lcnk	AAAAAAAAAAAAAAAA
A	dW5pdC1vcmMtc2hpcHlhcmQ	AAAAAAAAAAAAAAAA
A	dW5pdC1vcmMtc3RhcnQtbG9jYXRpb24	FFFFFFFFFFFFFFFF
A	dW5pdC1vcmMtc3VibWFyaW5l	FFFFFFFFFFFFFFFF
A	dW5pdC1vcmMtdHJhbnNwb3J0	AAAAAAAAAAAAAAAA
A	dW5pdC1vcmMtd2FsbA	AAAAAAAAAAAAAAAA
A	dW5pdC1vcmMtd2F0Y2gtdG93ZXI	AAAAAAAAAAAAAAAA
A	dW5pdC1wYWxhZGlu	AAAAAAAAAAAAAAAA
A	dW5pdC1wZWFzYW50	AAAAAAAAAAAAAAAA
A	dW5pdC1wZW9u	AAAAAAAAAAAAAAAA
A	dW5pdC1waWctZmFybQ	AAAAAAAAAAAAAAAA
A	dW5pdC1xdWljay1ibGFkZQ	FFFFFFFFFFFFFFFF
A	dW5pdC1yYW5nZXI	AAAAAAAAAAAAAAAA
A	dW5pdC1ydW5lc3RvbmU	FFFFFFFFFFFFFFFF
A	dW5pdC1zaGFycC1heGU	FFFFFFFFFFFFFFFF
A	dW5pdC1za2VsZXRvbg	FFFFFFFFFFFFFFFF
A	dW5pdC1zdGFibGVz	AAAAAAAAAAAAAAAA
A	dW5pdC1zdHJvbmdob2xk	AAAAAAAAAAAAAAAA
A	dW5pdC10ZW1wbGUtb2YtdGhlLWRhbW5lZA	AAAAAAAAAAAAAAAA
A	dW5pdC10b3duLWhhbGw	AAAAAAAAAAAAAAAA
A	dW5pdC10cm9sbC1sdW1iZXItbWlsbA	AAAAAAAAAAAAAAAA
A	dW5pdC13aGl0ZS1tYWdl	FFFFFFFFFFFFFFFF
A	dW5pdC13aXNlLW1hbg	FFFFFFFFFFFFFFFF
A	dW5pdC16ZXBwZWxpbg	AAAAAAAAAAAAAAAA
A	dXBncmFkZS1hcnJvdzE	AAAAAAAAAAAAAAAA
A	dXBncmFkZS1hcnJvdzI	AAAAAAAAAAAAAAAA
A	dXBncmFkZS1iYWxsaXN0YTE	AAAAAAAAAAAAAAAA
A	dXBncmFkZS1iYWxsaXN0YTI	AAAAAAAAAAAAAAAA
A	dXBncmFkZS1iYXR0bGUtYXhlMQ	AAAAAAAAAAAAAAAA
A	dXBncmFkZS1iYXR0bGUtYXhlMg	AAAAAAAAAAAAAAAA
A	dXBncmFkZS1iZXJzZXJrZXI	AAAAAAAAAAAAAAAA
A	dXBncmFkZS1iZXJzZXJrZXItcmVnZW5lcmF0aW9u	AAAAAAAAAAAAAAAA
A	dXBncmFkZS1iZXJzZXJrZXItc2NvdXRpbmc	AAAAAAAAAAAAAAAA
A	dXBncmFkZS1ibGl6emFyZA	FFFFFFFFFFFFFFFF
A	dXBncmFkZS1ibG9vZGx1c3Q	AAAAAAAAAAAAAAAA
A	dXBncmFkZS1ibG9vZGx1c3QtZG91YmxlLWhlYWQ	RRRRRRRRRRRRRRRR
A	dXBncmFkZS1jYXRhcHVsdDE	AAAAAAAAAAAAAAAA
A	dXBncmFkZS1jYXRhcHVsdDI	AAAAAAAAAAAAAAAA
A	dXBncmFkZS1kZWF0aC1hbmQtZGVjYXk	FFFFFFFFFFFFFFFF
A	dXBncmFkZS1kZWF0aC1jb2ls	RRRRRRRRRRRRRRRR
A	dXBncmFkZS1leG9yY2lzbQ	AAAAAAAAAAAAAAAA
A	dXBncmFkZS1leWUtb2Yta2lscm9nZw	RRRRRRRRRRRRRRRR
A	dXBncmFkZS1leWUtb2Yta2lscm9nZy1kb3VibGUtaGVhZA	RRRRRRRRRRRRRRRR
A	dXBncmFkZS1maXJlYmFsbA	RRRRRRRRRRRRRRRR
A	dXBncmFkZS1mbGFtZS1zaGllbGQ	AAAAAAAAAAAAAAAA
A	dXBncmFkZS1oYXN0ZQ	AAAAAAAAAAAAAAAA
A	dXBncmFkZS1oZWFsaW5n	AAAAAAAAAAAAAAAA
A	dXBncmFkZS1ob2x5LXZpc2lvbg	RRRRRRRRRRRRRRRR
A	dXBncmFkZS1odW1hbi1zaGllbGQx	AAAAAAAAAAAAAAAA
A	dXBncmFkZS1odW1hbi1zaGllbGQy	AAAAAAAAAAAAAAAA
A	dXBncmFkZS1odW1hbi1zaGlwLWFybW9yMQ	AAAAAAAAAAAAAAAA
A	dXBncmFkZS1odW1hbi1zaGlwLWFybW9yMg	AAAAAAAAAAAAAAAA
A	dXBncmFkZS1odW1hbi1zaGlwLWNhbm5vbjE	AAAAAAAAAAAAAAAA
A	dXBncmFkZS1odW1hbi1zaGlwLWNhbm5vbjI	AAAAAAAAAAAAAAAA
A	dXBncmFkZS1pbnZpc2liaWxpdHk	FFFFFFFFFFFFFFFF
A	dXBncmFkZS1saWdodC1heGVz	AAAAAAAAAAAAAAAA
A	dXBncmFkZS1sb25nYm93	AAAAAAAAAAAAAAAA
A	dXBncmFkZS1vZ3JlLW1hZ2U	AAAAAAAAAAAAAAAA
A	dXBncmFkZS1vcmMtc2hpZWxkMQ	AAAAAAAAAAAAAAAA
A	dXBncmFkZS1vcmMtc2hpZWxkMg	AAAAAAAAAAAAAAAA
A	dXBncmFkZS1vcmMtc2hpcC1hcm1vcjE	AAAAAAAAAAAAAAAA
A	dXBncmFkZS1vcmMtc2hpcC1hcm1vcjI	AAAAAAAAAAAAAAAA
A	dXBncmFkZS1vcmMtc2hpcC1jYW5ub24x	AAAAAAAAAAAAAAAA
A	dXBncmFkZS1vcmMtc2hpcC1jYW5ub24y	AAAAAAAAAAAAAAAA
A	dXBncmFkZS1wYWxhZGlu	AAAAAAAAAAAAAAAA
A	dXBncmFkZS1wb2x5bW9ycGg	FFFFFFFFFFFFFFFF
A	dXBncmFkZS1yYWlzZS1kZWFk	AAAAAAAAAAAAAAAA
A	dXBncmFkZS1yYW5nZXI	AAAAAAAAAAAAAAAA
A	dXBncmFkZS1yYW5nZXItbWFya3NtYW5zaGlw	AAAAAAAAAAAAAAAA
A	dXBncmFkZS1yYW5nZXItc2NvdXRpbmc	AAAAAAAAAAAAAAAA
A	dXBncmFkZS1ydW5lcw	AAAAAAAAAAAAAAAA
A	dXBncmFkZS1ydW5lcy1kb3VibGUtaGVhZA	RRRRRRRRRRRRRRRR
A	dXBncmFkZS1zbG93	AAAAAAAAAAAAAAAA
A	dXBncmFkZS1zd29yZDE	AAAAAAAAAAAAAAAA
A	dXBncmFkZS1zd29yZDI	AAAAAAAAAAAAAAAA
A	dXBncmFkZS10aHJvd2luZy1heGUx	AAAAAAAAAAAAAAAA
A	dXBncmFkZS10aHJvd2luZy1heGUy	AAAAAAAAAAAAAAAA
A	dXBncmFkZS11bmhvbHktYXJtb3I	FFFFFFFFFFFFFFFF
A	dXBncmFkZS13aGlybHdpbmQ	FFFFFFFFFFFFFFFF
I	1	aHVtLTEx	MAP
I	4	aHVtLTEx	MAP
T	TjMgVE9UQUwgTjAgRVEgVEhJUyBPUFBPTkVOVFMgTjAgRVEgQU5E	VklDVE9SWQ
T	VEhJUyBUT1RBTCBOMCBFUQ	REVGRUFU
E
M	Y2FtcGFpZ25zL2h1bWFuL2xldmVsMTJo	Li4vY2FtcGFpZ25zL2h1bWFuL2ludGVyZmFjZS9pbnRyb3NjcmVlbjQucG5n	1	Y2FtcGFpZ25zL2h1bWFuL2xldmVsMTJoLWludHJvMS53YXY
A	dW5pdC1hbGNoZW1pc3Q	AAAAAAAAAAAAAAAA
A	dW5pdC1hbHRhci1vZi1zdG9ybXM	AAAAAAAAAAAAAAAA
A	dW5pdC1hcmNoZXI	AAAAAAAAAAAAAAAA
A	dW5pdC1hcnRob3ItbGl0ZXJpb3M	FFFFFFFFFFFFFFFF
A	dW5pdC1heGV0aHJvd2Vy	AAAAAAAAAAAAAAAA
A	dW5pdC1iYWxsaXN0YQ	AAAAAAAAAAAAAAAA
A	dW5pdC1iYWxsb29u	AAAAAAAAAAAAAAAA
A	dW5pdC1iYXR0bGVzaGlw	AAAAAAAAAAAAAAAA
A	dW5pdC1iZWFzdC1jcnk	FFFFFFFFFFFFFFFF
A	dW5pdC1iZXJzZXJrZXI	AAAAAAAAAAAAAAAA
A	dW5pdC1jYXN0bGU	AAAAAAAAAAAAAAAA
A	dW5pdC1jYXRhcHVsdA	AAAAAAAAAAAAAAAA
A	dW5pdC1jaHVyY2g	AAAAAAAAAAAAAAAA
A	dW5pdC1jaXJjbGUtb2YtcG93ZXI	FFFFFFFFFFFFFFFF
A	dW5pdC1jcml0dGVy	FFFFFFFFFFFFFFFF
A	dW5pdC1kYWVtb24	FFFFFFFFFFFFFFFF
A	dW5pdC1kYXJrLXBvcnRhbA	FFFFFFFFFFFFFFFF
A	dW5pdC1kZWFkLXNlYS1ib2R5	FFFFFFFFFFFFFFFF
A	dW5pdC1kZWF0aC1rbmlnaHQ	AAAAAAAAAAAAAAAA
A	dW5pdC1kZXN0cm95ZWQtMXgxLXBsYWNl	FFFFFFFFFFFFFFFF
A	dW5pdC1kZXN0cm95ZWQtMngyLXBsYWNl	FFFFFFFFFFFFFFFF
A	dW5pdC1kZXN0cm95ZWQtM3gzLXBsYWNl	FFFFFFFFFFFFFFFF
A	dW5pdC1kZXN0cm95ZWQtM3gzLXBsYWNlLXdhdGVy	FFFFFFFFFFFFFFFF
A	dW5pdC1kZXN0cm95ZWQtNHg0LXBsYWNl	FFFFFFFFFFFFFFFF
A	dW5pdC1kb3VibGUtaGVhZA	FFFFFFFFFFFFFFFF
A	dW5pdC1kcmFnb24	FFFFFFFFFFFFFFFF
A	dW5pdC1kcmFnb24tcm9vc3Q	FFFFFFFFFFFFFFFF
A	dW5pdC1kd2FydmVz	AAAAAAAAAAAAAAAA
A	dW5pdC1lbHZlbi1sdW1iZXItbWlsbA	AAAAAAAAAAAAAAAA
A	dW5pdC1ldmlsLWtuaWdodA	FFFFFFFFFFFFFFFF
A	dW5pdC1leWUtb2YtdmlzaW9u	FFFFFFFFFFFFFFFF
A	dW5pdC1mYWQtbWFu	FFFFFFFFFFFFFFFF
A	dW5pdC1mYXJt	AAAAAAAAAAAAAAAA
A	dW5pdC1mZW1hbGUtaGVybw	FFFFFFFFFFFFFFFF
A	dW5pdC1maXJlLWJyZWV6ZQ	FFFFFFFFFFFFFFFF
A	dW5pdC1mbHlpbmctYW5nZWw	FFFFFFFFFFFFFFFF
A	dW5pdC1mb290bWFu	AAAAAAAAAAAAAAAA
A	dW5pdC1mb3J0cmVzcw	AAAAAAAAAAAAAAAA
A	dW5pdC1nb2JsaW4tc2FwcGVycw	AAAAAAAAAAAAAAAA
A	dW5pdC1nb2xkLW1pbmU	FFFFFFFFFFFFFFFF
A	dW5pdC1ncmVhdC1oYWxs	AAAAAAAAAAAAAAAA
A	dW5pdC1ncnVudA	AAAAAAAAAAAAAAAA
A	dW5pdC1ncnlwaG9uLWF2aWFyeQ	FFFFFFFFFFFFFFFF
A	dW5pdC1ncnlwaG9uLXJpZGVy	FFFFFFFFFFFFFFFF
A	dW5pdC1odW1hbi1iYXJyYWNrcw	AAAAAAAAAAAAAAAA
A	dW5pdC1odW1hbi1ibGFja3NtaXRo	AAAAAAAAAAAAAAAA
A	dW5pdC1odW1hbi1jYW5ub24tdG93ZXI	AAAAAAAAAAAAAAAA
A	dW5pdC1odW1hbi1kZWFkLWJvZHk	FFFFFFFFFFFFFFFF
A	dW5pdC1odW1hbi1kZXN0cm95ZXI	AAAAAAAAAAAAAAAA
A	dW5pdC1odW1hbi1mb3VuZHJ5	AAAAAAAAAAAAAAAA
A	dW5pdC1odW1hbi1ndWFyZC10b3dlcg	AAAAAAAAAAAAAAAA
A	dW5pdC1odW1hbi1vaWwtcGxhdGZvcm0	AAAAAAAAAAAAAAAA
A	dW5pdC1odW1hbi1vaWwtdGFua2Vy	AAAAAAAAAAAAAAAA
A	dW5pdC1odW1hbi1yZWZpbmVyeQ	AAAAAAAAAAAAAAAA
A	dW5pdC1odW1hbi1zaGlweWFyZA	AAAAAAAAAAAAAAAA
A	dW5pdC1odW1hbi1zdGFydC1sb2NhdGlvbg	FFFFFFFFFFFFFFFF
A	dW5pdC1odW1hbi1zdWJtYXJpbmU	AAAAAAAAAAAAAAAA
A	dW5pdC1odW1hbi10cmFuc3BvcnQ	AAAAAAAAAAAAAAAA
A	dW5pdC1odW1hbi13YWxs	AAAAAAAAAAAAAAAA
A	dW5pdC1odW1hbi13YXRjaC10b3dlcg	AAAAAAAAAAAAAAAA
A	dW5pdC1pY2UtYnJpbmdlcg	FFFFFFFFFFFFFFFF
A	dW5pdC1pbnZlbnRvcg	AAAAAAAAAAAAAAAA
A	dW5pdC1rZWVw	AAAAAAAAAAAAAAAA
A	dW5pdC1rbmlnaHQ	AAAAAAAAAAAAAAAA
A	dW5pdC1rbmlnaHQtcmlkZXI	FFFFFFFFFFFFFFFF
A	dW5pdC1tYWdl	AAAAAAAAAAAAAAAA
A	dW5pdC1tYWdlLXRvd2Vy	AAAAAAAAAAAAAAAA
A	dW5pdC1tYW4tb2YtbGlnaHQ	FFFFFFFFFFFFFFFF
A	dW5pdC1vZ3Jl	AAAAAAAAAAAAAAAA
A	dW5pdC1vZ3JlLWp1Z2dlcm5hdWdodA	AAAAAAAAAAAAAAAA
A	dW5pdC1vZ3JlLW1hZ2U	AAAAAAAAAAAAAAAA
A	dW5pdC1vZ3JlLW1vdW5k	AAAAAAAAAAAAAAAA
A	dW5pdC1vaWwtcGF0Y2g	FFFFFFFFFFFFFFFF
A	dW5pdC1vcmMtYmFycmFja3M	AAAAAAAAAAAAAAAA
A	dW5pdC1vcmMtYmxhY2tzbWl0aA	AAAAAAAAAAAAAAAA
A	dW5pdC1vcmMtY2Fubm9uLXRvd2Vy	AAAAAAAAAAAAAAAA
A	dW5pdC1vcmMtZGVhZC1ib2R5	FFFFFFFFFFFFFFFF
A	dW5pdC1vcmMtZGVzdHJveWVy	AAAAAAAAAAAAAAAA
A	dW5pdC1vcmMtZm91bmRyeQ	AAAAAAAAAAAAAAAA
A	dW5pdC1vcmMtZ3VhcmQtdG93ZXI	AAAAAAAAAAAAAAAA
A	dW5pdC1vcmMtb2lsLXBsYXRmb3Jt	AAAAAAAAAAAAAAAA
A	dW5pdC1vcmMtb2lsLXRhbmtlcg	AAAAAAAAAAAAAAAA
A	dW5pdC1vcmMtcmVmaW5lcnk	AAAAAAAAAAAAAAAA
A	dW5pdC1vcmMtc2hpcHlhcmQ	AAAAAAAAAAAAAAAA
A	dW5pdC1vcmMtc3RhcnQtbG9jYXRpb24	FFFFFFFFFFFFFFFF
A	dW5pdC1vcmMtc3VibWFyaW5l	AAAAAAAAAAAAAAAA
A	dW5pdC1vcmMtdHJhbnNwb3J0	AAAAAAAAAAAAAAAA
A	dW5pdC1vcmMtd2FsbA	AAAAAAAAAAAAAAAA
A	dW5pdC1vcmMtd2F0Y2gtdG93ZXI	AAAAAAAAAAAAAAAA
A	dW5pdC1wYWxhZGlu	AAAAAAAAAAAAAAAA
A	dW5pdC1wZWFzYW50	AAAAAAAAAAAAAAAA
A	dW5pdC1wZW9u	AAAAAAAAAAAAAAAA
A	dW5pdC1waWctZmFybQ	AAAAAAAAAAAAAAAA
A	dW5pdC1xdWljay1ibGFkZQ	FFFFFFFFFFFFFFFF
A	dW5pdC1yYW5nZXI	AAAAAAAAAAAAAAAA
A	dW5pdC1ydW5lc3RvbmU	FFFFFFFFFFFFFFFF
A	dW5pdC1zaGFycC1heGU	FFFFFFFFFFFFFFFF
A	dW5pdC1za2VsZXRvbg	FFFFFFFFFFFFFFFF
A	dW5pdC1zdGFibGVz	AAAAAAAAAAAAAAAA
A	dW5pdC1zdHJvbmdob2xk	AAAAAAAAAAAAAAAA
A	dW5pdC10ZW1wbGUtb2YtdGhlLWRhbW5lZA	AAAAAAAAAAAAAAAA
A	dW5pdC10b3duLWhhbGw	AAAAAAAAAAAAAAAA
A	dW5pdC10cm9sbC1sdW1iZXItbWlsbA	AAAAAAAAAAAAAAAA
A	dW5pdC13aGl0ZS1tYWdl	FFFFFFFFFFFFFFFF
A	dW5pdC13aXNlLW1hbg	FFFFFFFFFFFFFFFF
A	dW5pdC16ZXBwZWxpbg	AAAAAAAAAAAAAAAA
A	dXBncmFkZS1hcnJvdzE	AAAAAAAAAAAAAAAA
A	dXBncmFkZS1hcnJvdzI	AAAAAAAAAAAAAAAA
A	dXBncmFkZS1iYWxsaXN0YTE	AAAAAAAAAAAAAAAA
A	dXBncmFkZS1iYWxsaXN0YTI	AAAAAAAAAAAAAAAA
A	dXBncmFkZS1iYXR0bGUtYXhlMQ	AAAAAAAAAAAAAAAA
A	dXBncmFkZS1iYXR0bGUtYXhlMg	AAAAAAAAAAAAAAAA
A	dXBncmFkZS1iZXJzZXJrZXI	AAAAAAAAAAAAAAAA
A	dXBncmFkZS1iZXJzZXJrZXItcmVnZW5lcmF0aW9u	AAAAAAAAAAAAAAAA
A	dXBncmFkZS1iZXJzZXJrZXItc2NvdXRpbmc	AAAAAAAAAAAAAAAA
A	dXBncmFkZS1ibGl6emFyZA	AAAAAAAAAAAAAAAA
A	dXBncmFkZS1ibG9vZGx1c3Q	AAAAAAAAAAAAAAAA
A	dXBncmFkZS1ibG9vZGx1c3QtZG91YmxlLWhlYWQ	RRRRRRRRRRRRRRRR
A	dXBncmFkZS1jYXRhcHVsdDE	AAAAAAAAAAAAAAAA
A	dXBncmFkZS1jYXRhcHVsdDI	AAAAAAAAAAAAAAAA
A	dXBncmFkZS1kZWF0aC1hbmQtZGVjYXk	AAAAAAAAAAAAAAAA
A	dXBncmFkZS1kZWF0aC1jb2ls	RRRRRRRRRRRRRRRR
A	dXBncmFkZS1leG9yY2lzbQ	AAAAAAAAAAAAAAAA
A	dXBncmFkZS1leWUtb2Yta2lscm9nZw	RRRRRRRRRRRRRRRR
A	dXBncmFkZS1leWUtb2Yta2lscm9nZy1kb3VibGUtaGVhZA	RRRRRRRRRRRRRRRR
A	dXBncmFkZS1maXJlYmFsbA	RRRRRRRRRRRRRRRR
A	dXBncmFkZS1mbGFtZS1zaGllbGQ	AAAAAAAAAAAAAAAA
A	dXBncmFkZS1oYXN0ZQ	AAAAAAAAAAAAAAAA
A	dXBncmFkZS1oZWFsaW5n	AAAAAAAAAAAAAAAA
A	dXBncmFkZS1ob2x5LXZpc2lvbg	RRRRRRRRRRRRRRRR
A	dXBncmFkZS1odW1hbi1zaGllbGQx	AAAAAAAAAAAAAAAA
A	dXBncmFkZS1odW1hbi1zaGllbGQy	AAAAAAAAAAAAAAAA
A	dXBncmFkZS1odW1hbi1zaGlwLWFybW9yMQ	AAAAAAAAAAAAAAAA
A	dXBncmFkZS1odW1hbi1zaGlwLWFybW9yMg	AAAAAAAAAAAAAAAA
A	dXBncmFkZS1odW1hbi1zaGlwLWNhbm5vbjE	AAAAAAAAAAAAAAAA
A	dXBncmFkZS1odW1hbi1zaGlwLWNhbm5vbjI	AAAAAAAAAAAAAAAA
A	dXBncmFkZS1pbnZpc2liaWxpdHk	AAAAAAAAAAAAAAAA
A	dXBncmFkZS1saWdodC1heGVz	AAAAAAAAAAAAAAAA
A	dXBncmFkZS1sb25nYm93	AAAAAAAAAAAAAAAA
A	dXBncmFkZS1vZ3JlLW1hZ2U	AAAAAAAAAAAAAAAA
A	dXBncmFkZS1vcmMtc2hpZWxkMQ	AAAAAAAAAAAAAAAA
A	dXBncmFkZS1vcmMtc2hpZWxkMg	AAAAAAAAAAAAAAAA
A	dXBncmFkZS1vcmMtc2hpcC1hcm1vcjE	AAAAAAAAAAAAAAAA
A	dXBncmFkZS1vcmMtc2hpcC1hcm1vcjI	AAAAAAAAAAAAAAAA
A	dXBncmFkZS1vcmMtc2hpcC1jYW5ub24x	AAAAAAAAAAAAAAAA
A	dXBncmFkZS1vcmMtc2hpcC1jYW5ub24y	AAAAAAAAAAAAAAAA
A	dXBncmFkZS1wYWxhZGlu	AAAAAAAAAAAAAAAA
A	dXBncmFkZS1wb2x5bW9ycGg	AAAAAAAAAAAAAAAA
A	dXBncmFkZS1yYWlzZS1kZWFk	AAAAAAAAAAAAAAAA
A	dXBncmFkZS1yYW5nZXI	AAAAAAAAAAAAAAAA
A	dXBncmFkZS1yYW5nZXItbWFya3NtYW5zaGlw	AAAAAAAAAAAAAAAA
A	dXBncmFkZS1yYW5nZXItc2NvdXRpbmc	AAAAAAAAAAAAAAAA
A	dXBncmFkZS1ydW5lcw	AAAAAAAAAAAAAAAA
A	dXBncmFkZS1ydW5lcy1kb3VibGUtaGVhZA	RRRRRRRRRRRRRRRR
A	dXBncmFkZS1zbG93	AAAAAAAAAAAAAAAA
A	dXBncmFkZS1zd29yZDE	AAAAAAAAAAAAAAAA
A	dXBncmFkZS1zd29yZDI	AAAAAAAAAAAAAAAA
A	dXBncmFkZS10aHJvd2luZy1heGUx	AAAAAAAAAAAAAAAA
A	dXBncmFkZS10aHJvd2luZy1heGUy	AAAAAAAAAAAAAAAA
A	dXBncmFkZS11bmhvbHktYXJtb3I	AAAAAAAAAAAAAAAA
A	dXBncmFkZS13aGlybHdpbmQ	AAAAAAAAAAAAAAAA
I	0	aHVtLTEy	MAP
T	TjAgUWRXNXBkQzF2Y21NdGRISmhibk53YjNKMCBVTklUX0NPVU5UIE4wIEVRIE4wIFFkVzVwZEMxdmNtTXRjbVZtYVc1bGNuayBVTklUX0NPVU5UIE4wIEVRIEFORCBOMCBRZFc1cGRDMXZjbU10YzJocGNIbGhjbVEgVU5JVF9DT1VOVCBOMCBFUSBBTkQ	VklDVE9SWQ
T	VEhJUyBUT1RBTCBOMCBFUQ	REVGRUFU
E
M	Y2FtcGFpZ25zL2h1bWFuL2xldmVsMTNo	Li4vY2FtcGFpZ25zL2h1bWFuL2ludGVyZmFjZS9pbnRyb3NjcmVlbjUucG5n	2	Y2FtcGFpZ25zL2h1bWFuL2xldmVsMTNoLWludHJvMS53YXY	Y2FtcGFpZ25zL2h1bWFuL2xldmVsMTNoLWludHJvMi53YXY
A	dW5pdC1hbGNoZW1pc3Q	AAAAAAAAAAAAAAAA
A	dW5pdC1hbHRhci1vZi1zdG9ybXM	AAAAAAAAAAAAAAAA
A	dW5pdC1hcmNoZXI	AAAAAAAAAAAAAAAA
A	dW5pdC1hcnRob3ItbGl0ZXJpb3M	FFFFFFFFFFFFFFFF
A	dW5pdC1heGV0aHJvd2Vy	AAAAAAAAAAAAAAAA
A	dW5pdC1iYWxsaXN0YQ	AAAAAAAAAAAAAAAA
A	dW5pdC1iYWxsb29u	AAAAAAAAAAAAAAAA
A	dW5pdC1iYXR0bGVzaGlw	AAAAAAAAAAAAAAAA
A	dW5pdC1iZWFzdC1jcnk	FFFFFFFFFFFFFFFF
A	dW5pdC1iZXJzZXJrZXI	AAAAAAAAAAAAAAAA
A	dW5pdC1jYXN0bGU	AAAAAAAAAAAAAAAA
A	dW5pdC1jYXRhcHVsdA	AAAAAAAAAAAAAAAA
A	dW5pdC1jaHVyY2g	AAAAAAAAAAAAAAAA
A	dW5pdC1jaXJjbGUtb2YtcG93ZXI	FFFFFFFFFFFFFFFF
A	dW5pdC1jcml0dGVy	FFFFFFFFFFFFFFFF
A	dW5pdC1kYWVtb24	FFFFFFFFFFFFFFFF
A	dW5pdC1kYXJrLXBvcnRhbA	FFFFFFFFFFFFFFFF
A	dW5pdC1kZWFkLXNlYS1ib2R5	FFFFFFFFFFFFFFFF
A	dW5pdC1kZWF0aC1rbmlnaHQ	AAAAAAAAAAAAAAAA
A	dW5pdC1kZXN0cm95ZWQtMXgxLXBsYWNl	FFFFFFFFFFFFFFFF
A	dW5pdC1kZXN0cm95ZWQtMngyLXBsYWNl	FFFFFFFFFFFFFFFF
A	dW5pdC1kZXN0cm95ZWQtM3gzLXBsYWNl	FFFFFFFFFFFFFFFF
A	dW5pdC1kZXN0cm95ZWQtM3gzLXBsYWNlLXdhdGVy	FFFFFFFFFFFFFFFF
A	dW5pdC1kZXN0cm95ZWQtNHg0LXBsYWNl	FFFFFFFFFFFFFFFF
A	dW5pdC1kb3VibGUtaGVhZA	FFFFFFFFFFFFFFFF
A	dW5pdC1kcmFnb24	AAAAAAAAAAAAAAAA
A	dW5pdC1kcmFnb24tcm9vc3Q	AAAAAAAAAAAAAAAA
A	dW5pdC1kd2FydmVz	AAAAAAAAAAAAAAAA
A	dW5pdC1lbHZlbi1sdW1iZXItbWlsbA	AAAAAAAAAAAAAAAA
A	dW5pdC1ldmlsLWtuaWdodA	FFFFFFFFFFFFFFFF
A	dW5pdC1leWUtb2YtdmlzaW9u	FFFFFFFFFFFFFFFF
A	dW5pdC1mYWQtbWFu	FFFFFFFFFFFFFFFF
A	dW5pdC1mYXJt	AAAAAAAAAAAAAAAA
A	dW5pdC1mZW1hbGUtaGVybw	FFFFFFFFFFFFFFFF
A	dW5pdC1maXJlLWJyZWV6ZQ	FFFFFFFFFFFFFFFF
A	dW5pdC1mbHlpbmctYW5nZWw	FFFFFFFFFFFFFFFF
A	dW5pdC1mb290bWFu	AAAAAAAAAAAAAAAA
A	dW5pdC1mb3J0cmVzcw	AAAAAAAAAAAAAAAA
A	dW5pdC1nb2JsaW4tc2FwcGVycw	AAAAAAAAAAAAAAAA
A	dW5pdC1nb2xkLW1pbmU	FFFFFFFFFFFFFFFF
A	dW5pdC1ncmVhdC1oYWxs	AAAAAAAAAAAAAAAA
A	dW5pdC1ncnVudA	AAAAAAAAAAAAAAAA
A	dW5pdC1ncnlwaG9uLWF2aWFyeQ	AAAAAAAAAAAAAAAA
A	dW5pdC1ncnlwaG9uLXJpZGVy	AAAAAAAAAAAAAAAA
A	dW5pdC1odW1hbi1iYXJyYWNrcw	AAAAAAAAAAAAAAAA
A	dW5pdC1odW1hbi1ibGFja3NtaXRo	AAAAAAAAAAAAAAAA
A	dW5pdC1odW1hbi1jYW5ub24tdG93ZXI	AAAAAAAAAAAAAAAA
A	dW5pdC1odW1hbi1kZWFkLWJvZHk	FFFFFFFFFFFFFFFF
A	dW5pdC1odW1hbi1kZXN0cm95ZXI	AAAAAAAAAAAAAAAA
A	dW5pdC1odW1hbi1mb3VuZHJ5	AAAAAAAAAAAAAAAA
A	dW5pdC1odW1hbi1ndWFyZC10b3dlcg	AAAAAAAAAAAAAAAA
A	dW5pdC1odW1hbi1vaWwtcGxhdGZvcm0	AAAAAAAAAAAAAAAA
A	dW5pdC1odW1hbi1vaWwtdGFua2Vy	AAAAAAAAAAAAAAAA
A	dW5pdC1odW1hbi1yZWZpbmVyeQ	AAAAAAAAAAAAAAAA
A	dW5pdC1odW1hbi1zaGlweWFyZA	AAAAAAAAAAAAAAAA
A	dW5pdC1odW1hbi1zdGFydC1sb2NhdGlvbg	FFFFFFFFFFFFFFFF
A	dW5pdC1odW1hbi1zdWJtYXJpbmU	AAAAAAAAAAAAAAAA
A	dW5pdC1odW1hbi10cmFuc3BvcnQ	AAAAAAAAAAAAAAAA
A	dW5pdC1odW1hbi13YWxs	AAAAAAAAAAAAAAAA
A	dW5pdC1odW1hbi13YXRjaC10b3dlcg	AAAAAAAAAAAAAAAA
A	dW5pdC1pY2UtYnJpbmdlcg	FFFFFFFFFFFFFFFF
A	dW5pdC1pbnZlbnRvcg	AAAAAAAAAAAAAAAA
A	dW5pdC1rZWVw	AAAAAAAAAAAAAAAA
A	dW5pdC1rbmlnaHQ	AAAAAAAAAAAAAAAA
A	dW5pdC1rbmlnaHQtcmlkZXI	FFFFFFFFFFFFFFFF
A	dW5pdC1tYWdl	AAAAAAAAAAAAAAAA
A	dW5pdC1tYWdlLXRvd2Vy	AAAAAAAAAAAAAAAA
A	dW5pdC1tYW4tb2YtbGlnaHQ	FFFFFFFFFFFFFFFF
A	dW5pdC1vZ3Jl	AAAAAAAAAAAAAAAA
A	dW5pdC1vZ3JlLWp1Z2dlcm5hdWdodA	AAAAAAAAAAAAAAAA
A	dW5pdC1vZ3JlLW1hZ2U	AAAAAAAAAAAAAAAA
A	dW5pdC1vZ3JlLW1vdW5k	AAAAAAAAAAAAAAAA
A	dW5pdC1vaWwtcGF0Y2g	FFFFFFFFFFFFFFFF
A	dW5pdC1vcmMtYmFycmFja3M	AAAAAAAAAAAAAAAA
A	dW5pdC1vcmMtYmxhY2tzbWl0aA	AAAAAAAAAAAAAAAA
A	dW5pdC1vcmMtY2Fubm9uLXRvd2Vy	AAAAAAAAAAAAAAAA
A	dW5pdC1vcmMtZGVhZC1ib2R5	FFFFFFFFFFFFFFFF
A	dW5pdC1vcmMtZGVzdHJveWVy	AAAAAAAAAAAAAAAA
A	dW5pdC1vcmMtZm91bmRyeQ	AAAAAAAAAAAAAAAA
A	dW5pdC1vcmMtZ3VhcmQtdG93ZXI	AAAAAAAAAAAAAAAA
A	dW5pdC1vcmMtb2lsLXBsYXRmb3Jt	AAAAAAAAAAAAAAAA
A	dW5pdC1vcmMtb2lsLXRhbmtlcg	AAAAAAAAAAAAAAAA
A	dW5pdC1vcmMtcmVmaW5lcnk	AAAAAAAAAAAAAAAA
A	dW5pdC1vcmMtc2hpcHlhcmQ	AAAAAAAAAAAAAAAA
A	dW5pdC1vcmMtc3RhcnQtbG9jYXRpb24	FFFFFFFFFFFFFFFF
A	dW5pdC1vcmMtc3VibWFyaW5l	AAAAAAAAAAAAAAAA
A	dW5pdC1vcmMtdHJhbnNwb3J0	AAAAAAAAAAAAAAAA
A	dW5pdC1vcmMtd2FsbA	AAAAAAAAAAAAAAAA
A	dW5pdC1vcmMtd2F0Y2gtdG93ZXI	AAAAAAAAAAAAAAAA
A	dW5pdC1wYWxhZGlu	AAAAAAAAAAAAAAAA
A	dW5pdC1wZWFzYW50	AAAAAAAAAAAAAAAA
A	dW5pdC1wZW9u	AAAAAAAAAAAAAAAA
A	dW5pdC1waWctZmFybQ	AAAAAAAAAAAAAAAA
A	dW5pdC1xdWljay1ibGFkZQ	FFFFFFFFFFFFFFFF
A	dW5pdC1yYW5nZXI	AAAAAAAAAAAAAAAA
A	dW5pdC1ydW5lc3RvbmU	FFFFFFFFFFFFFFFF
A	dW5pdC1zaGFycC1heGU	FFFFFFFFFFFFFFFF
A	dW5pdC1za2VsZXRvbg	FFFFFFFFFFFFFFFF
A	dW5pdC1zdGFibGVz	AAAAAAAAAAAAAAAA
A	dW5pdC1zdHJvbmdob2xk	AAAAAAAAAAAAAAAA
A	dW5pdC10ZW1wbGUtb2YtdGhlLWRhbW5lZA	AAAAAAAAAAAAAAAA
A	dW5pdC10b3duLWhhbGw	AAAAAAAAAAAAAAAA
A	dW5pdC10cm9sbC1sdW1iZXItbWlsbA	AAAAAAAAAAAAAAAA
A	dW5pdC13aGl0ZS1tYWdl	FFFFFFFFFFFFFFFF
A	dW5pdC13aXNlLW1hbg	FFFFFFFFFFFFFFFF
A	dW5pdC16ZXBwZWxpbg	AAAAAAAAAAAAAAAA
A	dXBncmFkZS1hcnJvdzE	AAAAAAAAAAAAAAAA
A	dXBncmFkZS1hcnJvdzI	AAAAAAAAAAAAAAAA
A	dXBncmFkZS1iYWxsaXN0YTE	AAAAAAAAAAAAAAAA
A	dXBncmFkZS1iYWxsaXN0YTI	AAAAAAAAAAAAAAAA
A	dXBncmFkZS1iYXR0bGUtYXhlMQ	AAAAAAAAAAAAAAAA
A	dXBncmFkZS1iYXR0bGUtYXhlMg	AAAAAAAAAAAAAAAA
A	dXBncmFkZS1iZXJzZXJrZXI	AAAAAAAAAAAAAAAA
A	dXBncmFkZS1iZXJzZXJrZXItcmVnZW5lcmF0aW9u	AAAAAAAAAAAAAAAA
A	dXBncmFkZS1iZXJzZXJrZXItc2NvdXRpbmc	AAAAAAAAAAAAAAAA
A	dXBncmFkZS1ibGl6emFyZA	AAAAAAAAAAAAAAAA
A	dXBncmFkZS1ibG9vZGx1c3Q	AAAAAAAAAAAAAAAA
A	dXBncmFkZS1ibG9vZGx1c3QtZG91YmxlLWhlYWQ	RRRRRRRRRRRRRRRR
A	dXBncmFkZS1jYXRhcHVsdDE	AAAAAAAAAAAAAAAA
A	dXBncmFkZS1jYXRhcHVsdDI	AAAAAAAAAAAAAAAA
A	dXBncmFkZS1kZWF0aC1hbmQtZGVjYXk	AAAAAAAAAAAAAAAA
A	dXBncmFkZS1kZWF0aC1jb2ls	RRRRRRRRRRRRRRRR
A	dXBncmFkZS1leG9yY2lzbQ	AAAAAAAAAAAAAAAA
A	dXBncmFkZS1leWUtb2Yta2lscm9nZw	RRRRRRRRRRRRRRRR
A	dXBncmFkZS1leWUtb2Yta2lscm9nZy1kb3VibGUtaGVhZA	RRRRRRRRRRRRRRRR
A	dXBncmFkZS1maXJlYmFsbA	RRRRRRRRRRRRRRRR
A	dXBncmFkZS1mbGFtZS1zaGllbGQ	AAAAAAAAAAAAAAAA
A	dXBncmFkZS1oYXN0ZQ	AAAAAAAAAAAAAAAA
A	dXBncmFkZS1oZWFsaW5n	AAAAAAAAAAAAAAAA
A	dXBncmFkZS1ob2x5LXZpc2lvbg	RRRRRRRRRRRRRRRR
A	dXBncmFkZS1odW1hbi1zaGllbGQx	AAAAAAAAAAAAAAAA
A	dXBncmFkZS1odW1hbi1zaGllbGQy	AAAAAAAAAAAAAAAA
A	dXBncmFkZS1odW1hbi1zaGlwLWFybW9yMQ	AAAAAAAAAAAAAAAA
A	dXBncmFkZS1odW1hbi1zaGlwLWFybW9yMg	AAAAAAAAAAAAAAAA
A	dXBncmFkZS1odW1hbi1zaGlwLWNhbm5vbjE	AAAAAAAAAAAAAAAA
A	dXBncmFkZS1odW1hbi1zaGlwLWNhbm5vbjI	AAAAAAAAAAAAAAAA
A	dXBncmFkZS1pbnZpc2liaWxpdHk	AAAAAAAAAAAAAAAA
A	dXBncmFkZS1saWdodC1heGVz	AAAAAAAAAAAAAAAA
A	dXBncmFkZS1sb25nYm93	AAAAAAAAAAAAAAAA
A	dXBncmFkZS1vZ3JlLW1hZ2U	AAAAAAAAAAAAAAAA
A	dXBncmFkZS1vcmMtc2hpZWxkMQ	AAAAAAAAAAAAAAAA
A	dXBncmFkZS1vcmMtc2hpZWxkMg	AAAAAAAAAAAAAAAA
A	dXBncmFkZS1vcmMtc2hpcC1hcm1vcjE	AAAAAAAAAAAAAAAA
A	dXBncmFkZS1vcmMtc2hpcC1hcm1vcjI	AAAAAAAAAAAAAAAA
A	dXBncmFkZS1vcmMtc2hpcC1jYW5ub24x	AAAAAAAAAAAAAAAA
A	dXBncmFkZS1vcmMtc2hpcC1jYW5ub24y	AAAAAAAAAAAAAAAA
A	dXBncmFkZS1wYWxhZGlu	AAAAAAAAAAAAAAAA
A	dXBncmFkZS1wb2x5bW9ycGg	AAAAAAAAAAAAAAAA
A	dXBncmFkZS1yYWlzZS1kZWFk	AAAAAAAAAAAAAAAA
A	dXBncmFkZS1yYW5nZXI	AAAAAAAAAAAAAAAA
A	dXBncmFkZS1yYW5nZXItbWFya3NtYW5zaGlw	AAAAAAAAAAAAAAAA
A	dXBncmFkZS1yYW5nZXItc2NvdXRpbmc	AAAAAAAAAAAAAAAA
A	dXBncmFkZS1ydW5lcw	AAAAAAAAAAAAAAAA
A	dXBncmFkZS1ydW5lcy1kb3VibGUtaGVhZA	RRRRRRRRRRRRRRRR
A	dXBncmFkZS1zbG93	AAAAAAAAAAAAAAAA
A	dXBncmFkZS1zd29yZDE	AAAAAAAAAAAAAAAA
A	dXBncmFkZS1zd29yZDI	AAAAAAAAAAAAAAAA
A	dXBncmFkZS10aHJvd2luZy1heGUx	AAAAAAAAAAAAAAAA
A	dXBncmFkZS10aHJvd2luZy1heGUy	AAAAAAAAAAAAAAAA
A	dXBncmFkZS11bmhvbHktYXJtb3I	AAAAAAAAAAAAAAAA
A	dXBncmFkZS13aGlybHdpbmQ	AAAAAAAAAAAAAAAA
I	0	aHVtLTEz	MAP
I	3	d2MyLWxhbmQtYXR0YWNr	MAP
I	4	aHVtLTEz	MAP
T	VEhJUyBPUFBPTkVOVFMgTjAgRVE	VklDVE9SWQ
T	VEhJUyBUT1RBTCBOMCBFUQ	REVGRUFU
E
M	Y2FtcGFpZ25zL2h1bWFuL2xldmVsMTRo	Li4vY2FtcGFpZ25zL2h1bWFuL2ludGVyZmFjZS9pbnRyb3NjcmVlbjUucG5n	1	Y2FtcGFpZ25zL2h1bWFuL2xldmVsMTRoLWludHJvMS53YXY
A	dW5pdC1hbGNoZW1pc3Q	AAAAAAAAAAAAAAAA
A	dW5pdC1hbHRhci1vZi1zdG9ybXM	AAAAAAAAAAAAAAAA
A	dW5pdC1hcmNoZXI	AAAAAAAAAAAAAAAA
A	dW5pdC1hcnRob3ItbGl0ZXJpb3M	FFFFFFFFFFFFFFFF
A	dW5pdC1heGV0aHJvd2Vy	AAAAAAAAAAAAAAAA
A	dW5pdC1iYWxsaXN0YQ	AAAAAAAAAAAAAAAA
A	dW5pdC1iYWxsb29u	AAAAAAAAAAAAAAAA
A	dW5pdC1iYXR0bGVzaGlw	AAAAAAAAAAAAAAAA
A	dW5pdC1iZWFzdC1jcnk	FFFFFFFFFFFFFFFF
A	dW5pdC1iZXJzZXJrZXI	AAAAAAAAAAAAAAAA
A	dW5pdC1jYXN0bGU	AAAAAAAAAAAAAAAA
A	dW5pdC1jYXRhcHVsdA	AAAAAAAAAAAAAAAA
A	dW5pdC1jaHVyY2g	AAAAAAAAAAAAAAAA
A	dW5pdC1jaXJjbGUtb2YtcG93ZXI	FFFFFFFFFFFFFFFF
A	dW5pdC1jcml0dGVy	FFFFFFFFFFFFFFFF
A	dW5pdC1kYWVtb24	FFFFFFFFFFFFFFFF
A	dW5pdC1kYXJrLXBvcnRhbA	FFFFFFFFFFFFFFFF
A	dW5pdC1kZWFkLXNlYS1ib2R5	FFFFFFFFFFFFFFFF
A	dW5pdC1kZWF0aC1rbmlnaHQ	AAAAAAAAAAAAAAAA
A	dW5pdC1kZXN0cm95ZWQtMXgxLXBsYWNl	FFFFFFFFFFFFFFFF
A	dW5pdC1kZXN0cm95ZWQtMngyLXBsYWNl	FFFFFFFFFFFFFFFF
A	dW5pdC1kZXN0cm95ZWQtM3gzLXBsYWNl	FFFFFFFFFFFFFFFF
A	dW5pdC1kZXN0cm95ZWQtM3gzLXBsYWNlLXdhdGVy	FFFFFFFFFFFFFFFF
A	dW5pdC1kZXN0cm95ZWQtNHg0LXBsYWNl	FFFFFFFFFFFFFFFF
A	dW5pdC1kb3VibGUtaGVhZA	FFFFFFFFFFFFFFFF
A	dW5pdC1kcmFnb24	AAAAAAAAAAAAAAAA
A	dW5pdC1kcmFnb24tcm9vc3Q	AAAAAAAAAAAAAAAA
A	dW5pdC1kd2FydmVz	AAAAAAAAAAAAAAAA
A	dW5pdC1lbHZlbi1sdW1iZXItbWlsbA	AAAAAAAAAAAAAAAA
A	dW5pdC1ldmlsLWtuaWdodA	FFFFFFFFFFFFFFFF
A	dW5pdC1leWUtb2YtdmlzaW9u	FFFFFFFFFFFFFFFF
A	dW5pdC1mYWQtbWFu	FFFFFFFFFFFFFFFF
A	dW5pdC1mYXJt	AAAAAAAAAAAAAAAA
A	dW5pdC1mZW1hbGUtaGVybw	FFFFFFFFFFFFFFFF
A	dW5pdC1maXJlLWJyZWV6ZQ	FFFFFFFFFFFFFFFF
A	dW5pdC1mbHlpbmctYW5nZWw	FFFFFFFFFFFFFFFF
A	dW5pdC1mb290bWFu	AAAAAAAAAAAAAAAA
A	dW5pdC1mb3J0cmVzcw	AAAAAAAAAAAAAAAA
A	dW5pdC1nb2JsaW4tc2FwcGVycw	AAAAAAAAAAAAAAAA
A	dW5pdC1nb2xkLW1pbmU	FFFFFFFFFFFFFFFF
A	dW5pdC1ncmVhdC1oYWxs	AAAAAAAAAAAAAAAA
A	dW5pdC1ncnVudA	AAAAAAAAAAAAAAAA
A	dW5pdC1ncnlwaG9uLWF2aWFyeQ	AAAAAAAAAAAAAAAA
A	dW5pdC1ncnlwaG9uLXJpZGVy	AAAAAAAAAAAAAAAA
A	dW5pdC1odW1hbi1iYXJyYWNrcw	AAAAAAAAAAAAAAAA
A	dW5pdC1odW1hbi1ibGFja3NtaXRo	AAAAAAAAAAAAAAAA
A	dW5pdC1odW1hbi1jYW5ub24tdG93ZXI	AAAAAAAAAAAAAAAA
A	dW5pdC1odW1hbi1kZWFkLWJvZHk	FFFFFFFFFFFFFFFF
A	dW5pdC1odW1hbi1kZXN0cm95ZXI	AAAAAAAAAAAAAAAA
A	dW5pdC1odW1hbi1mb3VuZHJ5	AAAAAAAAAAAAAAAA
A	dW5pdC1odW1hbi1ndWFyZC10b3dlcg	AAAAAAAAAAAAAAAA
A	dW5pdC1odW1hbi1vaWwtcGxhdGZvcm0	AAAAAAAAAAAAAAAA
A	dW5pdC1odW1hbi1vaWwtdGFua2Vy	AAAAAAAAAAAAAAAA
A	dW5pdC1odW1hbi1yZWZpbmVyeQ	AAAAAAAAAAAAAAAA
A	dW5pdC1odW1hbi1zaGlweWFyZA	AAAAAAAAAAAAAAAA
A	dW5pdC1odW1hbi1zdGFydC1sb2NhdGlvbg	FFFFFFFFFFFFFFFF
A	dW5pdC1odW1hbi1zdWJtYXJpbmU	AAAAAAAAAAAAAAAA
A	dW5pdC1odW1hbi10cmFuc3BvcnQ	AAAAAAAAAAAAAAAA
A	dW5pdC1odW1hbi13YWxs	AAAAAAAAAAAAAAAA
A	dW5pdC1odW1hbi13YXRjaC10b3dlcg	AAAAAAAAAAAAAAAA
A	dW5pdC1pY2UtYnJpbmdlcg	FFFFFFFFFFFFFFFF
A	dW5pdC1pbnZlbnRvcg	AAAAAAAAAAAAAAAA
A	dW5pdC1rZWVw	AAAAAAAAAAAAAAAA
A	dW5pdC1rbmlnaHQ	AAAAAAAAAAAAAAAA
A	dW5pdC1rbmlnaHQtcmlkZXI	FFFFFFFFFFFFFFFF
A	dW5pdC1tYWdl	AAAAAAAAAAAAAAAA
A	dW5pdC1tYWdlLXRvd2Vy	AAAAAAAAAAAAAAAA
A	dW5pdC1tYW4tb2YtbGlnaHQ	FFFFFFFFFFFFFFFF
A	dW5pdC1vZ3Jl	AAAAAAAAAAAAAAAA
A	dW5pdC1vZ3JlLWp1Z2dlcm5hdWdodA	AAAAAAAAAAAAAAAA
A	dW5pdC1vZ3JlLW1hZ2U	AAAAAAAAAAAAAAAA
A	dW5pdC1vZ3JlLW1vdW5k	AAAAAAAAAAAAAAAA
A	dW5pdC1vaWwtcGF0Y2g	FFFFFFFFFFFFFFFF
A	dW5pdC1vcmMtYmFycmFja3M	AAAAAAAAAAAAAAAA
A	dW5pdC1vcmMtYmxhY2tzbWl0aA	AAAAAAAAAAAAAAAA
A	dW5pdC1vcmMtY2Fubm9uLXRvd2Vy	AAAAAAAAAAAAAAAA
A	dW5pdC1vcmMtZGVhZC1ib2R5	FFFFFFFFFFFFFFFF
A	dW5pdC1vcmMtZGVzdHJveWVy	AAAAAAAAAAAAAAAA
A	dW5pdC1vcmMtZm91bmRyeQ	AAAAAAAAAAAAAAAA
A	dW5pdC1vcmMtZ3VhcmQtdG93ZXI	AAAAAAAAAAAAAAAA
A	dW5pdC1vcmMtb2lsLXBsYXRmb3Jt	AAAAAAAAAAAAAAAA
A	dW5pdC1vcmMtb2lsLXRhbmtlcg	AAAAAAAAAAAAAAAA
A	dW5pdC1vcmMtcmVmaW5lcnk	AAAAAAAAAAAAAAAA
A	dW5pdC1vcmMtc2hpcHlhcmQ	AAAAAAAAAAAAAAAA
A	dW5pdC1vcmMtc3RhcnQtbG9jYXRpb24	FFFFFFFFFFFFFFFF
A	dW5pdC1vcmMtc3VibWFyaW5l	AAAAAAAAAAAAAAAA
A	dW5pdC1vcmMtdHJhbnNwb3J0	AAAAAAAAAAAAAAAA
A	dW5pdC1vcmMtd2FsbA	AAAAAAAAAAAAAAAA
A	dW5pdC1vcmMtd2F0Y2gtdG93ZXI	AAAAAAAAAAAAAAAA
A	dW5pdC1wYWxhZGlu	AAAAAAAAAAAAAAAA
A	dW5pdC1wZWFzYW50	AAAAAAAAAAAAAAAA
A	dW5pdC1wZW9u	AAAAAAAAAAAAAAAA
A	dW5pdC1waWctZmFybQ	AAAAAAAAAAAAAAAA
A	dW5pdC1xdWljay1ibGFkZQ	FFFFFFFFFFFFFFFF
A	dW5pdC1yYW5nZXI	AAAAAAAAAAAAAAAA
A	dW5pdC1ydW5lc3RvbmU	FFFFFFFFFFFFFFFF
A	dW5pdC1zaGFycC1heGU	FFFFFFFFFFFFFFFF
A	dW5pdC1za2VsZXRvbg	FFFFFFFFFFFFFFFF
A	dW5pdC1zdGFibGVz	AAAAAAAAAAAAAAAA
A	dW5pdC1zdHJvbmdob2xk	AAAAAAAAAAAAAAAA
A	dW5pdC10ZW1wbGUtb2YtdGhlLWRhbW5lZA	AAAAAAAAAAAAAAAA
A	dW5pdC10b3duLWhhbGw	AAAAAAAAAAAAAAAA
A	dW5pdC10cm9sbC1sdW1iZXItbWlsbA	AAAAAAAAAAAAAAAA
A	dW5pdC13aGl0ZS1tYWdl	FFFFFFFFFFFFFFFF
A	dW5pdC13aXNlLW1hbg	FFFFFFFFFFFFFFFF
A	dW5pdC16ZXBwZWxpbg	AAAAAAAAAAAAAAAA
A	dXBncmFkZS1hcnJvdzE	AAAAAAAAAAAAAAAA
A	dXBncmFkZS1hcnJvdzI	AAAAAAAAAAAAAAAA
A	dXBncmFkZS1iYWxsaXN0YTE	AAAAAAAAAAAAAAAA
A	dXBncmFkZS1iYWxsaXN0YTI	AAAAAAAAAAAAAAAA
A	dXBncmFkZS1iYXR0bGUtYXhlMQ	AAAAAAAAAAAAAAAA
A	dXBncmFkZS1iYXR0bGUtYXhlMg	AAAAAAAAAAAAAAAA
A	dXBncmFkZS1iZXJzZXJrZXI	AAAAAAAAAAAAAAAA
A	dXBncmFkZS1iZXJzZXJrZXItcmVnZW5lcmF0aW9u	AAAAAAAAAAAAAAAA
A	dXBncmFkZS1iZXJzZXJrZXItc2NvdXRpbmc	AAAAAAAAAAAAAAAA
A	dXBncmFkZS1ibGl6emFyZA	AAAAAAAAAAAAAAAA
A	dXBncmFkZS1ibG9vZGx1c3Q	AAAAAAAAAAAAAAAA
A	dXBncmFkZS1ibG9vZGx1c3QtZG91YmxlLWhlYWQ	RRRRRRRRRRRRRRRR
A	dXBncmFkZS1jYXRhcHVsdDE	AAAAAAAAAAAAAAAA
A	dXBncmFkZS1jYXRhcHVsdDI	AAAAAAAAAAAAAAAA
A	dXBncmFkZS1kZWF0aC1hbmQtZGVjYXk	AAAAAAAAAAAAAAAA
A	dXBncmFkZS1kZWF0aC1jb2ls	RRRRRRRRRRRRRRRR
A	dXBncmFkZS1leG9yY2lzbQ	AAAAAAAAAAAAAAAA
A	dXBncmFkZS1leWUtb2Yta2lscm9nZw	RRRRRRRRRRRRRRRR
A	dXBncmFkZS1leWUtb2Yta2lscm9nZy1kb3VibGUtaGVhZA	RRRRRRRRRRRRRRRR
A	dXBncmFkZS1maXJlYmFsbA	RRRRRRRRRRRRRRRR
A	dXBncmFkZS1mbGFtZS1zaGllbGQ	AAAAAAAAAAAAAAAA
A	dXBncmFkZS1oYXN0ZQ	AAAAAAAAAAAAAAAA
A	dXBncmFkZS1oZWFsaW5n	AAAAAAAAAAAAAAAA
A	dXBncmFkZS1ob2x5LXZpc2lvbg	RRRRRRRRRRRRRRRR
A	dXBncmFkZS1odW1hbi1zaGllbGQx	AAAAAAAAAAAAAAAA
A	dXBncmFkZS1odW1hbi1zaGllbGQy	AAAAAAAAAAAAAAAA
A	dXBncmFkZS1odW1hbi1zaGlwLWFybW9yMQ	AAAAAAAAAAAAAAAA
A	dXBncmFkZS1odW1hbi1zaGlwLWFybW9yMg	AAAAAAAAAAAAAAAA
A	dXBncmFkZS1odW1hbi1zaGlwLWNhbm5vbjE	AAAAAAAAAAAAAAAA
A	dXBncmFkZS1odW1hbi1zaGlwLWNhbm5vbjI	AAAAAAAAAAAAAAAA
A	dXBncmFkZS1pbnZpc2liaWxpdHk	AAAAAAAAAAAAAAAA
A	dXBncmFkZS1saWdodC1heGVz	AAAAAAAAAAAAAAAA
A	dXBncmFkZS1sb25nYm93	AAAAAAAAAAAAAAAA
A	dXBncmFkZS1vZ3JlLW1hZ2U	AAAAAAAAAAAAAAAA
A	dXBncmFkZS1vcmMtc2hpZWxkMQ	AAAAAAAAAAAAAAAA
A	dXBncmFkZS1vcmMtc2hpZWxkMg	AAAAAAAAAAAAAAAA
A	dXBncmFkZS1vcmMtc2hpcC1hcm1vcjE	AAAAAAAAAAAAAAAA
A	dXBncmFkZS1vcmMtc2hpcC1hcm1vcjI	AAAAAAAAAAAAAAAA
A	dXBncmFkZS1vcmMtc2hpcC1jYW5ub24x	AAAAAAAAAAAAAAAA
A	dXBncmFkZS1vcmMtc2hpcC1jYW5ub24y	AAAAAAAAAAAAAAAA
A	dXBncmFkZS1wYWxhZGlu	AAAAAAAAAAAAAAAA
A	dXBncmFkZS1wb2x5bW9ycGg	AAAAAAAAAAAAAAAA
A	dXBncmFkZS1yYWlzZS1kZWFk	AAAAAAAAAAAAAAAA
A	dXBncmFkZS1yYW5nZXI	AAAAAAAAAAAAAAAA
A	dXBncmFkZS1yYW5nZXItbWFya3NtYW5zaGlw	AAAAAAAAAAAAAAAA
A	dXBncmFkZS1yYW5nZXItc2NvdXRpbmc	AAAAAAAAAAAAAAAA
A	dXBncmFkZS1ydW5lcw	AAAAAAAAAAAAAAAA
A	dXBncmFkZS1ydW5lcy1kb3VibGUtaGVhZA	RRRRRRRRRRRRRRRR
A	dXBncmFkZS1zbG93	AAAAAAAAAAAAAAAA
A	dXBncmFkZS1zd29yZDE	AAAAAAAAAAAAAAAA
A	dXBncmFkZS1zd29yZDI	AAAAAAAAAAAAAAAA
A	dXBncmFkZS10aHJvd2luZy1heGUx	AAAAAAAAAAAAAAAA
A	dXBncmFkZS10aHJvd2luZy1heGUy	AAAAAAAAAAAAAAAA
A	dXBncmFkZS11bmhvbHktYXJtb3I	AAAAAAAAAAAAAAAA
A	dXBncmFkZS13aGlybHdpbmQ	AAAAAAAAAAAAAAAA
I	0	aHVtLTE0LXJlZA	MAP
I	4	aHVtLTE0LW9yYW5nZQ	MAP
I	5	aHVtLTE0LWJsYWNr	MAP
I	6	aHVtLTE0LXdoaXRl	MAP
T	TjE1IFFkVzVwZEMxa1lYSnJMWEJ2Y25SaGJBIFVOSVRfQ09VTlQgTjAgRVE	VklDVE9SWQ
T	VEhJUyBUT1RBTCBOMCBFUQ	REVGRUFU
E
M	Y2FtcGFpZ25zL29yYy9sZXZlbDAxbw	Li4vY2FtcGFpZ25zL29yYy9pbnRlcmZhY2UvaW50cm9zY3JlZW4xLnBuZw	1	Y2FtcGFpZ25zL29yYy9sZXZlbDAxby1pbnRybzEud2F2
A	dW5pdC1hbGNoZW1pc3Q	FFFFFFFFFFFFFFFF
A	dW5pdC1hbHRhci1vZi1zdG9ybXM	FFFFFFFFFFFFFFFF
A	dW5pdC1hcmNoZXI	FFFFFFFFFFFFFFFF
A	dW5pdC1hcnRob3ItbGl0ZXJpb3M	FFFFFFFFFFFFFFFF
A	dW5pdC1heGV0aHJvd2Vy	FFFFFFFFFFFFFFFF
A	dW5pdC1iYWxsaXN0YQ	FFFFFFFFFFFFFFFF
A	dW5pdC1iYWxsb29u	FFFFFFFFFFFFFFFF
A	dW5pdC1iYXR0bGVzaGlw	FFFFFFFFFFFFFFFF
A	dW5pdC1iZWFzdC1jcnk	FFFFFFFFFFFFFFFF
A	dW5pdC1iZXJzZXJrZXI	FFFFFFFFFFFFFFFF
A	dW5pdC1jYXN0bGU	FFFFFFFFFFFFFFFF
A	dW5pdC1jYXRhcHVsdA	FFFFFFFFFFFFFFFF
A	dW5pdC1jaHVyY2g	FFFFFFFFFFFFFFFF
A	dW5pdC1jaXJjbGUtb2YtcG93ZXI	FFFFFFFFFFFFFFFF
A	dW5pdC1jcml0dGVy	FFFFFFFFFFFFFFFF
A	dW5pdC1kYWVtb24	FFFFFFFFFFFFFFFF
A	dW5pdC1kYXJrLXBvcnRhbA	FFFFFFFFFFFFFFFF
A	dW5pdC1kZWFkLXNlYS1ib2R5	FFFFFFFFFFFFFFFF
A	dW5pdC1kZWF0aC1rbmlnaHQ	FFFFFFFFFFFFFFFF
A	dW5pdC1kZXN0cm95ZWQtMXgxLXBsYWNl	FFFFFFFFFFFFFFFF
A	dW5pdC1kZXN0cm95ZWQtMngyLXBsYWNl	FFFFFFFFFFFFFFFF
A	dW5pdC1kZXN0cm95ZWQtM3gzLXBsYWNl	FFFFFFFFFFFFFFFF
A	dW5pdC1kZXN0cm95ZWQtM3gzLXBsYWNlLXdhdGVy	FFFFFFFFFFFFFFFF
A	dW5pdC1kZXN0cm95ZWQtNHg0LXBsYWNl	FFFFFFFFFFFFFFFF
A	dW5pdC1kb3VibGUtaGVhZA	FFFFFFFFFFFFFFFF
A	dW5pdC1kcmFnb24	FFFFFFFFFFFFFFFF
A	dW5pdC1kcmFnb24tcm9vc3Q	FFFFFFFFFFFFFFFF
A	dW5pdC1kd2FydmVz	FFFFFFFFFFFFFFFF
A	dW5pdC1lbHZlbi1sdW1iZXItbWlsbA	FFFFFFFFFFFFFFFF
A	dW5pdC1ldmlsLWtuaWdodA	FFFFFFFFFFFFFFFF
A	dW5pdC1leWUtb2YtdmlzaW9u	FFFFFFFFFFFFFFFF
A	dW5pdC1mYWQtbWFu	FFFFFFFFFFFFFFFF
A	dW5pdC1mYXJt	AAAAAAAAAAAAAAAA
A	dW5pdC1mZW1hbGUtaGVybw	FFFFFFFFFFFFFFFF
A	dW5pdC1maXJlLWJyZWV6ZQ	FFFFFFFFFFFFFFFF
A	dW5pdC1mbHlpbmctYW5nZWw	FFFFFFFFFFFFFFFF
A	dW5pdC1mb290bWFu	AAAAAAAAAAAAAAAA
A	dW5pdC1mb3J0cmVzcw	FFFFFFFFFFFFFFFF
A	dW5pdC1nb2JsaW4tc2FwcGVycw	FFFFFFFFFFFFFFFF
A	dW5pdC1nb2xkLW1pbmU	FFFFFFFFFFFFFFFF
A	dW5pdC1ncmVhdC1oYWxs	AAAAAAAAAAAAAAAA
A	dW5pdC1ncnVudA	AAAAAAAAAAAAAAAA
A	dW5pdC1ncnlwaG9uLWF2aWFyeQ	FFFFFFFFFFFFFFFF
A	dW5pdC1ncnlwaG9uLXJpZGVy	FFFFFFFFFFFFFFFF
A	dW5pdC1odW1hbi1iYXJyYWNrcw	AAAAAAAAAAAAAAAA
A	dW5pdC1odW1hbi1ibGFja3NtaXRo	FFFFFFFFFFFFFFFF
A	dW5pdC1odW1hbi1jYW5ub24tdG93ZXI	FFFFFFFFFFFFFFFF
A	dW5pdC1odW1hbi1kZWFkLWJvZHk	FFFFFFFFFFFFFFFF
A	dW5pdC1odW1hbi1kZXN0cm95ZXI	FFFFFFFFFFFFFFFF
A	dW5pdC1odW1hbi1mb3VuZHJ5	FFFFFFFFFFFFFFFF
A	dW5pdC1odW1hbi1ndWFyZC10b3dlcg	FFFFFFFFFFFFFFFF
A	dW5pdC1odW1hbi1vaWwtcGxhdGZvcm0	FFFFFFFFFFFFFFFF
A	dW5pdC1odW1hbi1vaWwtdGFua2Vy	FFFFFFFFFFFFFFFF
A	dW5pdC1odW1hbi1yZWZpbmVyeQ	FFFFFFFFFFFFFFFF
A	dW5pdC1odW1hbi1zaGlweWFyZA	FFFFFFFFFFFFFFFF
A	dW5pdC1odW1hbi1zdGFydC1sb2NhdGlvbg	FFFFFFFFFFFFFFFF
A	dW5pdC1odW1hbi1zdWJtYXJpbmU	FFFFFFFFFFFFFFFF
A	dW5pdC1odW1hbi10cmFuc3BvcnQ	FFFFFFFFFFFFFFFF
A	dW5pdC1odW1hbi13YWxs	AAAAAAAAAAAAAAAA
A	dW5pdC1odW1hbi13YXRjaC10b3dlcg	FFFFFFFFFFFFFFFF
A	dW5pdC1pY2UtYnJpbmdlcg	FFFFFFFFFFFFFFFF
A	dW5pdC1pbnZlbnRvcg	FFFFFFFFFFFFFFFF
A	dW5pdC1rZWVw	FFFFFFFFFFFFFFFF
A	dW5pdC1rbmlnaHQ	FFFFFFFFFFFFFFFF
A	dW5pdC1rbmlnaHQtcmlkZXI	FFFFFFFFFFFFFFFF
A	dW5pdC1tYWdl	FFFFFFFFFFFFFFFF
A	dW5pdC1tYWdlLXRvd2Vy	FFFFFFFFFFFFFFFF
A	dW5pdC1tYW4tb2YtbGlnaHQ	FFFFFFFFFFFFFFFF
A	dW5pdC1vZ3Jl	FFFFFFFFFFFFFFFF
A	dW5pdC1vZ3JlLWp1Z2dlcm5hdWdodA	FFFFFFFFFFFFFFFF
A	dW5pdC1vZ3JlLW1hZ2U	FFFFFFFFFFFFFFFF
A	dW5pdC1vZ3JlLW1vdW5k	FFFFFFFFFFFFFFFF
A	dW5pdC1vaWwtcGF0Y2g	FFFFFFFFFFFFFFFF
A	dW5pdC1vcmMtYmFycmFja3M	AAAAAAAAAAAAAAAA
A	dW5pdC1vcmMtYmxhY2tzbWl0aA	FFFFFFFFFFFFFFFF
A	dW5pdC1vcmMtY2Fubm9uLXRvd2Vy	FFFFFFFFFFFFFFFF
A	dW5pdC1vcmMtZGVhZC1ib2R5	FFFFFFFFFFFFFFFF
A	dW5pdC1vcmMtZGVzdHJveWVy	FFFFFFFFFFFFFFFF
A	dW5pdC1vcmMtZm91bmRyeQ	FFFFFFFFFFFFFFFF
A	dW5pdC1vcmMtZ3VhcmQtdG93ZXI	FFFFFFFFFFFFFFFF
A	dW5pdC1vcmMtb2lsLXBsYXRmb3Jt	FFFFFFFFFFFFFFFF
A	dW5pdC1vcmMtb2lsLXRhbmtlcg	FFFFFFFFFFFFFFFF
A	dW5pdC1vcmMtcmVmaW5lcnk	FFFFFFFFFFFFFFFF
A	dW5pdC1vcmMtc2hpcHlhcmQ	FFFFFFFFFFFFFFFF
A	dW5pdC1vcmMtc3RhcnQtbG9jYXRpb24	FFFFFFFFFFFFFFFF
A	dW5pdC1vcmMtc3VibWFyaW5l	FFFFFFFFFFFFFFFF
A	dW5pdC1vcmMtdHJhbnNwb3J0	FFFFFFFFFFFFFFFF
A	dW5pdC1vcmMtd2FsbA	AAAAAAAAAAAAAAAA
A	dW5pdC1vcmMtd2F0Y2gtdG93ZXI	FFFFFFFFFFFFFFFF
A	dW5pdC1wYWxhZGlu	FFFFFFFFFFFFFFFF
A	dW5pdC1wZWFzYW50	AAAAAAAAAAAAAAAA
A	dW5pdC1wZW9u	AAAAAAAAAAAAAAAA
A	dW5pdC1waWctZmFybQ	AAAAAAAAAAAAAAAA
A	dW5pdC1xdWljay1ibGFkZQ	FFFFFFFFFFFFFFFF
A	dW5pdC1yYW5nZXI	FFFFFFFFFFFFFFFF
A	dW5pdC1ydW5lc3RvbmU	FFFFFFFFFFFFFFFF
A	dW5pdC1zaGFycC1heGU	FFFFFFFFFFFFFFFF
A	dW5pdC1za2VsZXRvbg	FFFFFFFFFFFFFFFF
A	dW5pdC1zdGFibGVz	FFFFFFFFFFFFFFFF
A	dW5pdC1zdHJvbmdob2xk	FFFFFFFFFFFFFFFF
A	dW5pdC10ZW1wbGUtb2YtdGhlLWRhbW5lZA	FFFFFFFFFFFFFFFF
A	dW5pdC10b3duLWhhbGw	AAAAAAAAAAAAAAAA
A	dW5pdC10cm9sbC1sdW1iZXItbWlsbA	FFFFFFFFFFFFFFFF
A	dW5pdC13aGl0ZS1tYWdl	FFFFFFFFFFFFFFFF
A	dW5pdC13aXNlLW1hbg	FFFFFFFFFFFFFFFF
A	dW5pdC16ZXBwZWxpbg	FFFFFFFFFFFFFFFF
A	dXBncmFkZS1hcnJvdzE	FFFFFFFFFFFFFFFF
A	dXBncmFkZS1hcnJvdzI	FFFFFFFFFFFFFFFF
A	dXBncmFkZS1iYWxsaXN0YTE	FFFFFFFFFFFFFFFF
A	dXBncmFkZS1iYWxsaXN0YTI	FFFFFFFFFFFFFFFF
A	dXBncmFkZS1iYXR0bGUtYXhlMQ	FFFFFFFFFFFFFFFF
A	dXBncmFkZS1iYXR0bGUtYXhlMg	FFFFFFFFFFFFFFFF
A	dXBncmFkZS1iZXJzZXJrZXI	FFFFFFFFFFFFFFFF
A	dXBncmFkZS1iZXJzZXJrZXItcmVnZW5lcmF0aW9u	FFFFFFFFFFFFFFFF
A	dXBncmFkZS1iZXJzZXJrZXItc2NvdXRpbmc	FFFFFFFFFFFFFFFF
A	dXBncmFkZS1ibGl6emFyZA	FFFFFFFFFFFFFFFF
A	dXBncmFkZS1ibG9vZGx1c3Q	FFFFFFFFFFFFFFFF
A	dXBncmFkZS1ibG9vZGx1c3QtZG91YmxlLWhlYWQ	RRRRRRRRRRRRRRRR
A	dXBncmFkZS1jYXRhcHVsdDE	FFFFFFFFFFFFFFFF
A	dXBncmFkZS1jYXRhcHVsdDI	FFFFFFFFFFFFFFFF
A	dXBncmFkZS1kZWF0aC1hbmQtZGVjYXk	FFFFFFFFFFFFFFFF
A	dXBncmFkZS1kZWF0aC1jb2ls	RRRRRRRRRRRRRRRR
A	dXBncmFkZS1leG9yY2lzbQ	FFFFFFFFFFFFFFFF
A	dXBncmFkZS1leWUtb2Yta2lscm9nZw	RRRRRRRRRRRRRRRR
A	dXBncmFkZS1leWUtb2Yta2lscm9nZy1kb3VibGUtaGVhZA	RRRRRRRRRRRRRRRR
A	dXBncmFkZS1maXJlYmFsbA	RRRRRRRRRRRRRRRR
A	dXBncmFkZS1mbGFtZS1zaGllbGQ	FFFFFFFFFFFFFFFF
A	dXBncmFkZS1oYXN0ZQ	FFFFFFFFFFFFFFFF
A	dXBncmFkZS1oZWFsaW5n	FFFFFFFFFFFFFFFF
A	dXBncmFkZS1ob2x5LXZpc2lvbg	RRRRRRRRRRRRRRRR
A	dXBncmFkZS1odW1hbi1zaGllbGQx	FFFFFFFFFFFFFFFF
A	dXBncmFkZS1odW1hbi1zaGllbGQy	FFFFFFFFFFFFFFFF
A	dXBncmFkZS1odW1hbi1zaGlwLWFybW9yMQ	FFFFFFFFFFFFFFFF
A	dXBncmFkZS1odW1hbi1zaGlwLWFybW9yMg	FFFFFFFFFFFFFFFF
A	dXBncmFkZS1odW1hbi1zaGlwLWNhbm5vbjE	FFFFFFFFFFFFFFFF
A	dXBncmFkZS1odW1hbi1zaGlwLWNhbm5vbjI	FFFFFFFFFFFFFFFF
A	dXBncmFkZS1pbnZpc2liaWxpdHk	FFFFFFFFFFFFFFFF
A	dXBncmFkZS1saWdodC1heGVz	FFFFFFFFFFFFFFFF
A	dXBncmFkZS1sb25nYm93	FFFFFFFFFFFFFFFF
A	dXBncmFkZS1vZ3JlLW1hZ2U	FFFFFFFFFFFFFFFF
A	dXBncmFkZS1vcmMtc2hpZWxkMQ	FFFFFFFFFFFFFFFF
A	dXBncmFkZS1vcmMtc2hpZWxkMg	FFFFFFFFFFFFFFFF
A	dXBncmFkZS1vcmMtc2hpcC1hcm1vcjE	FFFFFFFFFFFFFFFF
A	dXBncmFkZS1vcmMtc2hpcC1hcm1vcjI	FFFFFFFFFFFFFFFF
A	dXBncmFkZS1vcmMtc2hpcC1jYW5ub24x	FFFFFFFFFFFFFFFF
A	dXBncmFkZS1vcmMtc2hpcC1jYW5ub24y	FFFFFFFFFFFFFFFF
A	dXBncmFkZS1wYWxhZGlu	FFFFFFFFFFFFFFFF
A	dXBncmFkZS1wb2x5bW9ycGg	FFFFFFFFFFFFFFFF
A	dXBncmFkZS1yYWlzZS1kZWFk	FFFFFFFFFFFFFFFF
A	dXBncmFkZS1yYW5nZXI	FFFFFFFFFFFFFFFF
A	dXBncmFkZS1yYW5nZXItbWFya3NtYW5zaGlw	FFFFFFFFFFFFFFFF
A	dXBncmFkZS1yYW5nZXItc2NvdXRpbmc	FFFFFFFFFFFFFFFF
A	dXBncmFkZS1ydW5lcw	FFFFFFFFFFFFFFFF
A	dXBncmFkZS1ydW5lcy1kb3VibGUtaGVhZA	RRRRRRRRRRRRRRRR
A	dXBncmFkZS1zbG93	FFFFFFFFFFFFFFFF
A	dXBncmFkZS1zd29yZDE	FFFFFFFFFFFFFFFF
A	dXBncmFkZS1zd29yZDI	FFFFFFFFFFFFFFFF
A	dXBncmFkZS10aHJvd2luZy1heGUx	FFFFFFFFFFFFFFFF
A	dXBncmFkZS10aHJvd2luZy1heGUy	FFFFFFFFFFFFFFFF
A	dXBncmFkZS11bmhvbHktYXJtb3I	FFFFFFFFFFFFFFFF
A	dXBncmFkZS13aGlybHdpbmQ	FFFFFFFFFFFFFFFF
I	1	d2MyLWxhbmQtYXR0YWNr	MAP
T	VEhJUyBRZFc1cGRDMXdhV2N0Wm1GeWJRIFVOSVRfQ09VTlQgTjQgR0UgVEhJUyBRZFc1cGRDMXZjbU10WW1GeWNtRmphM00gVU5JVF9DT1VOVCBOMSBHRSBBTkQ	VklDVE9SWQ
T	VEhJUyBUT1RBTCBOMCBFUQ	REVGRUFU
E
M	Y2FtcGFpZ25zL29yYy9sZXZlbDAybw	Li4vY2FtcGFpZ25zL29yYy9pbnRlcmZhY2UvaW50cm9zY3JlZW4xLnBuZw	1	Y2FtcGFpZ25zL29yYy9sZXZlbDAyby1pbnRybzEud2F2
A	dW5pdC1hbGNoZW1pc3Q	FFFFFFFFFFFFFFFF
A	dW5pdC1hbHRhci1vZi1zdG9ybXM	FFFFFFFFFFFFFFFF
A	dW5pdC1hcmNoZXI	AAAAAAAAAAAAAAAA
A	dW5pdC1hcnRob3ItbGl0ZXJpb3M	FFFFFFFFFFFFFFFF
A	dW5pdC1heGV0aHJvd2Vy	AAAAAAAAAAAAAAAA
A	dW5pdC1iYWxsaXN0YQ	FFFFFFFFFFFFFFFF
A	dW5pdC1iYWxsb29u	FFFFFFFFFFFFFFFF
A	dW5pdC1iYXR0bGVzaGlw	FFFFFFFFFFFFFFFF
A	dW5pdC1iZWFzdC1jcnk	FFFFFFFFFFFFFFFF
A	dW5pdC1iZXJzZXJrZXI	FFFFFFFFFFFFFFFF
A	dW5pdC1jYXN0bGU	FFFFFFFFFFFFFFFF
A	dW5pdC1jYXRhcHVsdA	FFFFFFFFFFFFFFFF
A	dW5pdC1jaHVyY2g	FFFFFFFFFFFFFFFF
A	dW5pdC1jaXJjbGUtb2YtcG93ZXI	FFFFFFFFFFFFFFFF
A	dW5pdC1jcml0dGVy	FFFFFFFFFFFFFFFF
A	dW5pdC1kYWVtb24	FFFFFFFFFFFFFFFF
A	dW5pdC1kYXJrLXBvcnRhbA	FFFFFFFFFFFFFFFF
A	dW5pdC1kZWFkLXNlYS1ib2R5	FFFFFFFFFFFFFFFF
A	dW5pdC1kZWF0aC1rbmlnaHQ	FFFFFFFFFFFFFFFF
A	dW5pdC1kZXN0cm95ZWQtMXgxLXBsYWNl	FFFFFFFFFFFFFFFF
A	dW5pdC1kZXN0cm95ZWQtMngyLXBsYWNl	FFFFFFFFFFFFFFFF
A	dW5pdC1kZXN0cm95ZWQtM3gzLXBsYWNl	FFFFFFFFFFFFFFFF
A	dW5pdC1kZXN0cm95ZWQtM3gzLXBsYWNlLXdhdGVy	FFFFFFFFFFFFFFFF
A	dW5pdC1kZXN0cm95ZWQtNHg0LXBsYWNl	FFFFFFFFFFFFFFFF
A	dW5pdC1kb3VibGUtaGVhZA	FFFFFFFFFFFFFFFF
A	dW5pdC1kcmFnb24	FFFFFFFFFFFFFFFF
A	dW5pdC1kcmFnb24tcm9vc3Q	FFFFFFFFFFFFFFFF
A	dW5pdC1kd2FydmVz	FFFFFFFFFFFFFFFF
A	dW5pdC1lbHZlbi1sdW1iZXItbWlsbA	AAAAAAAAAAAAAAAA
A	dW5pdC1ldmlsLWtuaWdodA	FFFFFFFFFFFFFFFF
A	dW5pdC1leWUtb2YtdmlzaW9u	FFFFFFFFFFFFFFFF
A	dW5pdC1mYWQtbWFu	FFFFFFFFFFFFFFFF
A	dW5pdC1mYXJt	AAAAAAAAAAAAAAAA
A	dW5pdC1mZW1hbGUtaGVybw	FFFFFFFFFFFFFFFF
A	dW5pdC1maXJlLWJyZWV6ZQ	FFFFFFFFFFFFFFFF
A	dW5pdC1mbHlpbmctYW5nZWw	FFFFFFFFFFFFFFFF
A	dW5pdC1mb290bWFu	AAAAAAAAAAAAAAAA
A	dW5pdC1mb3J0cmVzcw	FFFFFFFFFFFFFFFF
A	dW5pdC1nb2JsaW4tc2FwcGVycw	FFFFFFFFFFFFFFFF
A	dW5pdC1nb2xkLW1pbmU	FFFFFFFFFFFFFFFF
A	dW5pdC1ncmVhdC1oYWxs	AAAAAAAAAAAAAAAA
A	dW5pdC1ncnVudA	AAAAAAAAAAAAAAAA
A	dW5pdC1ncnlwaG9uLWF2aWFyeQ	FFFFFFFFFFFFFFFF
A	dW5pdC1ncnlwaG9uLXJpZGVy	FFFFFFFFFFFFFFFF
A	dW5pdC1odW1hbi1iYXJyYWNrcw	AAAAAAAAAAAAAAAA
A	dW5pdC1odW1hbi1ibGFja3NtaXRo	FFFFFFFFFFFFFFFF
A	dW5pdC1odW1hbi1jYW5ub24tdG93ZXI	FFFFFFFFFFFFFFFF
A	dW5pdC1odW1hbi1kZWFkLWJvZHk	FFFFFFFFFFFFFFFF
A	dW5pdC1odW1hbi1kZXN0cm95ZXI	FFFFFFFFFFFFFFFF
A	dW5pdC1odW1hbi1mb3VuZHJ5	FFFFFFFFFFFFFFFF
A	dW5pdC1odW1hbi1ndWFyZC10b3dlcg	FFFFFFFFFFFFFFFF
A	dW5pdC1odW1hbi1vaWwtcGxhdGZvcm0	FFFFFFFFFFFFFFFF
A	dW5pdC1odW1hbi1vaWwtdGFua2Vy	FFFFFFFFFFFFFFFF
A	dW5pdC1odW1hbi1yZWZpbmVyeQ	FFFFFFFFFFFFFFFF
A	dW5pdC1odW1hbi1zaGlweWFyZA	FFFFFFFFFFFFFFFF
A	dW5pdC1odW1hbi1zdGFydC1sb2NhdGlvbg	FFFFFFFFFFFFFFFF
A	dW5pdC1odW1hbi1zdWJtYXJpbmU	FFFFFFFFFFFFFFFF
A	dW5pdC1odW1hbi10cmFuc3BvcnQ	FFFFFFFFFFFFFFFF
A	dW5pdC1odW1hbi13YWxs	AAAAAAAAAAAAAAAA
A	dW5pdC1odW1hbi13YXRjaC10b3dlcg	FFFFFFFFFFFFFFFF
A	dW5pdC1pY2UtYnJpbmdlcg	FFFFFFFFFFFFFFFF
A	dW5pdC1pbnZlbnRvcg	FFFFFFFFFFFFFFFF
A	dW5pdC1rZWVw	FFFFFFFFFFFFFFFF
A	dW5pdC1rbmlnaHQ	FFFFFFFFFFFFFFFF
A	dW5pdC1rbmlnaHQtcmlkZXI	FFFFFFFFFFFFFFFF
A	dW5pdC1tYWdl	FFFFFFFFFFFFFFFF
A	dW5pdC1tYWdlLXRvd2Vy	FFFFFFFFFFFFFFFF
A	dW5pdC1tYW4tb2YtbGlnaHQ	FFFFFFFFFFFFFFFF
A	dW5pdC1vZ3Jl	FFFFFFFFFFFFFFFF
A	dW5pdC1vZ3JlLWp1Z2dlcm5hdWdodA	FFFFFFFFFFFFFFFF
A	dW5pdC1vZ3JlLW1hZ2U	FFFFFFFFFFFFFFFF
A	dW5pdC1vZ3JlLW1vdW5k	FFFFFFFFFFFFFFFF
A	dW5pdC1vaWwtcGF0Y2g	FFFFFFFFFFFFFFFF
A	dW5pdC1vcmMtYmFycmFja3M	AAAAAAAAAAAAAAAA
A	dW5pdC1vcmMtYmxhY2tzbWl0aA	FFFFFFFFFFFFFFFF
A	dW5pdC1vcmMtY2Fubm9uLXRvd2Vy	FFFFFFFFFFFFFFFF
A	dW5pdC1vcmMtZGVhZC1ib2R5	FFFFFFFFFFFFFFFF
A	dW5pdC1vcmMtZGVzdHJveWVy	FFFFFFFFFFFFFFFF
A	dW5pdC1vcmMtZm91bmRyeQ	FFFFFFFFFFFFFFFF
A	dW5pdC1vcmMtZ3VhcmQtdG93ZXI	FFFFFFFFFFFFFFFF
A	dW5pdC1vcmMtb2lsLXBsYXRmb3Jt	FFFFFFFFFFFFFFFF
A	dW5pdC1vcmMtb2lsLXRhbmtlcg	FFFFFFFFFFFFFFFF
A	dW5pdC1vcmMtcmVmaW5lcnk	FFFFFFFFFFFFFFFF
A	dW5pdC1vcmMtc2hpcHlhcmQ	FFFFFFFFFFFFFFFF
A	dW5pdC1vcmMtc3RhcnQtbG9jYXRpb24	FFFFFFFFFFFFFFFF
A	dW5pdC1vcmMtc3VibWFyaW5l	FFFFFFFFFFFFFFFF
A	dW5pdC1vcmMtdHJhbnNwb3J0	FFFFFFFFFFFFFFFF
A	dW5pdC1vcmMtd2FsbA	AAAAAAAAAAAAAAAA
A	dW5pdC1vcmMtd2F0Y2gtdG93ZXI	FFFFFFFFFFFFFFFF
A	dW5pdC1wYWxhZGlu	FFFFFFFFFFFFFFFF
A	dW5pdC1wZWFzYW50	AAAAAAAAAAAAAAAA
A	dW5pdC1wZW9u	AAAAAAAAAAAAAAAA
A	dW5pdC1waWctZmFybQ	AAAAAAAAAAAAAAAA
A	dW5pdC1xdWljay1ibGFkZQ	FFFFFFFFFFFFFFFF
A	dW5pdC1yYW5nZXI	FFFFFFFFFFFFFFFF
A	dW5pdC1ydW5lc3RvbmU	FFFFFFFFFFFFFFFF
A	dW5pdC1zaGFycC1heGU	FFFFFFFFFFFFFFFF
A	dW5pdC1za2VsZXRvbg	FFFFFFFFFFFFFFFF
A	dW5pdC1zdGFibGVz	FFFFFFFFFFFFFFFF
A	dW5pdC1zdHJvbmdob2xk	FFFFFFFFFFFFFFFF
A	dW5pdC10ZW1wbGUtb2YtdGhlLWRhbW5lZA	FFFFFFFFFFFFFFFF
A	dW5pdC10b3duLWhhbGw	AAAAAAAAAAAAAAAA
A	dW5pdC10cm9sbC1sdW1iZXItbWlsbA	AAAAAAAAAAAAAAAA
A	dW5pdC13aGl0ZS1tYWdl	FFFFFFFFFFFFFFFF
A	dW5pdC13aXNlLW1hbg	FFFFFFFFFFFFFFFF
A	dW5pdC16ZXBwZWxpbg	FFFFFFFFFFFFFFFF
A	dXBncmFkZS1hcnJvdzE	AAAAAAAAAAAAAAAA
A	dXBncmFkZS1hcnJvdzI	FFFFFFFFFFFFFFFF
A	dXBncmFkZS1iYWxsaXN0YTE	FFFFFFFFFFFFFFFF
A	dXBncmFkZS1iYWxsaXN0YTI	FFFFFFFFFFFFFFFF
A	dXBncmFkZS1iYXR0bGUtYXhlMQ	FFFFFFFFFFFFFFFF
A	dXBncmFkZS1iYXR0bGUtYXhlMg	FFFFFFFFFFFFFFFF
A	dXBncmFkZS1iZXJzZXJrZXI	FFFFFFFFFFFFFFFF
A	dXBncmFkZS1iZXJzZXJrZXItcmVnZW5lcmF0aW9u	FFFFFFFFFFFFFFFF
A	dXBncmFkZS1iZXJzZXJrZXItc2NvdXRpbmc	FFFFFFFFFFFFFFFF
A	dXBncmFkZS1ibGl6emFyZA	FFFFFFFFFFFFFFFF
A	dXBncmFkZS1ibG9vZGx1c3Q	FFFFFFFFFFFFFFFF
A	dXBncmFkZS1ibG9vZGx1c3QtZG91YmxlLWhlYWQ	RRRRRRRRRRRRRRRR
A	dXBncmFkZS1jYXRhcHVsdDE	FFFFFFFFFFFFFFFF
A	dXBncmFkZS1jYXRhcHVsdDI	FFFFFFFFFFFFFFFF
A	dXBncmFkZS1kZWF0aC1hbmQtZGVjYXk	FFFFFFFFFFFFFFFF
A	dXBncmFkZS1kZWF0aC1jb2ls	RRRRRRRRRRRRRRRR
A	dXBncmFkZS1leG9yY2lzbQ	FFFFFFFFFFFFFFFF
A	dXBncmFkZS1leWUtb2Yta2lscm9nZw	RRRRRRRRRRRRRRRR
A	dXBncmFkZS1leWUtb2Yta2lscm9nZy1kb3VibGUtaGVhZA	RRRRRRRRRRRRRRRR
A	dXBncmFkZS1maXJlYmFsbA	RRRRRRRRRRRRRRRR
A	dXBncmFkZS1mbGFtZS1zaGllbGQ	FFFFFFFFFFFFFFFF
A	dXBncmFkZS1oYXN0ZQ	FFFFFFFFFFFFFFFF
A	dXBncmFkZS1oZWFsaW5n	FFFFFFFFFFFFFFFF
A	dXBncmFkZS1ob2x5LXZpc2lvbg	RRRRRRRRRRRRRRRR
A	dXBncmFkZS1odW1hbi1zaGllbGQx	FFFFFFFFFFFFFFFF
A	dXBncmFkZS1odW1hbi1zaGllbGQy	FFFFFFFFFFFFFFFF
A	dXBncmFkZS1odW1hbi1zaGlwLWFybW9yMQ	FFFFFFFFFFFFFFFF
A	dXBncmFkZS1odW1hbi1zaGlwLWFybW9yMg	FFFFFFFFFFFFFFFF
A	dXBncmFkZS1odW1hbi1zaGlwLWNhbm5vbjE	FFFFFFFFFFFFFFFF
A	dXBncmFkZS1odW1hbi1zaGlwLWNhbm5vbjI	FFFFFFFFFFFFFFFF
A	dXBncmFkZS1pbnZpc2liaWxpdHk	FFFFFFFFFFFFFFFF
A	dXBncmFkZS1saWdodC1heGVz	FFFFFFFFFFFFFFFF
A	dXBncmFkZS1sb25nYm93	FFFFFFFFFFFFFFFF
A	dXBncmFkZS1vZ3JlLW1hZ2U	FFFFFFFFFFFFFFFF
A	dXBncmFkZS1vcmMtc2hpZWxkMQ	FFFFFFFFFFFFFFFF
A	dXBncmFkZS1vcmMtc2hpZWxkMg	FFFFFFFFFFFFFFFF
A	dXBncmFkZS1vcmMtc2hpcC1hcm1vcjE	FFFFFFFFFFFFFFFF
A	dXBncmFkZS1vcmMtc2hpcC1hcm1vcjI	FFFFFFFFFFFFFFFF
A	dXBncmFkZS1vcmMtc2hpcC1jYW5ub24x	FFFFFFFFFFFFFFFF
A	dXBncmFkZS1vcmMtc2hpcC1jYW5ub24y	FFFFFFFFFFFFFFFF
A	dXBncmFkZS1wYWxhZGlu	FFFFFFFFFFFFFFFF
A	dXBncmFkZS1wb2x5bW9ycGg	FFFFFFFFFFFFFFFF
A	dXBncmFkZS1yYWlzZS1kZWFk	FFFFFFFFFFFFFFFF
A	dXBncmFkZS1yYW5nZXI	FFFFFFFFFFFFFFFF
A	dXBncmFkZS1yYW5nZXItbWFya3NtYW5zaGlw	FFFFFFFFFFFFFFFF
A	dXBncmFkZS1yYW5nZXItc2NvdXRpbmc	FFFFFFFFFFFFFFFF
A	dXBncmFkZS1ydW5lcw	FFFFFFFFFFFFFFFF
A	dXBncmFkZS1ydW5lcy1kb3VibGUtaGVhZA	RRRRRRRRRRRRRRRR
A	dXBncmFkZS1zbG93	FFFFFFFFFFFFFFFF
A	dXBncmFkZS1zd29yZDE	FFFFFFFFFFFFFFFF
A	dXBncmFkZS1zd29yZDI	FFFFFFFFFFFFFFFF
A	dXBncmFkZS10aHJvd2luZy1heGUx	AAAAAAAAAAAAAAAA
A	dXBncmFkZS10aHJvd2luZy1heGUy	FFFFFFFFFFFFFFFF
A	dXBncmFkZS11bmhvbHktYXJtb3I	FFFFFFFFFFFFFFFF
A	dXBncmFkZS13aGlybHdpbmQ	FFFFFFFFFFFFFFFF
I	1	b3JjLTAz	MAP
T	TjIgUWRXNXBkQzF6YUdGeWNDMWhlR1UgVU5JVF9DT1VOVCBOMCBFUSBRZEdocGN3IFFQVDAgTjEgUWRXNXBkQzF6YUdGeWNDMWhlR1UgUWRXNXBkQzFqYVhKamJHVXRiMll0Y0c5M1pYSSBSRVNDVUVEX05FQVIgQU5E	VklDVE9SWQ
T	VEhJUyBRZFc1cGRDMXphR0Z5Y0MxaGVHVSBVTklUX0NPVU5UIE4xIEVR	U0VUX0ZMQUcgUVNHRjJaVlZ1YVhSVGFHRnljRUY0WlE
T	VEhJUyBRZFc1cGRDMXphR0Z5Y0MxaGVHVSBVTklUX0NPVU5UIE4wIEVRIEZTR0YyWlZWdWFYUlRhR0Z5Y0VGNFpRIE5JTCBORSBBTkQ	REVGRUFU
T	VEhJUyBUT1RBTCBOMCBFUQ	REVGRUFU
E
M	Y2FtcGFpZ25zL29yYy9sZXZlbDAzbw	Li4vY2FtcGFpZ25zL29yYy9pbnRlcmZhY2UvaW50cm9zY3JlZW4xLnBuZw	2	Y2FtcGFpZ25zL29yYy9sZXZlbDAzby1pbnRybzEud2F2	Y2FtcGFpZ25zL29yYy9sZXZlbDAzby1pbnRybzIud2F2
A	dW5pdC1hbGNoZW1pc3Q	FFFFFFFFFFFFFFFF
A	dW5pdC1hbHRhci1vZi1zdG9ybXM	FFFFFFFFFFFFFFFF
A	dW5pdC1hcmNoZXI	AAAAAAAAAAAAAAAA
A	dW5pdC1hcnRob3ItbGl0ZXJpb3M	FFFFFFFFFFFFFFFF
A	dW5pdC1heGV0aHJvd2Vy	AAAAAAAAAAAAAAAA
A	dW5pdC1iYWxsaXN0YQ	FFFFFFFFFFFFFFFF
A	dW5pdC1iYWxsb29u	FFFFFFFFFFFFFFFF
A	dW5pdC1iYXR0bGVzaGlw	FFFFFFFFFFFFFFFF
A	dW5pdC1iZWFzdC1jcnk	FFFFFFFFFFFFFFFF
A	dW5pdC1iZXJzZXJrZXI	FFFFFFFFFFFFFFFF
A	dW5pdC1jYXN0bGU	FFFFFFFFFFFFFFFF
A	dW5pdC1jYXRhcHVsdA	FFFFFFFFFFFFFFFF
A	dW5pdC1jaHVyY2g	FFFFFFFFFFFFFFFF
A	dW5pdC1jaXJjbGUtb2YtcG93ZXI	FFFFFFFFFFFFFFFF
A	dW5pdC1jcml0dGVy	FFFFFFFFFFFFFFFF
A	dW5pdC1kYWVtb24	FFFFFFFFFFFFFFFF
A	dW5pdC1kYXJrLXBvcnRhbA	FFFFFFFFFFFFFFFF
A	dW5pdC1kZWFkLXNlYS1ib2R5	FFFFFFFFFFFFFFFF
A	dW5pdC1kZWF0aC1rbmlnaHQ	FFFFFFFFFFFFFFFF
A	dW5pdC1kZXN0cm95ZWQtMXgxLXBsYWNl	FFFFFFFFFFFFFFFF
A	dW5pdC1kZXN0cm95ZWQtMngyLXBsYWNl	FFFFFFFFFFFFFFFF
A	dW5pdC1kZXN0cm95ZWQtM3gzLXBsYWNl	FFFFFFFFFFFFFFFF
A	dW5pdC1kZXN0cm95ZWQtM3gzLXBsYWNlLXdhdGVy	FFFFFFFFFFFFFFFF
A	dW5pdC1kZXN0cm95ZWQtNHg0LXBsYWNl	FFFFFFFFFFFFFFFF
A	dW5pdC1kb3VibGUtaGVhZA	FFFFFFFFFFFFFFFF
A	dW5pdC1kcmFnb24	FFFFFFFFFFFFFFFF
A	dW5pdC1kcmFnb24tcm9vc3Q	FFFFFFFFFFFFFFFF
A	dW5pdC1kd2FydmVz	FFFFFFFFFFFFFFFF
A	dW5pdC1lbHZlbi1sdW1iZXItbWlsbA	AAAAAAAAAAAAAAAA
A	dW5pdC1ldmlsLWtuaWdodA	FFFFFFFFFFFFFFFF
A	dW5pdC1leWUtb2YtdmlzaW9u	FFFFFFFFFFFFFFFF
A	dW5pdC1mYWQtbWFu	FFFFFFFFFFFFFFFF
A	dW5pdC1mYXJt	AAAAAAAAAAAAAAAA
A	dW5pdC1mZW1hbGUtaGVybw	FFFFFFFFFFFFFFFF
A	dW5pdC1maXJlLWJyZWV6ZQ	FFFFFFFFFFFFFFFF
A	dW5pdC1mbHlpbmctYW5nZWw	FFFFFFFFFFFFFFFF
A	dW5pdC1mb290bWFu	AAAAAAAAAAAAAAAA
A	dW5pdC1mb3J0cmVzcw	FFFFFFFFFFFFFFFF
A	dW5pdC1nb2JsaW4tc2FwcGVycw	FFFFFFFFFFFFFFFF
A	dW5pdC1nb2xkLW1pbmU	FFFFFFFFFFFFFFFF
A	dW5pdC1ncmVhdC1oYWxs	AAAAAAAAAAAAAAAA
A	dW5pdC1ncnVudA	AAAAAAAAAAAAAAAA
A	dW5pdC1ncnlwaG9uLWF2aWFyeQ	FFFFFFFFFFFFFFFF
A	dW5pdC1ncnlwaG9uLXJpZGVy	FFFFFFFFFFFFFFFF
A	dW5pdC1odW1hbi1iYXJyYWNrcw	AAAAAAAAAAAAAAAA
A	dW5pdC1odW1hbi1ibGFja3NtaXRo	FFFFFFFFFFFFFFFF
A	dW5pdC1odW1hbi1jYW5ub24tdG93ZXI	FFFFFFFFFFFFFFFF
A	dW5pdC1odW1hbi1kZWFkLWJvZHk	FFFFFFFFFFFFFFFF
A	dW5pdC1odW1hbi1kZXN0cm95ZXI	AAAAAAAAAAAAAAAA
A	dW5pdC1odW1hbi1mb3VuZHJ5	FFFFFFFFFFFFFFFF
A	dW5pdC1odW1hbi1ndWFyZC10b3dlcg	FFFFFFFFFFFFFFFF
A	dW5pdC1odW1hbi1vaWwtcGxhdGZvcm0	AAAAAAAAAAAAAAAA
A	dW5pdC1odW1hbi1vaWwtdGFua2Vy	AAAAAAAAAAAAAAAA
A	dW5pdC1odW1hbi1yZWZpbmVyeQ	FFFFFFFFFFFFFFFF
A	dW5pdC1odW1hbi1zaGlweWFyZA	AAAAAAAAAAAAAAAA
A	dW5pdC1odW1hbi1zdGFydC1sb2NhdGlvbg	FFFFFFFFFFFFFFFF
A	dW5pdC1odW1hbi1zdWJtYXJpbmU	FFFFFFFFFFFFFFFF
A	dW5pdC1odW1hbi10cmFuc3BvcnQ	FFFFFFFFFFFFFFFF
A	dW5pdC1odW1hbi13YWxs	AAAAAAAAAAAAAAAA
A	dW5pdC1odW1hbi13YXRjaC10b3dlcg	FFFFFFFFFFFFFFFF
A	dW5pdC1pY2UtYnJpbmdlcg	FFFFFFFFFFFFFFFF
A	dW5pdC1pbnZlbnRvcg	FFFFFFFFFFFFFFFF
A	dW5pdC1rZWVw	FFFFFFFFFFFFFFFF
A	dW5pdC1rbmlnaHQ	FFFFFFFFFFFFFFFF
A	dW5pdC1rbmlnaHQtcmlkZXI	FFFFFFFFFFFFFFFF
A	dW5pdC1tYWdl	FFFFFFFFFFFFFFFF
A	dW5pdC1tYWdlLXRvd2Vy	FFFFFFFFFFFFFFFF
A	dW5pdC1tYW4tb2YtbGlnaHQ	FFFFFFFFFFFFFFFF
A	dW5pdC1vZ3Jl	FFFFFFFFFFFFFFFF
A	dW5pdC1vZ3JlLWp1Z2dlcm5hdWdodA	FFFFFFFFFFFFFFFF
A	dW5pdC1vZ3JlLW1hZ2U	FFFFFFFFFFFFFFFF
A	dW5pdC1vZ3JlLW1vdW5k	FFFFFFFFFFFFFFFF
A	dW5pdC1vaWwtcGF0Y2g	FFFFFFFFFFFFFFFF
A	dW5pdC1vcmMtYmFycmFja3M	AAAAAAAAAAAAAAAA
A	dW5pdC1vcmMtYmxhY2tzbWl0aA	FFFFFFFFFFFFFFFF
A	dW5pdC1vcmMtY2Fubm9uLXRvd2Vy	FFFFFFFFFFFFFFFF
A	dW5pdC1vcmMtZGVhZC1ib2R5	FFFFFFFFFFFFFFFF
A	dW5pdC1vcmMtZGVzdHJveWVy	AAAAAAAAAAAAAAAA
A	dW5pdC1vcmMtZm91bmRyeQ	FFFFFFFFFFFFFFFF
A	dW5pdC1vcmMtZ3VhcmQtdG93ZXI	FFFFFFFFFFFFFFFF
A	dW5pdC1vcmMtb2lsLXBsYXRmb3Jt	AAAAAAAAAAAAAAAA
A	dW5pdC1vcmMtb2lsLXRhbmtlcg	AAAAAAAAAAAAAAAA
A	dW5pdC1vcmMtcmVmaW5lcnk	FFFFFFFFFFFFFFFF
A	dW5pdC1vcmMtc2hpcHlhcmQ	AAAAAAAAAAAAAAAA
A	dW5pdC1vcmMtc3RhcnQtbG9jYXRpb24	FFFFFFFFFFFFFFFF
A	dW5pdC1vcmMtc3VibWFyaW5l	FFFFFFFFFFFFFFFF
A	dW5pdC1vcmMtdHJhbnNwb3J0	FFFFFFFFFFFFFFFF
A	dW5pdC1vcmMtd2FsbA	AAAAAAAAAAAAAAAA
A	dW5pdC1vcmMtd2F0Y2gtdG93ZXI	FFFFFFFFFFFFFFFF
A	dW5pdC1wYWxhZGlu	FFFFFFFFFFFFFFFF
A	dW5pdC1wZWFzYW50	AAAAAAAAAAAAAAAA
A	dW5pdC1wZW9u	AAAAAAAAAAAAAAAA
A	dW5pdC1waWctZmFybQ	AAAAAAAAAAAAAAAA
A	dW5pdC1xdWljay1ibGFkZQ	FFFFFFFFFFFFFFFF
A	dW5pdC1yYW5nZXI	FFFFFFFFFFFFFFFF
A	dW5pdC1ydW5lc3RvbmU	FFFFFFFFFFFFFFFF
A	dW5pdC1zaGFycC1heGU	FFFFFFFFFFFFFFFF
A	dW5pdC1za2VsZXRvbg	FFFFFFFFFFFFFFFF
A	dW5pdC1zdGFibGVz	FFFFFFFFFFFFFFFF
A	dW5pdC1zdHJvbmdob2xk	FFFFFFFFFFFFFFFF
A	dW5pdC10ZW1wbGUtb2YtdGhlLWRhbW5lZA	FFFFFFFFFFFFFFFF
A	dW5pdC10b3duLWhhbGw	AAAAAAAAAAAAAAAA
A	dW5pdC10cm9sbC1sdW1iZXItbWlsbA	AAAAAAAAAAAAAAAA
A	dW5pdC13aGl0ZS1tYWdl	FFFFFFFFFFFFFFFF
A	dW5pdC13aXNlLW1hbg	FFFFFFFFFFFFFFFF
A	dW5pdC16ZXBwZWxpbg	FFFFFFFFFFFFFFFF
A	dXBncmFkZS1hcnJvdzE	AAAAAAAAAAAAAAAA
A	dXBncmFkZS1hcnJvdzI	AAAAAAAAAAAAAAAA
A	dXBncmFkZS1iYWxsaXN0YTE	FFFFFFFFFFFFFFFF
A	dXBncmFkZS1iYWxsaXN0YTI	FFFFFFFFFFFFFFFF
A	dXBncmFkZS1iYXR0bGUtYXhlMQ	FFFFFFFFFFFFFFFF
A	dXBncmFkZS1iYXR0bGUtYXhlMg	FFFFFFFFFFFFFFFF
A	dXBncmFkZS1iZXJzZXJrZXI	FFFFFFFFFFFFFFFF
A	dXBncmFkZS1iZXJzZXJrZXItcmVnZW5lcmF0aW9u	FFFFFFFFFFFFFFFF
A	dXBncmFkZS1iZXJzZXJrZXItc2NvdXRpbmc	FFFFFFFFFFFFFFFF
A	dXBncmFkZS1ibGl6emFyZA	FFFFFFFFFFFFFFFF
A	dXBncmFkZS1ibG9vZGx1c3Q	FFFFFFFFFFFFFFFF
A	dXBncmFkZS1ibG9vZGx1c3QtZG91YmxlLWhlYWQ	RRRRRRRRRRRRRRRR
A	dXBncmFkZS1jYXRhcHVsdDE	FFFFFFFFFFFFFFFF
A	dXBncmFkZS1jYXRhcHVsdDI	FFFFFFFFFFFFFFFF
A	dXBncmFkZS1kZWF0aC1hbmQtZGVjYXk	FFFFFFFFFFFFFFFF
A	dXBncmFkZS1kZWF0aC1jb2ls	RRRRRRRRRRRRRRRR
A	dXBncmFkZS1leG9yY2lzbQ	FFFFFFFFFFFFFFFF
A	dXBncmFkZS1leWUtb2Yta2lscm9nZw	RRRRRRRRRRRRRRRR
A	dXBncmFkZS1leWUtb2Yta2lscm9nZy1kb3VibGUtaGVhZA	RRRRRRRRRRRRRRRR
A	dXBncmFkZS1maXJlYmFsbA	RRRRRRRRRRRRRRRR
A	dXBncmFkZS1mbGFtZS1zaGllbGQ	FFFFFFFFFFFFFFFF
A	dXBncmFkZS1oYXN0ZQ	FFFFFFFFFFFFFFFF
A	dXBncmFkZS1oZWFsaW5n	FFFFFFFFFFFFFFFF
A	dXBncmFkZS1ob2x5LXZpc2lvbg	RRRRRRRRRRRRRRRR
A	dXBncmFkZS1odW1hbi1zaGllbGQx	FFFFFFFFFFFFFFFF
A	dXBncmFkZS1odW1hbi1zaGllbGQy	FFFFFFFFFFFFFFFF
A	dXBncmFkZS1odW1hbi1zaGlwLWFybW9yMQ	FFFFFFFFFFFFFFFF
A	dXBncmFkZS1odW1hbi1zaGlwLWFybW9yMg	FFFFFFFFFFFFFFFF
A	dXBncmFkZS1odW1hbi1zaGlwLWNhbm5vbjE	FFFFFFFFFFFFFFFF
A	dXBncmFkZS1odW1hbi1zaGlwLWNhbm5vbjI	FFFFFFFFFFFFFFFF
A	dXBncmFkZS1pbnZpc2liaWxpdHk	FFFFFFFFFFFFFFFF
A	dXBncmFkZS1saWdodC1heGVz	FFFFFFFFFFFFFFFF
A	dXBncmFkZS1sb25nYm93	FFFFFFFFFFFFFFFF
A	dXBncmFkZS1vZ3JlLW1hZ2U	FFFFFFFFFFFFFFFF
A	dXBncmFkZS1vcmMtc2hpZWxkMQ	FFFFFFFFFFFFFFFF
A	dXBncmFkZS1vcmMtc2hpZWxkMg	FFFFFFFFFFFFFFFF
A	dXBncmFkZS1vcmMtc2hpcC1hcm1vcjE	FFFFFFFFFFFFFFFF
A	dXBncmFkZS1vcmMtc2hpcC1hcm1vcjI	FFFFFFFFFFFFFFFF
A	dXBncmFkZS1vcmMtc2hpcC1jYW5ub24x	FFFFFFFFFFFFFFFF
A	dXBncmFkZS1vcmMtc2hpcC1jYW5ub24y	FFFFFFFFFFFFFFFF
A	dXBncmFkZS1wYWxhZGlu	FFFFFFFFFFFFFFFF
A	dXBncmFkZS1wb2x5bW9ycGg	FFFFFFFFFFFFFFFF
A	dXBncmFkZS1yYWlzZS1kZWFk	FFFFFFFFFFFFFFFF
A	dXBncmFkZS1yYW5nZXI	FFFFFFFFFFFFFFFF
A	dXBncmFkZS1yYW5nZXItbWFya3NtYW5zaGlw	FFFFFFFFFFFFFFFF
A	dXBncmFkZS1yYW5nZXItc2NvdXRpbmc	FFFFFFFFFFFFFFFF
A	dXBncmFkZS1ydW5lcw	FFFFFFFFFFFFFFFF
A	dXBncmFkZS1ydW5lcy1kb3VibGUtaGVhZA	RRRRRRRRRRRRRRRR
A	dXBncmFkZS1zbG93	FFFFFFFFFFFFFFFF
A	dXBncmFkZS1zd29yZDE	FFFFFFFFFFFFFFFF
A	dXBncmFkZS1zd29yZDI	FFFFFFFFFFFFFFFF
A	dXBncmFkZS10aHJvd2luZy1heGUx	AAAAAAAAAAAAAAAA
A	dXBncmFkZS10aHJvd2luZy1heGUy	AAAAAAAAAAAAAAAA
A	dXBncmFkZS11bmhvbHktYXJtb3I	FFFFFFFFFFFFFFFF
A	dXBncmFkZS13aGlybHdpbmQ	FFFFFFFFFFFFFFFF
I	1	d2MyLWxhbmQtYXR0YWNr	MAP
T	VEhJUyBRZFc1cGRDMXZjbU10YzJocGNIbGhjbVEgVU5JVF9DT1VOVCBOMSBHRSBUSElTIFFkVzVwZEMxdmNtTXRiMmxzTFhCc1lYUm1iM0p0IFVOSVRfQ09VTlQgTjQgR0UgQU5E	VklDVE9SWQ
T	VEhJUyBUT1RBTCBOMCBFUQ	REVGRUFU
E
M	Y2FtcGFpZ25zL29yYy9sZXZlbDA0bw	Li4vY2FtcGFpZ25zL29yYy9pbnRlcmZhY2UvaW50cm9zY3JlZW4xLnBuZw	1	Y2FtcGFpZ25zL29yYy9sZXZlbDA0by1pbnRybzEud2F2
A	dW5pdC1hbGNoZW1pc3Q	FFFFFFFFFFFFFFFF
A	dW5pdC1hbHRhci1vZi1zdG9ybXM	FFFFFFFFFFFFFFFF
A	dW5pdC1hcmNoZXI	AAAAAAAAAAAAAAAA
A	dW5pdC1hcnRob3ItbGl0ZXJpb3M	FFFFFFFFFFFFFFFF
A	dW5pdC1heGV0aHJvd2Vy	AAAAAAAAAAAAAAAA
A	dW5pdC1iYWxsaXN0YQ	FFFFFFFFFFFFFFFF
A	dW5pdC1iYWxsb29u	FFFFFFFFFFFFFFFF
A	dW5pdC1iYXR0bGVzaGlw	FFFFFFFFFFFFFFFF
A	dW5pdC1iZWFzdC1jcnk	FFFFFFFFFFFFFFFF
A	dW5pdC1iZXJzZXJrZXI	FFFFFFFFFFFFFFFF
A	dW5pdC1jYXN0bGU	FFFFFFFFFFFFFFFF
A	dW5pdC1jYXRhcHVsdA	FFFFFFFFFFFFFFFF
A	dW5pdC1jaHVyY2g	FFFFFFFFFFFFFFFF
A	dW5pdC1jaXJjbGUtb2YtcG93ZXI	FFFFFFFFFFFFFFFF
A	dW5pdC1jcml0dGVy	FFFFFFFFFFFFFFFF
A	dW5pdC1kYWVtb24	FFFFFFFFFFFFFFFF
A	dW5pdC1kYXJrLXBvcnRhbA	FFFFFFFFFFFFFFFF
A	dW5pdC1kZWFkLXNlYS1ib2R5	FFFFFFFFFFFFFFFF
A	dW5pdC1kZWF0aC1rbmlnaHQ	FFFFFFFFFFFFFFFF
A	dW5pdC1kZXN0cm95ZWQtMXgxLXBsYWNl	FFFFFFFFFFFFFFFF
A	dW5pdC1kZXN0cm95ZWQtMngyLXBsYWNl	FFFFFFFFFFFFFFFF
A	dW5pdC1kZXN0cm95ZWQtM3gzLXBsYWNl	FFFFFFFFFFFFFFFF
A	dW5pdC1kZXN0cm95ZWQtM3gzLXBsYWNlLXdhdGVy	FFFFFFFFFFFFFFFF
A	dW5pdC1kZXN0cm95ZWQtNHg0LXBsYWNl	FFFFFFFFFFFFFFFF
A	dW5pdC1kb3VibGUtaGVhZA	FFFFFFFFFFFFFFFF
A	dW5pdC1kcmFnb24	FFFFFFFFFFFFFFFF
A	dW5pdC1kcmFnb24tcm9vc3Q	FFFFFFFFFFFFFFFF
A	dW5pdC1kd2FydmVz	FFFFFFFFFFFFFFFF
A	dW5pdC1lbHZlbi1sdW1iZXItbWlsbA	AAAAAAAAAAAAAAAA
A	dW5pdC1ldmlsLWtuaWdodA	FFFFFFFFFFFFFFFF
A	dW5pdC1leWUtb2YtdmlzaW9u	FFFFFFFFFFFFFFFF
A	dW5pdC1mYWQtbWFu	FFFFFFFFFFFFFFFF
A	dW5pdC1mYXJt	AAAAAAAAAAAAAAAA
A	dW5pdC1mZW1hbGUtaGVybw	FFFFFFFFFFFFFFFF
A	dW5pdC1maXJlLWJyZWV6ZQ	FFFFFFFFFFFFFFFF
A	dW5pdC1mbHlpbmctYW5nZWw	FFFFFFFFFFFFFFFF
A	dW5pdC1mb290bWFu	AAAAAAAAAAAAAAAA
A	dW5pdC1mb3J0cmVzcw	FFFFFFFFFFFFFFFF
A	dW5pdC1nb2JsaW4tc2FwcGVycw	FFFFFFFFFFFFFFFF
A	dW5pdC1nb2xkLW1pbmU	FFFFFFFFFFFFFFFF
A	dW5pdC1ncmVhdC1oYWxs	AAAAAAAAAAAAAAAA
A	dW5pdC1ncnVudA	AAAAAAAAAAAAAAAA
A	dW5pdC1ncnlwaG9uLWF2aWFyeQ	FFFFFFFFFFFFFFFF
A	dW5pdC1ncnlwaG9uLXJpZGVy	FFFFFFFFFFFFFFFF
A	dW5pdC1odW1hbi1iYXJyYWNrcw	AAAAAAAAAAAAAAAA
A	dW5pdC1odW1hbi1ibGFja3NtaXRo	FFFFFFFFFFFFFFFF
A	dW5pdC1odW1hbi1jYW5ub24tdG93ZXI	FFFFFFFFFFFFFFFF
A	dW5pdC1odW1hbi1kZWFkLWJvZHk	FFFFFFFFFFFFFFFF
A	dW5pdC1odW1hbi1kZXN0cm95ZXI	AAAAAAAAAAAAAAAA
A	dW5pdC1odW1hbi1mb3VuZHJ5	AAAAAAAAAAAAAAAA
A	dW5pdC1odW1hbi1ndWFyZC10b3dlcg	AAAAAAAAAAAAAAAA
A	dW5pdC1odW1hbi1vaWwtcGxhdGZvcm0	AAAAAAAAAAAAAAAA
A	dW5pdC1odW1hbi1vaWwtdGFua2Vy	AAAAAAAAAAAAAAAA
A	dW5pdC1odW1hbi1yZWZpbmVyeQ	AAAAAAAAAAAAAAAA
A	dW5pdC1odW1hbi1zaGlweWFyZA	AAAAAAAAAAAAAAAA
A	dW5pdC1odW1hbi1zdGFydC1sb2NhdGlvbg	FFFFFFFFFFFFFFFF
A	dW5pdC1odW1hbi1zdWJtYXJpbmU	FFFFFFFFFFFFFFFF
A	dW5pdC1odW1hbi10cmFuc3BvcnQ	AAAAAAAAAAAAAAAA
A	dW5pdC1odW1hbi13YWxs	AAAAAAAAAAAAAAAA
A	dW5pdC1odW1hbi13YXRjaC10b3dlcg	AAAAAAAAAAAAAAAA
A	dW5pdC1pY2UtYnJpbmdlcg	FFFFFFFFFFFFFFFF
A	dW5pdC1pbnZlbnRvcg	FFFFFFFFFFFFFFFF
A	dW5pdC1rZWVw	FFFFFFFFFFFFFFFF
A	dW5pdC1rbmlnaHQ	FFFFFFFFFFFFFFFF
A	dW5pdC1rbmlnaHQtcmlkZXI	FFFFFFFFFFFFFFFF
A	dW5pdC1tYWdl	FFFFFFFFFFFFFFFF
A	dW5pdC1tYWdlLXRvd2Vy	FFFFFFFFFFFFFFFF
A	dW5pdC1tYW4tb2YtbGlnaHQ	FFFFFFFFFFFFFFFF
A	dW5pdC1vZ3Jl	FFFFFFFFFFFFFFFF
A	dW5pdC1vZ3JlLWp1Z2dlcm5hdWdodA	FFFFFFFFFFFFFFFF
A	dW5pdC1vZ3JlLW1hZ2U	FFFFFFFFFFFFFFFF
A	dW5pdC1vZ3JlLW1vdW5k	FFFFFFFFFFFFFFFF
A	dW5pdC1vaWwtcGF0Y2g	FFFFFFFFFFFFFFFF
A	dW5pdC1vcmMtYmFycmFja3M	AAAAAAAAAAAAAAAA
A	dW5pdC1vcmMtYmxhY2tzbWl0aA	FFFFFFFFFFFFFFFF
A	dW5pdC1vcmMtY2Fubm9uLXRvd2Vy	FFFFFFFFFFFFFFFF
A	dW5pdC1vcmMtZGVhZC1ib2R5	FFFFFFFFFFFFFFFF
A	dW5pdC1vcmMtZGVzdHJveWVy	AAAAAAAAAAAAAAAA
A	dW5pdC1vcmMtZm91bmRyeQ	AAAAAAAAAAAAAAAA
A	dW5pdC1vcmMtZ3VhcmQtdG93ZXI	AAAAAAAAAAAAAAAA
A	dW5pdC1vcmMtb2lsLXBsYXRmb3Jt	AAAAAAAAAAAAAAAA
A	dW5pdC1vcmMtb2lsLXRhbmtlcg	AAAAAAAAAAAAAAAA
A	dW5pdC1vcmMtcmVmaW5lcnk	AAAAAAAAAAAAAAAA
A	dW5pdC1vcmMtc2hpcHlhcmQ	AAAAAAAAAAAAAAAA
A	dW5pdC1vcmMtc3RhcnQtbG9jYXRpb24	FFFFFFFFFFFFFFFF
A	dW5pdC1vcmMtc3VibWFyaW5l	FFFFFFFFFFFFFFFF
A	dW5pdC1vcmMtdHJhbnNwb3J0	AAAAAAAAAAAAAAAA
A	dW5pdC1vcmMtd2FsbA	AAAAAAAAAAAAAAAA
A	dW5pdC1vcmMtd2F0Y2gtdG93ZXI	AAAAAAAAAAAAAAAA
A	dW5pdC1wYWxhZGlu	FFFFFFFFFFFFFFFF
A	dW5pdC1wZWFzYW50	AAAAAAAAAAAAAAAA
A	dW5pdC1wZW9u	AAAAAAAAAAAAAAAA
A	dW5pdC1waWctZmFybQ	AAAAAAAAAAAAAAAA
A	dW5pdC1xdWljay1ibGFkZQ	FFFFFFFFFFFFFFFF
A	dW5pdC1yYW5nZXI	FFFFFFFFFFFFFFFF
A	dW5pdC1ydW5lc3RvbmU	FFFFFFFFFFFFFFFF
A	dW5pdC1zaGFycC1heGU	FFFFFFFFFFFFFFFF
A	dW5pdC1za2VsZXRvbg	FFFFFFFFFFFFFFFF
A	dW5pdC1zdGFibGVz	FFFFFFFFFFFFFFFF
A	dW5pdC1zdHJvbmdob2xk	FFFFFFFFFFFFFFFF
A	dW5pdC10ZW1wbGUtb2YtdGhlLWRhbW5lZA	FFFFFFFFFFFFFFFF
A	dW5pdC10b3duLWhhbGw	AAAAAAAAAAAAAAAA
A	dW5pdC10cm9sbC1sdW1iZXItbWlsbA	AAAAAAAAAAAAAAAA
A	dW5pdC13aGl0ZS1tYWdl	FFFFFFFFFFFFFFFF
A	dW5pdC13aXNlLW1hbg	FFFFFFFFFFFFFFFF
A	dW5pdC16ZXBwZWxpbg	FFFFFFFFFFFFFFFF
A	dXBncmFkZS1hcnJvdzE	AAAAAAAAAAAAAAAA
A	dXBncmFkZS1hcnJvdzI	AAAAAAAAAAAAAAAA
A	dXBncmFkZS1iYWxsaXN0YTE	FFFFFFFFFFFFFFFF
A	dXBncmFkZS1iYWxsaXN0YTI	FFFFFFFFFFFFFFFF
A	dXBncmFkZS1iYXR0bGUtYXhlMQ	FFFFFFFFFFFFFFFF
A	dXBncmFkZS1iYXR0bGUtYXhlMg	FFFFFFFFFFFFFFFF
A	dXBncmFkZS1iZXJzZXJrZXI	FFFFFFFFFFFFFFFF
A	dXBncmFkZS1iZXJzZXJrZXItcmVnZW5lcmF0aW9u	FFFFFFFFFFFFFFFF
A	dXBncmFkZS1iZXJzZXJrZXItc2NvdXRpbmc	FFFFFFFFFFFFFFFF
A	dXBncmFkZS1ibGl6emFyZA	FFFFFFFFFFFFFFFF
A	dXBncmFkZS1ibG9vZGx1c3Q	FFFFFFFFFFFFFFFF
A	dXBncmFkZS1ibG9vZGx1c3QtZG91YmxlLWhlYWQ	RRRRRRRRRRRRRRRR
A	dXBncmFkZS1jYXRhcHVsdDE	FFFFFFFFFFFFFFFF
A	dXBncmFkZS1jYXRhcHVsdDI	FFFFFFFFFFFFFFFF
A	dXBncmFkZS1kZWF0aC1hbmQtZGVjYXk	FFFFFFFFFFFFFFFF
A	dXBncmFkZS1kZWF0aC1jb2ls	RRRRRRRRRRRRRRRR
A	dXBncmFkZS1leG9yY2lzbQ	FFFFFFFFFFFFFFFF
A	dXBncmFkZS1leWUtb2Yta2lscm9nZw	RRRRRRRRRRRRRRRR
A	dXBncmFkZS1leWUtb2Yta2lscm9nZy1kb3VibGUtaGVhZA	RRRRRRRRRRRRRRRR
A	dXBncmFkZS1maXJlYmFsbA	RRRRRRRRRRRRRRRR
A	dXBncmFkZS1mbGFtZS1zaGllbGQ	FFFFFFFFFFFFFFFF
A	dXBncmFkZS1oYXN0ZQ	FFFFFFFFFFFFFFFF
A	dXBncmFkZS1oZWFsaW5n	FFFFFFFFFFFFFFFF
A	dXBncmFkZS1ob2x5LXZpc2lvbg	RRRRRRRRRRRRRRRR
A	dXBncmFkZS1odW1hbi1zaGllbGQx	FFFFFFFFFFFFFFFF
A	dXBncmFkZS1odW1hbi1zaGllbGQy	FFFFFFFFFFFFFFFF
A	dXBncmFkZS1odW1hbi1zaGlwLWFybW9yMQ	AAAAAAAAAAAAAAAA
A	dXBncmFkZS1odW1hbi1zaGlwLWFybW9yMg	FFFFFFFFFFFFFFFF
A	dXBncmFkZS1odW1hbi1zaGlwLWNhbm5vbjE	AAAAAAAAAAAAAAAA
A	dXBncmFkZS1odW1hbi1zaGlwLWNhbm5vbjI	FFFFFFFFFFFFFFFF
A	dXBncmFkZS1pbnZpc2liaWxpdHk	FFFFFFFFFFFFFFFF
A	dXBncmFkZS1saWdodC1heGVz	FFFFFFFFFFFFFFFF
A	dXBncmFkZS1sb25nYm93	FFFFFFFFFFFFFFFF
A	dXBncmFkZS1vZ3JlLW1hZ2U	FFFFFFFFFFFFFFFF
A	dXBncmFkZS1vcmMtc2hpZWxkMQ	FFFFFFFFFFFFFFFF
A	dXBncmFkZS1vcmMtc2hpZWxkMg	FFFFFFFFFFFFFFFF
A	dXBncmFkZS1vcmMtc2hpcC1hcm1vcjE	AAAAAAAAAAAAAAAA
A	dXBncmFkZS1vcmMtc2hpcC1hcm1vcjI	FFFFFFFFFFFFFFFF
A	dXBncmFkZS1vcmMtc2hpcC1jYW5ub24x	AAAAAAAAAAAAAAAA
A	dXBncmFkZS1vcmMtc2hpcC1jYW5ub24y	FFFFFFFFFFFFFFFF
A	dXBncmFkZS1wYWxhZGlu	FFFFFFFFFFFFFFFF
A	dXBncmFkZS1wb2x5bW9ycGg	FFFFFFFFFFFFFFFF
A	dXBncmFkZS1yYWlzZS1kZWFk	FFFFFFFFFFFFFFFF
A	dXBncmFkZS1yYW5nZXI	FFFFFFFFFFFFFFFF
A	dXBncmFkZS1yYW5nZXItbWFya3NtYW5zaGlw	FFFFFFFFFFFFFFFF
A	dXBncmFkZS1yYW5nZXItc2NvdXRpbmc	FFFFFFFFFFFFFFFF
A	dXBncmFkZS1ydW5lcw	FFFFFFFFFFFFFFFF
A	dXBncmFkZS1ydW5lcy1kb3VibGUtaGVhZA	RRRRRRRRRRRRRRRR
A	dXBncmFkZS1zbG93	FFFFFFFFFFFFFFFF
A	dXBncmFkZS1zd29yZDE	FFFFFFFFFFFFFFFF
A	dXBncmFkZS1zd29yZDI	FFFFFFFFFFFFFFFF
A	dXBncmFkZS10aHJvd2luZy1heGUx	AAAAAAAAAAAAAAAA
A	dXBncmFkZS10aHJvd2luZy1heGUy	AAAAAAAAAAAAAAAA
A	dXBncmFkZS11bmhvbHktYXJtb3I	FFFFFFFFFFFFFFFF
A	dXBncmFkZS13aGlybHdpbmQ	FFFFFFFFFFFFFFFF
I	1	b3JjLTA0	MAP
T	VEhJUyBPUFBPTkVOVFMgTjAgRVE	VklDVE9SWQ
T	VEhJUyBUT1RBTCBOMCBFUQ	REVGRUFU
E
M	Y2FtcGFpZ25zL29yYy9sZXZlbDA1bw	Li4vY2FtcGFpZ25zL29yYy9pbnRlcmZhY2UvaW50cm9zY3JlZW4yLnBuZw	1	Y2FtcGFpZ25zL29yYy9sZXZlbDA1by1pbnRybzEud2F2
A	dW5pdC1hbGNoZW1pc3Q	AAAAAAAAAAAAAAAA
A	dW5pdC1hbHRhci1vZi1zdG9ybXM	FFFFFFFFFFFFFFFF
A	dW5pdC1hcmNoZXI	AAAAAAAAAAAAAAAA
A	dW5pdC1hcnRob3ItbGl0ZXJpb3M	FFFFFFFFFFFFFFFF
A	dW5pdC1heGV0aHJvd2Vy	AAAAAAAAAAAAAAAA
A	dW5pdC1iYWxsaXN0YQ	AAAAAAAAAAAAAAAA
A	dW5pdC1iYWxsb29u	AAAAAAAAAAAAAAAA
A	dW5pdC1iYXR0bGVzaGlw	FFFFFFFFFFFFFFFF
A	dW5pdC1iZWFzdC1jcnk	FFFFFFFFFFFFFFFF
A	dW5pdC1iZXJzZXJrZXI	AAAAAAAAAAAAAAAA
A	dW5pdC1jYXN0bGU	FFFFFFFFFFFFFFFF
A	dW5pdC1jYXRhcHVsdA	AAAAAAAAAAAAAAAA
A	dW5pdC1jaHVyY2g	FFFFFFFFFFFFFFFF
A	dW5pdC1jaXJjbGUtb2YtcG93ZXI	FFFFFFFFFFFFFFFF
A	dW5pdC1jcml0dGVy	FFFFFFFFFFFFFFFF
A	dW5pdC1kYWVtb24	FFFFFFFFFFFFFFFF
A	dW5pdC1kYXJrLXBvcnRhbA	FFFFFFFFFFFFFFFF
A	dW5pdC1kZWFkLXNlYS1ib2R5	FFFFFFFFFFFFFFFF
A	dW5pdC1kZWF0aC1rbmlnaHQ	FFFFFFFFFFFFFFFF
A	dW5pdC1kZXN0cm95ZWQtMXgxLXBsYWNl	FFFFFFFFFFFFFFFF
A	dW5pdC1kZXN0cm95ZWQtMngyLXBsYWNl	FFFFFFFFFFFFFFFF
A	dW5pdC1kZXN0cm95ZWQtM3gzLXBsYWNl	FFFFFFFFFFFFFFFF
A	dW5pdC1kZXN0cm95ZWQtM3gzLXBsYWNlLXdhdGVy	FFFFFFFFFFFFFFFF
A	dW5pdC1kZXN0cm95ZWQtNHg0LXBsYWNl	FFFFFFFFFFFFFFFF
A	dW5pdC1kb3VibGUtaGVhZA	FFFFFFFFFFFFFFFF
A	dW5pdC1kcmFnb24	FFFFFFFFFFFFFFFF
A	dW5pdC1kcmFnb24tcm9vc3Q	FFFFFFFFFFFFFFFF
A	dW5pdC1kd2FydmVz	FFFFFFFFFFFFFFFF
A	dW5pdC1lbHZlbi1sdW1iZXItbWlsbA	AAAAAAAAAAAAAAAA
A	dW5pdC1ldmlsLWtuaWdodA	FFFFFFFFFFFFFFFF
A	dW5pdC1leWUtb2YtdmlzaW9u	FFFFFFFFFFFFFFFF
A	dW5pdC1mYWQtbWFu	FFFFFFFFFFFFFFFF
A	dW5pdC1mYXJt	AAAAAAAAAAAAAAAA
A	dW5pdC1mZW1hbGUtaGVybw	FFFFFFFFFFFFFFFF
A	dW5pdC1maXJlLWJyZWV6ZQ	FFFFFFFFFFFFFFFF
A	dW5pdC1mbHlpbmctYW5nZWw	FFFFFFFFFFFFFFFF
A	dW5pdC1mb290bWFu	AAAAAAAAAAAAAAAA
A	dW5pdC1mb3J0cmVzcw	FFFFFFFFFFFFFFFF
A	dW5pdC1nb2JsaW4tc2FwcGVycw	FFFFFFFFFFFFFFFF
A	dW5pdC1nb2xkLW1pbmU	FFFFFFFFFFFFFFFF
A	dW5pdC1ncmVhdC1oYWxs	AAAAAAAAAAAAAAAA
A	dW5pdC1ncnVudA	AAAAAAAAAAAAAAAA
A	dW5pdC1ncnlwaG9uLWF2aWFyeQ	FFFFFFFFFFFFFFFF
A	dW5pdC1ncnlwaG9uLXJpZGVy	FFFFFFFFFFFFFFFF
A	dW5pdC1odW1hbi1iYXJyYWNrcw	AAAAAAAAAAAAAAAA
A	dW5pdC1odW1hbi1ibGFja3NtaXRo	AAAAAAAAAAAAAAAA
A	dW5pdC1odW1hbi1jYW5ub24tdG93ZXI	AAAAAAAAAAAAAAAA
A	dW5pdC1odW1hbi1kZWFkLWJvZHk	FFFFFFFFFFFFFFFF
A	dW5pdC1odW1hbi1kZXN0cm95ZXI	AAAAAAAAAAAAAAAA
A	dW5pdC1odW1hbi1mb3VuZHJ5	AAAAAAAAAAAAAAAA
A	dW5pdC1odW1hbi1ndWFyZC10b3dlcg	AAAAAAAAAAAAAAAA
A	dW5pdC1odW1hbi1vaWwtcGxhdGZvcm0	AAAAAAAAAAAAAAAA
A	dW5pdC1odW1hbi1vaWwtdGFua2Vy	AAAAAAAAAAAAAAAA
A	dW5pdC1odW1hbi1yZWZpbmVyeQ	AAAAAAAAAAAAAAAA
A	dW5pdC1odW1hbi1zaGlweWFyZA	AAAAAAAAAAAAAAAA
A	dW5pdC1odW1hbi1zdGFydC1sb2NhdGlvbg	FFFFFFFFFFFFFFFF
A	dW5pdC1odW1hbi1zdWJtYXJpbmU	FFFFFFFFFFFFFFFF
A	dW5pdC1odW1hbi10cmFuc3BvcnQ	AAAAAAAAAAAAAAAA
A	dW5pdC1odW1hbi13YWxs	AAAAAAAAAAAAAAAA
A	dW5pdC1odW1hbi13YXRjaC10b3dlcg	AAAAAAAAAAAAAAAA
A	dW5pdC1pY2UtYnJpbmdlcg	FFFFFFFFFFFFFFFF
A	dW5pdC1pbnZlbnRvcg	AAAAAAAAAAAAAAAA
A	dW5pdC1rZWVw	AAAAAAAAAAAAAAAA
A	dW5pdC1rbmlnaHQ	FFFFFFFFFFFFFFFF
A	dW5pdC1rbmlnaHQtcmlkZXI	FFFFFFFFFFFFFFFF
A	dW5pdC1tYWdl	FFFFFFFFFFFFFFFF
A	dW5pdC1tYWdlLXRvd2Vy	FFFFFFFFFFFFFFFF
A	dW5pdC1tYW4tb2YtbGlnaHQ	FFFFFFFFFFFFFFFF
A	dW5pdC1vZ3Jl	FFFFFFFFFFFFFFFF
A	dW5pdC1vZ3JlLWp1Z2dlcm5hdWdodA	FFFFFFFFFFFFFFFF
A	dW5pdC1vZ3JlLW1hZ2U	FFFFFFFFFFFFFFFF
A	dW5pdC1vZ3JlLW1vdW5k	FFFFFFFFFFFFFFFF
A	dW5pdC1vaWwtcGF0Y2g	FFFFFFFFFFFFFFFF
A	dW5pdC1vcmMtYmFycmFja3M	AAAAAAAAAAAAAAAA
A	dW5pdC1vcmMtYmxhY2tzbWl0aA	AAAAAAAAAAAAAAAA
A	dW5pdC1vcmMtY2Fubm9uLXRvd2Vy	AAAAAAAAAAAAAAAA
A	dW5pdC1vcmMtZGVhZC1ib2R5	FFFFFFFFFFFFFFFF
A	dW5pdC1vcmMtZGVzdHJveWVy	AAAAAAAAAAAAAAAA
A	dW5pdC1vcmMtZm91bmRyeQ	AAAAAAAAAAAAAAAA
A	dW5pdC1vcmMtZ3VhcmQtdG93ZXI	AAAAAAAAAAAAAAAA
A	dW5pdC1vcmMtb2lsLXBsYXRmb3Jt	AAAAAAAAAAAAAAAA
A	dW5pdC1vcmMtb2lsLXRhbmtlcg	AAAAAAAAAAAAAAAA
A	dW5pdC1vcmMtcmVmaW5lcnk	AAAAAAAAAAAAAAAA
A	dW5pdC1vcmMtc2hpcHlhcmQ	AAAAAAAAAAAAAAAA
A	dW5pdC1vcmMtc3RhcnQtbG9jYXRpb24	FFFFFFFFFFFFFFFF
A	dW5pdC1vcmMtc3VibWFyaW5l	FFFFFFFFFFFFFFFF
A	dW5pdC1vcmMtdHJhbnNwb3J0	AAAAAAAAAAAAAAAA
A	dW5pdC1vcmMtd2FsbA	AAAAAAAAAAAAAAAA
A	dW5pdC1vcmMtd2F0Y2gtdG93ZXI	AAAAAAAAAAAAAAAA
A	dW5pdC1wYWxhZGlu	FFFFFFFFFFFFFFFF
A	dW5pdC1wZWFzYW50	AAAAAAAAAAAAAAAA
A	dW5pdC1wZW9u	AAAAAAAAAAAAAAAA
A	dW5pdC1waWctZmFybQ	AAAAAAAAAAAAAAAA
A	dW5pdC1xdWljay1ibGFkZQ	FFFFFFFFFFFFFFFF
A	dW5pdC1yYW5nZXI	FFFFFFFFFFFFFFFF
A	dW5pdC1ydW5lc3RvbmU	FFFFFFFFFFFFFFFF
A	dW5pdC1zaGFycC1heGU	FFFFFFFFFFFFFFFF
A	dW5pdC1za2VsZXRvbg	FFFFFFFFFFFFFFFF
A	dW5pdC1zdGFibGVz	FFFFFFFFFFFFFFFF
A	dW5pdC1zdHJvbmdob2xk	AAAAAAAAAAAAAAAA
A	dW5pdC10ZW1wbGUtb2YtdGhlLWRhbW5lZA	FFFFFFFFFFFFFFFF
A	dW5pdC10b3duLWhhbGw	AAAAAAAAAAAAAAAA
A	dW5pdC10cm9sbC1sdW1iZXItbWlsbA	AAAAAAAAAAAAAAAA
A	dW5pdC13aGl0ZS1tYWdl	FFFFFFFFFFFFFFFF
A	dW5pdC13aXNlLW1hbg	FFFFFFFFFFFFFFFF
A	dW5pdC16ZXBwZWxpbg	AAAAAAAAAAAAAAAA
A	dXBncmFkZS1hcnJvdzE	AAAAAAAAAAAAAAAA
A	dXBncmFkZS1hcnJvdzI	AAAAAAAAAAAAAAAA
A	dXBncmFkZS1iYWxsaXN0YTE	AAAAAAAAAAAAAAAA
A	dXBncmFkZS1iYWxsaXN0YTI	FFFFFFFFFFFFFFFF
A	dXBncmFkZS1iYXR0bGUtYXhlMQ	AAAAAAAAAAAAAAAA
A	dXBncmFkZS1iYXR0bGUtYXhlMg	FFFFFFFFFFFFFFFF
A	dXBncmFkZS1iZXJzZXJrZXI	FFFFFFFFFFFFFFFF
A	dXBncmFkZS1iZXJzZXJrZXItcmVnZW5lcmF0aW9u	FFFFFFFFFFFFFFFF
A	dXBncmFkZS1iZXJzZXJrZXItc2NvdXRpbmc	FFFFFFFFFFFFFFFF
A	dXBncmFkZS1ibGl6emFyZA	FFFFFFFFFFFFFFFF
A	dXBncmFkZS1ibG9vZGx1c3Q	FFFFFFFFFFFFFFFF
A	dXBncmFkZS1ibG9vZGx1c3QtZG91YmxlLWhlYWQ	RRRRRRRRRRRRRRRR
A	dXBncmFkZS1jYXRhcHVsdDE	AAAAAAAAAAAAAAAA
A	dXBncmFkZS1jYXRhcHVsdDI	FFFFFFFFFFFFFFFF
A	dXBncmFkZS1kZWF0aC1hbmQtZGVjYXk	FFFFFFFFFFFFFFFF
A	dXBncmFkZS1kZWF0aC1jb2ls	RRRRRRRRRRRRRRRR
A	dXBncmFkZS1leG9yY2lzbQ	FFFFFFFFFFFFFFFF
A	dXBncmFkZS1leWUtb2Yta2lscm9nZw	RRRRRRRRRRRRRRRR
A	dXBncmFkZS1leWUtb2Yta2lscm9nZy1kb3VibGUtaGVhZA	RRRRRRRRRRRRRRRR
A	dXBncmFkZS1maXJlYmFsbA	RRRRRRRRRRRRRRRR
A	dXBncmFkZS1mbGFtZS1zaGllbGQ	FFFFFFFFFFFFFFFF
A	dXBncmFkZS1oYXN0ZQ	FFFFFFFFFFFFFFFF
A	dXBncmFkZS1oZWFsaW5n	FFFFFFFFFFFFFFFF
A	dXBncmFkZS1ob2x5LXZpc2lvbg	RRRRRRRRRRRRRRRR
A	dXBncmFkZS1odW1hbi1zaGllbGQx	AAAAAAAAAAAAAAAA
A	dXBncmFkZS1odW1hbi1zaGllbGQy	FFFFFFFFFFFFFFFF
A	dXBncmFkZS1odW1hbi1zaGlwLWFybW9yMQ	AAAAAAAAAAAAAAAA
A	dXBncmFkZS1odW1hbi1zaGlwLWFybW9yMg	FFFFFFFFFFFFFFFF
A	dXBncmFkZS1odW1hbi1zaGlwLWNhbm5vbjE	AAAAAAAAAAAAAAAA
A	dXBncmFkZS1odW1hbi1zaGlwLWNhbm5vbjI	FFFFFFFFFFFFFFFF
A	dXBncmFkZS1pbnZpc2liaWxpdHk	FFFFFFFFFFFFFFFF
A	dXBncmFkZS1saWdodC1heGVz	FFFFFFFFFFFFFFFF
A	dXBncmFkZS1sb25nYm93	FFFFFFFFFFFFFFFF
A	dXBncmFkZS1vZ3JlLW1hZ2U	FFFFFFFFFFFFFFFF
A	dXBncmFkZS1vcmMtc2hpZWxkMQ	AAAAAAAAAAAAAAAA
A	dXBncmFkZS1vcmMtc2hpZWxkMg	FFFFFFFFFFFFFFFF
A	dXBncmFkZS1vcmMtc2hpcC1hcm1vcjE	AAAAAAAAAAAAAAAA
A	dXBncmFkZS1vcmMtc2hpcC1hcm1vcjI	FFFFFFFFFFFFFFFF
A	dXBncmFkZS1vcmMtc2hpcC1jYW5ub24x	AAAAAAAAAAAAAAAA
A	dXBncmFkZS1vcmMtc2hpcC1jYW5ub24y	FFFFFFFFFFFFFFFF
A	dXBncmFkZS1wYWxhZGlu	FFFFFFFFFFFFFFFF
A	dXBncmFkZS1wb2x5bW9ycGg	FFFFFFFFFFFFFFFF
A	dXBncmFkZS1yYWlzZS1kZWFk	FFFFFFFFFFFFFFFF
A	dXBncmFkZS1yYW5nZXI	FFFFFFFFFFFFFFFF
A	dXBncmFkZS1yYW5nZXItbWFya3NtYW5zaGlw	FFFFFFFFFFFFFFFF
A	dXBncmFkZS1yYW5nZXItc2NvdXRpbmc	FFFFFFFFFFFFFFFF
A	dXBncmFkZS1ydW5lcw	FFFFFFFFFFFFFFFF
A	dXBncmFkZS1ydW5lcy1kb3VibGUtaGVhZA	RRRRRRRRRRRRRRRR
A	dXBncmFkZS1zbG93	FFFFFFFFFFFFFFFF
A	dXBncmFkZS1zd29yZDE	AAAAAAAAAAAAAAAA
A	dXBncmFkZS1zd29yZDI	FFFFFFFFFFFFFFFF
A	dXBncmFkZS10aHJvd2luZy1heGUx	AAAAAAAAAAAAAAAA
A	dXBncmFkZS10aHJvd2luZy1heGUy	AAAAAAAAAAAAAAAA
A	dXBncmFkZS11bmhvbHktYXJtb3I	FFFFFFFFFFFFFFFF
A	dXBncmFkZS13aGlybHdpbmQ	FFFFFFFFFFFFFFFF
I	0	b3JjLTA1	MAP
I	1	d2MyLWxhbmQtYXR0YWNr	MAP
T	VEhJUyBPUFBPTkVOVFMgTjAgRVE	VklDVE9SWQ
T	VEhJUyBUT1RBTCBOMCBFUQ	REVGRUFU
E
M	Y2FtcGFpZ25zL29yYy9sZXZlbDA2bw	Li4vY2FtcGFpZ25zL29yYy9pbnRlcmZhY2UvaW50cm9zY3JlZW4yLnBuZw	1	Y2FtcGFpZ25zL29yYy9sZXZlbDA2by1pbnRybzEud2F2
A	dW5pdC1hbGNoZW1pc3Q	AAAAAAAAAAAAAAAA
A	dW5pdC1hbHRhci1vZi1zdG9ybXM	FFFFFFFFFFFFFFFF
A	dW5pdC1hcmNoZXI	AAAAAAAAAAAAAAAA
A	dW5pdC1hcnRob3ItbGl0ZXJpb3M	FFFFFFFFFFFFFFFF
A	dW5pdC1heGV0aHJvd2Vy	AAAAAAAAAAAAAAAA
A	dW5pdC1iYWxsaXN0YQ	AAAAAAAAAAAAAAAA
A	dW5pdC1iYWxsb29u	AAAAAAAAAAAAAAAA
A	dW5pdC1iYXR0bGVzaGlw	FFFFFFFFFFFFFFFF
A	dW5pdC1iZWFzdC1jcnk	FFFFFFFFFFFFFFFF
A	dW5pdC1iZXJzZXJrZXI	AAAAAAAAAAAAAAAA
A	dW5pdC1jYXN0bGU	FFFFFFFFFFFFFFFF
A	dW5pdC1jYXRhcHVsdA	AAAAAAAAAAAAAAAA
A	dW5pdC1jaHVyY2g	FFFFFFFFFFFFFFFF
A	dW5pdC1jaXJjbGUtb2YtcG93ZXI	FFFFFFFFFFFFFFFF
A	dW5pdC1jcml0dGVy	FFFFFFFFFFFFFFFF
A	dW5pdC1kYWVtb24	FFFFFFFFFFFFFFFF
A	dW5pdC1kYXJrLXBvcnRhbA	FFFFFFFFFFFFFFFF
A	dW5pdC1kZWFkLXNlYS1ib2R5	FFFFFFFFFFFFFFFF
A	dW5pdC1kZWF0aC1rbmlnaHQ	FFFFFFFFFFFFFFFF
A	dW5pdC1kZXN0cm95ZWQtMXgxLXBsYWNl	FFFFFFFFFFFFFFFF
A	dW5pdC1kZXN0cm95ZWQtMngyLXBsYWNl	FFFFFFFFFFFFFFFF
A	dW5pdC1kZXN0cm95ZWQtM3gzLXBsYWNl	FFFFFFFFFFFFFFFF
A	dW5pdC1kZXN0cm95ZWQtM3gzLXBsYWNlLXdhdGVy	FFFFFFFFFFFFFFFF
A	dW5pdC1kZXN0cm95ZWQtNHg0LXBsYWNl	FFFFFFFFFFFFFFFF
A	dW5pdC1kb3VibGUtaGVhZA	FFFFFFFFFFFFFFFF
A	dW5pdC1kcmFnb24	FFFFFFFFFFFFFFFF
A	dW5pdC1kcmFnb24tcm9vc3Q	FFFFFFFFFFFFFFFF
A	dW5pdC1kd2FydmVz	FFFFFFFFFFFFFFFF
A	dW5pdC1lbHZlbi1sdW1iZXItbWlsbA	AAAAAAAAAAAAAAAA
A	dW5pdC1ldmlsLWtuaWdodA	FFFFFFFFFFFFFFFF
A	dW5pdC1leWUtb2YtdmlzaW9u	FFFFFFFFFFFFFFFF
A	dW5pdC1mYWQtbWFu	FFFFFFFFFFFFFFFF
A	dW5pdC1mYXJt	AAAAAAAAAAAAAAAA
A	dW5pdC1mZW1hbGUtaGVybw	FFFFFFFFFFFFFFFF
A	dW5pdC1maXJlLWJyZWV6ZQ	FFFFFFFFFFFFFFFF
A	dW5pdC1mbHlpbmctYW5nZWw	FFFFFFFFFFFFFFFF
A	dW5pdC1mb290bWFu	AAAAAAAAAAAAAAAA
A	dW5pdC1mb3J0cmVzcw	FFFFFFFFFFFFFFFF
A	dW5pdC1nb2JsaW4tc2FwcGVycw	FFFFFFFFFFFFFFFF
A	dW5pdC1nb2xkLW1pbmU	FFFFFFFFFFFFFFFF
A	dW5pdC1ncmVhdC1oYWxs	AAAAAAAAAAAAAAAA
A	dW5pdC1ncnVudA	AAAAAAAAAAAAAAAA
A	dW5pdC1ncnlwaG9uLWF2aWFyeQ	FFFFFFFFFFFFFFFF
A	dW5pdC1ncnlwaG9uLXJpZGVy	FFFFFFFFFFFFFFFF
A	dW5pdC1odW1hbi1iYXJyYWNrcw	AAAAAAAAAAAAAAAA
A	dW5pdC1odW1hbi1ibGFja3NtaXRo	AAAAAAAAAAAAAAAA
A	dW5pdC1odW1hbi1jYW5ub24tdG93ZXI	AAAAAAAAAAAAAAAA
A	dW5pdC1odW1hbi1kZWFkLWJvZHk	FFFFFFFFFFFFFFFF
A	dW5pdC1odW1hbi1kZXN0cm95ZXI	AAAAAAAAAAAAAAAA
A	dW5pdC1odW1hbi1mb3VuZHJ5	AAAAAAAAAAAAAAAA
A	dW5pdC1odW1hbi1ndWFyZC10b3dlcg	AAAAAAAAAAAAAAAA
A	dW5pdC1odW1hbi1vaWwtcGxhdGZvcm0	AAAAAAAAAAAAAAAA
A	dW5pdC1odW1hbi1vaWwtdGFua2Vy	AAAAAAAAAAAAAAAA
A	dW5pdC1odW1hbi1yZWZpbmVyeQ	AAAAAAAAAAAAAAAA
A	dW5pdC1odW1hbi1zaGlweWFyZA	AAAAAAAAAAAAAAAA
A	dW5pdC1odW1hbi1zdGFydC1sb2NhdGlvbg	FFFFFFFFFFFFFFFF
A	dW5pdC1odW1hbi1zdWJtYXJpbmU	FFFFFFFFFFFFFFFF
A	dW5pdC1odW1hbi10cmFuc3BvcnQ	AAAAAAAAAAAAAAAA
A	dW5pdC1odW1hbi13YWxs	AAAAAAAAAAAAAAAA
A	dW5pdC1odW1hbi13YXRjaC10b3dlcg	AAAAAAAAAAAAAAAA
A	dW5pdC1pY2UtYnJpbmdlcg	FFFFFFFFFFFFFFFF
A	dW5pdC1pbnZlbnRvcg	AAAAAAAAAAAAAAAA
A	dW5pdC1rZWVw	AAAAAAAAAAAAAAAA
A	dW5pdC1rbmlnaHQ	AAAAAAAAAAAAAAAA
A	dW5pdC1rbmlnaHQtcmlkZXI	FFFFFFFFFFFFFFFF
A	dW5pdC1tYWdl	FFFFFFFFFFFFFFFF
A	dW5pdC1tYWdlLXRvd2Vy	FFFFFFFFFFFFFFFF
A	dW5pdC1tYW4tb2YtbGlnaHQ	FFFFFFFFFFFFFFFF
A	dW5pdC1vZ3Jl	AAAAAAAAAAAAAAAA
A	dW5pdC1vZ3JlLWp1Z2dlcm5hdWdodA	FFFFFFFFFFFFFFFF
A	dW5pdC1vZ3JlLW1hZ2U	FFFFFFFFFFFFFFFF
A	dW5pdC1vZ3JlLW1vdW5k	AAAAAAAAAAAAAAAA
A	dW5pdC1vaWwtcGF0Y2g	FFFFFFFFFFFFFFFF
A	dW5pdC1vcmMtYmFycmFja3M	AAAAAAAAAAAAAAAA
A	dW5pdC1vcmMtYmxhY2tzbWl0aA	AAAAAAAAAAAAAAAA
A	dW5pdC1vcmMtY2Fubm9uLXRvd2Vy	AAAAAAAAAAAAAAAA
A	dW5pdC1vcmMtZGVhZC1ib2R5	FFFFFFFFFFFFFFFF
A	dW5pdC1vcmMtZGVzdHJveWVy	AAAAAAAAAAAAAAAA
A	dW5pdC1vcmMtZm91bmRyeQ	AAAAAAAAAAAAAAAA
A	dW5pdC1vcmMtZ3VhcmQtdG93ZXI	AAAAAAAAAAAAAAAA
A	dW5pdC1vcmMtb2lsLXBsYXRmb3Jt	AAAAAAAAAAAAAAAA
A	dW5pdC1vcmMtb2lsLXRhbmtlcg	AAAAAAAAAAAAAAAA
A	dW5pdC1vcmMtcmVmaW5lcnk	AAAAAAAAAAAAAAAA
A	dW5pdC1vcmMtc2hpcHlhcmQ	AAAAAAAAAAAAAAAA
A	dW5pdC1vcmMtc3RhcnQtbG9jYXRpb24	FFFFFFFFFFFFFFFF
A	dW5pdC1vcmMtc3VibWFyaW5l	FFFFFFFFFFFFFFFF
A	dW5pdC1vcmMtdHJhbnNwb3J0	AAAAAAAAAAAAAAAA
A	dW5pdC1vcmMtd2FsbA	AAAAAAAAAAAAAAAA
A	dW5pdC1vcmMtd2F0Y2gtdG93ZXI	AAAAAAAAAAAAAAAA
A	dW5pdC1wYWxhZGlu	FFFFFFFFFFFFFFFF
A	dW5pdC1wZWFzYW50	AAAAAAAAAAAAAAAA
A	dW5pdC1wZW9u	AAAAAAAAAAAAAAAA
A	dW5pdC1waWctZmFybQ	AAAAAAAAAAAAAAAA
A	dW5pdC1xdWljay1ibGFkZQ	FFFFFFFFFFFFFFFF
A	dW5pdC1yYW5nZXI	AAAAAAAAAAAAAAAA
A	dW5pdC1ydW5lc3RvbmU	FFFFFFFFFFFFFFFF
A	dW5pdC1zaGFycC1heGU	FFFFFFFFFFFFFFFF
A	dW5pdC1za2VsZXRvbg	FFFFFFFFFFFFFFFF
A	dW5pdC1zdGFibGVz	AAAAAAAAAAAAAAAA
A	dW5pdC1zdHJvbmdob2xk	AAAAAAAAAAAAAAAA
A	dW5pdC10ZW1wbGUtb2YtdGhlLWRhbW5lZA	FFFFFFFFFFFFFFFF
A	dW5pdC10b3duLWhhbGw	AAAAAAAAAAAAAAAA
A	dW5pdC10cm9sbC1sdW1iZXItbWlsbA	AAAAAAAAAAAAAAAA
A	dW5pdC13aGl0ZS1tYWdl	FFFFFFFFFFFFFFFF
A	dW5pdC13aXNlLW1hbg	FFFFFFFFFFFFFFFF
A	dW5pdC16ZXBwZWxpbg	AAAAAAAAAAAAAAAA
A	dXBncmFkZS1hcnJvdzE	AAAAAAAAAAAAAAAA
A	dXBncmFkZS1hcnJvdzI	AAAAAAAAAAAAAAAA
A	dXBncmFkZS1iYWxsaXN0YTE	AAAAAAAAAAAAAAAA
A	dXBncmFkZS1iYWxsaXN0YTI	AAAAAAAAAAAAAAAA
A	dXBncmFkZS1iYXR0bGUtYXhlMQ	AAAAAAAAAAAAAAAA
A	dXBncmFkZS1iYXR0bGUtYXhlMg	AAAAAAAAAAAAAAAA
A	dXBncmFkZS1iZXJzZXJrZXI	AAAAAAAAAAAAAAAA
A	dXBncmFkZS1iZXJzZXJrZXItcmVnZW5lcmF0aW9u	AAAAAAAAAAAAAAAA
A	dXBncmFkZS1iZXJzZXJrZXItc2NvdXRpbmc	AAAAAAAAAAAAAAAA
A	dXBncmFkZS1ibGl6emFyZA	FFFFFFFFFFFFFFFF
A	dXBncmFkZS1ibG9vZGx1c3Q	FFFFFFFFFFFFFFFF
A	dXBncmFkZS1ibG9vZGx1c3QtZG91YmxlLWhlYWQ	RRRRRRRRRRRRRRRR
A	dXBncmFkZS1jYXRhcHVsdDE	AAAAAAAAAAAAAAAA
A	dXBncmFkZS1jYXRhcHVsdDI	AAAAAAAAAAAAAAAA
A	dXBncmFkZS1kZWF0aC1hbmQtZGVjYXk	FFFFFFFFFFFFFFFF
A	dXBncmFkZS1kZWF0aC1jb2ls	RRRRRRRRRRRRRRRR
A	dXBncmFkZS1leG9yY2lzbQ	FFFFFFFFFFFFFFFF
A	dXBncmFkZS1leWUtb2Yta2lscm9nZw	RRRRRRRRRRRRRRRR
A	dXBncmFkZS1leWUtb2Yta2lscm9nZy1kb3VibGUtaGVhZA	RRRRRRRRRRRRRRRR
A	dXBncmFkZS1maXJlYmFsbA	RRRRRRRRRRRRRRRR
A	dXBncmFkZS1mbGFtZS1zaGllbGQ	FFFFFFFFFFFFFFFF
A	dXBncmFkZS1oYXN0ZQ	FFFFFFFFFFFFFFFF
A	dXBncmFkZS1oZWFsaW5n	FFFFFFFFFFFFFFFF
A	dXBncmFkZS1ob2x5LXZpc2lvbg	RRRRRRRRRRRRRRRR
A	dXBncmFkZS1odW1hbi1zaGllbGQx	AAAAAAAAAAAAAAAA
A	dXBncmFkZS1odW1hbi1zaGllbGQy	AAAAAAAAAAAAAAAA
A	dXBncmFkZS1odW1hbi1zaGlwLWFybW9yMQ	AAAAAAAAAAAAAAAA
A	dXBncmFkZS1odW1hbi1zaGlwLWFybW9yMg	FFFFFFFFFFFFFFFF
A	dXBncmFkZS1odW1hbi1zaGlwLWNhbm5vbjE	AAAAAAAAAAAAAAAA
A	dXBncmFkZS1odW1hbi1zaGlwLWNhbm5vbjI	FFFFFFFFFFFFFFFF
A	dXBncmFkZS1pbnZpc2liaWxpdHk	FFFFFFFFFFFFFFFF
A	dXBncmFkZS1saWdodC1heGVz	AAAAAAAAAAAAAAAA
A	dXBncmFkZS1sb25nYm93	AAAAAAAAAAAAAAAA
A	dXBncmFkZS1vZ3JlLW1hZ2U	FFFFFFFFFFFFFFFF
A	dXBncmFkZS1vcmMtc2hpZWxkMQ	AAAAAAAAAAAAAAAA
A	dXBncmFkZS1vcmMtc2hpZWxkMg	AAAAAAAAAAAAAAAA
A	dXBncmFkZS1vcmMtc2hpcC1hcm1vcjE	AAAAAAAAAAAAAAAA
A	dXBncmFkZS1vcmMtc2hpcC1hcm1vcjI	FFFFFFFFFFFFFFFF
A	dXBncmFkZS1vcmMtc2hpcC1jYW5ub24x	AAAAAAAAAAAAAAAA
A	dXBncmFkZS1vcmMtc2hpcC1jYW5ub24y	FFFFFFFFFFFFFFFF
A	dXBncmFkZS1wYWxhZGlu	FFFFFFFFFFFFFFFF
A	dXBncmFkZS1wb2x5bW9ycGg	FFFFFFFFFFFFFFFF
A	dXBncmFkZS1yYWlzZS1kZWFk	FFFFFFFFFFFFFFFF
A	dXBncmFkZS1yYW5nZXI	AAAAAAAAAAAAAAAA
A	dXBncmFkZS1yYW5nZXItbWFya3NtYW5zaGlw	AAAAAAAAAAAAAAAA
A	dXBncmFkZS1yYW5nZXItc2NvdXRpbmc	AAAAAAAAAAAAAAAA
A	dXBncmFkZS1ydW5lcw	FFFFFFFFFFFFFFFF
A	dXBncmFkZS1ydW5lcy1kb3VibGUtaGVhZA	RRRRRRRRRRRRRRRR
A	dXBncmFkZS1zbG93	FFFFFFFFFFFFFFFF
A	dXBncmFkZS1zd29yZDE	AAAAAAAAAAAAAAAA
A	dXBncmFkZS1zd29yZDI	AAAAAAAAAAAAAAAA
A	dXBncmFkZS10aHJvd2luZy1heGUx	AAAAAAAAAAAAAAAA
A	dXBncmFkZS10aHJvd2luZy1heGUy	AAAAAAAAAAAAAAAA
A	dXBncmFkZS11bmhvbHktYXJtb3I	FFFFFFFFFFFFFFFF
A	dXBncmFkZS13aGlybHdpbmQ	FFFFFFFFFFFFFFFF
I	0	b3JjLTA2	MAP
T	UWRHaHBjdyBRUFQwIE4xIFFkVzVwZEMxa2IzVmliR1V0YUdWaFpBIFFkVzVwZEMxamFYSmpiR1V0YjJZdGNHOTNaWEkgTkVBUg	VklDVE9SWQ
T	VEhJUyBRZFc1cGRDMWtiM1ZpYkdVdGFHVmhaQSBVTklUX0NPVU5UIE4wIEVRIE4zIFFkVzVwZEMxa2IzVmliR1V0YUdWaFpBIFVOSVRfQ09VTlQgTjAgRVEgQU5E	REVGRUFU
T	VEhJUyBUT1RBTCBOMCBFUQ	REVGRUFU
E
M	Y2FtcGFpZ25zL29yYy9sZXZlbDA3bw	Li4vY2FtcGFpZ25zL29yYy9pbnRlcmZhY2UvaW50cm9zY3JlZW4yLnBuZw	2	Y2FtcGFpZ25zL29yYy9sZXZlbDA3by1pbnRybzEud2F2	Y2FtcGFpZ25zL29yYy9sZXZlbDA3by1pbnRybzIud2F2
A	dW5pdC1hbGNoZW1pc3Q	AAAAAAAAAAAAAAAA
A	dW5pdC1hbHRhci1vZi1zdG9ybXM	FFFFFFFFFFFFFFFF
A	dW5pdC1hcmNoZXI	AAAAAAAAAAAAAAAA
A	dW5pdC1hcnRob3ItbGl0ZXJpb3M	FFFFFFFFFFFFFFFF
A	dW5pdC1heGV0aHJvd2Vy	AAAAAAAAAAAAAAAA
A	dW5pdC1iYWxsaXN0YQ	AAAAAAAAAAAAAAAA
A	dW5pdC1iYWxsb29u	AAAAAAAAAAAAAAAA
A	dW5pdC1iYXR0bGVzaGlw	AAAAAAAAAAAAAAAA
A	dW5pdC1iZWFzdC1jcnk	FFFFFFFFFFFFFFFF
A	dW5pdC1iZXJzZXJrZXI	AAAAAAAAAAAAAAAA
A	dW5pdC1jYXN0bGU	FFFFFFFFFFFFFFFF
A	dW5pdC1jYXRhcHVsdA	AAAAAAAAAAAAAAAA
A	dW5pdC1jaHVyY2g	FFFFFFFFFFFFFFFF
A	dW5pdC1jaXJjbGUtb2YtcG93ZXI	FFFFFFFFFFFFFFFF
A	dW5pdC1jcml0dGVy	FFFFFFFFFFFFFFFF
A	dW5pdC1kYWVtb24	FFFFFFFFFFFFFFFF
A	dW5pdC1kYXJrLXBvcnRhbA	FFFFFFFFFFFFFFFF
A	dW5pdC1kZWFkLXNlYS1ib2R5	FFFFFFFFFFFFFFFF
A	dW5pdC1kZWF0aC1rbmlnaHQ	FFFFFFFFFFFFFFFF
A	dW5pdC1kZXN0cm95ZWQtMXgxLXBsYWNl	FFFFFFFFFFFFFFFF
A	dW5pdC1kZXN0cm95ZWQtMngyLXBsYWNl	FFFFFFFFFFFFFFFF
A	dW5pdC1kZXN0cm95ZWQtM3gzLXBsYWNl	FFFFFFFFFFFFFFFF
A	dW5pdC1kZXN0cm95ZWQtM3gzLXBsYWNlLXdhdGVy	FFFFFFFFFFFFFFFF
A	dW5pdC1kZXN0cm95ZWQtNHg0LXBsYWNl	FFFFFFFFFFFFFFFF
A	dW5pdC1kb3VibGUtaGVhZA	FFFFFFFFFFFFFFFF
A	dW5pdC1kcmFnb24	FFFFFFFFFFFFFFFF
A	dW5pdC1kcmFnb24tcm9vc3Q	FFFFFFFFFFFFFFFF
A	dW5pdC1kd2FydmVz	FFFFFFFFFFFFFFFF
A	dW5pdC1lbHZlbi1sdW1iZXItbWlsbA	AAAAAAAAAAAAAAAA
A	dW5pdC1ldmlsLWtuaWdodA	FFFFFFFFFFFFFFFF
A	dW5pdC1leWUtb2YtdmlzaW9u	FFFFFFFFFFFFFFFF
A	dW5pdC1mYWQtbWFu	FFFFFFFFFFFFFFFF
A	dW5pdC1mYXJt	AAAAAAAAAAAAAAAA
A	dW5pdC1mZW1hbGUtaGVybw	FFFFFFFFFFFFFFFF
A	dW5pdC1maXJlLWJyZWV6ZQ	FFFFFFFFFFFFFFFF
A	dW5pdC1mbHlpbmctYW5nZWw	FFFFFFFFFFFFFFFF
A	dW5pdC1mb290bWFu	AAAAAAAAAAAAAAAA
A	dW5pdC1mb3J0cmVzcw	FFFFFFFFFFFFFFFF
A	dW5pdC1nb2JsaW4tc2FwcGVycw	FFFFFFFFFFFFFFFF
A	dW5pdC1nb2xkLW1pbmU	FFFFFFFFFFFFFFFF
A	dW5pdC1ncmVhdC1oYWxs	AAAAAAAAAAAAAAAA
A	dW5pdC1ncnVudA	AAAAAAAAAAAAAAAA
A	dW5pdC1ncnlwaG9uLWF2aWFyeQ	FFFFFFFFFFFFFFFF
A	dW5pdC1ncnlwaG9uLXJpZGVy	FFFFFFFFFFFFFFFF
A	dW5pdC1odW1hbi1iYXJyYWNrcw	AAAAAAAAAAAAAAAA
A	dW5pdC1odW1hbi1ibGFja3NtaXRo	AAAAAAAAAAAAAAAA
A	dW5pdC1odW1hbi1jYW5ub24tdG93ZXI	AAAAAAAAAAAAAAAA
A	dW5pdC1odW1hbi1kZWFkLWJvZHk	FFFFFFFFFFFFFFFF
A	dW5pdC1odW1hbi1kZXN0cm95ZXI	AAAAAAAAAAAAAAAA
A	dW5pdC1odW1hbi1mb3VuZHJ5	AAAAAAAAAAAAAAAA
A	dW5pdC1odW1hbi1ndWFyZC10b3dlcg	AAAAAAAAAAAAAAAA
A	dW5pdC1odW1hbi1vaWwtcGxhdGZvcm0	AAAAAAAAAAAAAAAA
A	dW5pdC1odW1hbi1vaWwtdGFua2Vy	AAAAAAAAAAAAAAAA
A	dW5pdC1odW1hbi1yZWZpbmVyeQ	AAAAAAAAAAAAAAAA
A	dW5pdC1odW1hbi1zaGlweWFyZA	AAAAAAAAAAAAAAAA
A	dW5pdC1odW1hbi1zdGFydC1sb2NhdGlvbg	FFFFFFFFFFFFFFFF
A	dW5pdC1odW1hbi1zdWJtYXJpbmU	FFFFFFFFFFFFFFFF
A	dW5pdC1odW1hbi10cmFuc3BvcnQ	AAAAAAAAAAAAAAAA
A	dW5pdC1odW1hbi13YWxs	AAAAAAAAAAAAAAAA
A	dW5pdC1odW1hbi13YXRjaC10b3dlcg	AAAAAAAAAAAAAAAA
A	dW5pdC1pY2UtYnJpbmdlcg	FFFFFFFFFFFFFFFF
A	dW5pdC1pbnZlbnRvcg	AAAAAAAAAAAAAAAA
A	dW5pdC1rZWVw	AAAAAAAAAAAAAAAA
A	dW5pdC1rbmlnaHQ	AAAAAAAAAAAAAAAA
A	dW5pdC1rbmlnaHQtcmlkZXI	FFFFFFFFFFFFFFFF
A	dW5pdC1tYWdl	FFFFFFFFFFFFFFFF
A	dW5pdC1tYWdlLXRvd2Vy	FFFFFFFFFFFFFFFF
A	dW5pdC1tYW4tb2YtbGlnaHQ	FFFFFFFFFFFFFFFF
A	dW5pdC1vZ3Jl	AAAAAAAAAAAAAAAA
A	dW5pdC1vZ3JlLWp1Z2dlcm5hdWdodA	FFFFFFFFFFFFFFFF
A	dW5pdC1vZ3JlLW1hZ2U	FFFFFFFFFFFFFFFF
A	dW5pdC1vZ3JlLW1vdW5k	AAAAAAAAAAAAAAAA
A	dW5pdC1vaWwtcGF0Y2g	FFFFFFFFFFFFFFFF
A	dW5pdC1vcmMtYmFycmFja3M	AAAAAAAAAAAAAAAA
A	dW5pdC1vcmMtYmxhY2tzbWl0aA	AAAAAAAAAAAAAAAA
A	dW5pdC1vcmMtY2Fubm9uLXRvd2Vy	AAAAAAAAAAAAAAAA
A	dW5pdC1vcmMtZGVhZC1ib2R5	FFFFFFFFFFFFFFFF
A	dW5pdC1vcmMtZGVzdHJveWVy	AAAAAAAAAAAAAAAA
A	dW5pdC1vcmMtZm91bmRyeQ	AAAAAAAAAAAAAAAA
A	dW5pdC1vcmMtZ3VhcmQtdG93ZXI	AAAAAAAAAAAAAAAA
A	dW5pdC1vcmMtb2lsLXBsYXRmb3Jt	AAAAAAAAAAAAAAAA
A	dW5pdC1vcmMtb2lsLXRhbmtlcg	AAAAAAAAAAAAAAAA
A	dW5pdC1vcmMtcmVmaW5lcnk	AAAAAAAAAAAAAAAA
A	dW5pdC1vcmMtc2hpcHlhcmQ	AAAAAAAAAAAAAAAA
A	dW5pdC1vcmMtc3RhcnQtbG9jYXRpb24	FFFFFFFFFFFFFFFF
A	dW5pdC1vcmMtc3VibWFyaW5l	FFFFFFFFFFFFFFFF
A	dW5pdC1vcmMtdHJhbnNwb3J0	AAAAAAAAAAAAAAAA
A	dW5pdC1vcmMtd2FsbA	AAAAAAAAAAAAAAAA
A	dW5pdC1vcmMtd2F0Y2gtdG93ZXI	AAAAAAAAAAAAAAAA
A	dW5pdC1wYWxhZGlu	FFFFFFFFFFFFFFFF
A	dW5pdC1wZWFzYW50	AAAAAAAAAAAAAAAA
A	dW5pdC1wZW9u	AAAAAAAAAAAAAAAA
A	dW5pdC1waWctZmFybQ	AAAAAAAAAAAAAAAA
A	dW5pdC1xdWljay1ibGFkZQ	FFFFFFFFFFFFFFFF
A	dW5pdC1yYW5nZXI	AAAAAAAAAAAAAAAA
A	dW5pdC1ydW5lc3RvbmU	FFFFFFFFFFFFFFFF
A	dW5pdC1zaGFycC1heGU	FFFFFFFFFFFFFFFF
A	dW5pdC1za2VsZXRvbg	FFFFFFFFFFFFFFFF
A	dW5pdC1zdGFibGVz	AAAAAAAAAAAAAAAA
A	dW5pdC1zdHJvbmdob2xk	AAAAAAAAAAAAAAAA
A	dW5pdC10ZW1wbGUtb2YtdGhlLWRhbW5lZA	FFFFFFFFFFFFFFFF
A	dW5pdC10b3duLWhhbGw	AAAAAAAAAAAAAAAA
A	dW5pdC10cm9sbC1sdW1iZXItbWlsbA	AAAAAAAAAAAAAAAA
A	dW5pdC13aGl0ZS1tYWdl	FFFFFFFFFFFFFFFF
A	dW5pdC13aXNlLW1hbg	FFFFFFFFFFFFFFFF
A	dW5pdC16ZXBwZWxpbg	AAAAAAAAAAAAAAAA
A	dXBncmFkZS1hcnJvdzE	AAAAAAAAAAAAAAAA
A	dXBncmFkZS1hcnJvdzI	AAAAAAAAAAAAAAAA
A	dXBncmFkZS1iYWxsaXN0YTE	AAAAAAAAAAAAAAAA
A	dXBncmFkZS1iYWxsaXN0YTI	AAAAAAAAAAAAAAAA
A	dXBncmFkZS1iYXR0bGUtYXhlMQ	AAAAAAAAAAAAAAAA
A	dXBncmFkZS1iYXR0bGUtYXhlMg	AAAAAAAAAAAAAAAA
A	dXBncmFkZS1iZXJzZXJrZXI	AAAAAAAAAAAAAAAA
A	dXBncmFkZS1iZXJzZXJrZXItcmVnZW5lcmF0aW9u	AAAAAAAAAAAAAAAA
A	dXBncmFkZS1iZXJzZXJrZXItc2NvdXRpbmc	AAAAAAAAAAAAAAAA
A	dXBncmFkZS1ibGl6emFyZA	FFFFFFFFFFFFFFFF
A	dXBncmFkZS1ibG9vZGx1c3Q	FFFFFFFFFFFFFFFF
A	dXBncmFkZS1ibG9vZGx1c3QtZG91YmxlLWhlYWQ	RRRRRRRRRRRRRRRR
A	dXBncmFkZS1jYXRhcHVsdDE	AAAAAAAAAAAAAAAA
A	dXBncmFkZS1jYXRhcHVsdDI	AAAAAAAAAAAAAAAA
A	dXBncmFkZS1kZWF0aC1hbmQtZGVjYXk	FFFFFFFFFFFFFFFF
A	dXBncmFkZS1kZWF0aC1jb2ls	RRRRRRRRRRRRRRRR
A	dXBncmFkZS1leG9yY2lzbQ	FFFFFFFFFFFFFFFF
A	dXBncmFkZS1leWUtb2Yta2lscm9nZw	RRRRRRRRRRRRRRRR
A	dXBncmFkZS1leWUtb2Yta2lscm9nZy1kb3VibGUtaGVhZA	RRRRRRRRRRRRRRRR
A	dXBncmFkZS1maXJlYmFsbA	RRRRRRRRRRRRRRRR
A	dXBncmFkZS1mbGFtZS1zaGllbGQ	FFFFFFFFFFFFFFFF
A	dXBncmFkZS1oYXN0ZQ	FFFFFFFFFFFFFFFF
A	dXBncmFkZS1oZWFsaW5n	FFFFFFFFFFFFFFFF
A	dXBncmFkZS1ob2x5LXZpc2lvbg	RRRRRRRRRRRRRRRR
A	dXBncmFkZS1odW1hbi1zaGllbGQx	AAAAAAAAAAAAAAAA
A	dXBncmFkZS1odW1hbi1zaGllbGQy	AAAAAAAAAAAAAAAA
A	dXBncmFkZS1odW1hbi1zaGlwLWFybW9yMQ	AAAAAAAAAAAAAAAA
A	dXBncmFkZS1odW1hbi1zaGlwLWFybW9yMg	AAAAAAAAAAAAAAAA
A	dXBncmFkZS1odW1hbi1zaGlwLWNhbm5vbjE	AAAAAAAAAAAAAAAA
A	dXBncmFkZS1odW1hbi1zaGlwLWNhbm5vbjI	AAAAAAAAAAAAAAAA
A	dXBncmFkZS1pbnZpc2liaWxpdHk	FFFFFFFFFFFFFFFF
A	dXBncmFkZS1saWdodC1heGVz	AAAAAAAAAAAAAAAA
A	dXBncmFkZS1sb25nYm93	AAAAAAAAAAAAAAAA
A	dXBncmFkZS1vZ3JlLW1hZ2U	FFFFFFFFFFFFFFFF
A	dXBncmFkZS1vcmMtc2hpZWxkMQ	AAAAAAAAAAAAAAAA
A	dXBncmFkZS1vcmMtc2hpZWxkMg	AAAAAAAAAAAAAAAA
A	dXBncmFkZS1vcmMtc2hpcC1hcm1vcjE	AAAAAAAAAAAAAAAA
A	dXBncmFkZS1vcmMtc2hpcC1hcm1vcjI	AAAAAAAAAAAAAAAA
A	dXBncmFkZS1vcmMtc2hpcC1jYW5ub24x	AAAAAAAAAAAAAAAA
A	dXBncmFkZS1vcmMtc2hpcC1jYW5ub24y	AAAAAAAAAAAAAAAA
A	dXBncmFkZS1wYWxhZGlu	FFFFFFFFFFFFFFFF
A	dXBncmFkZS1wb2x5bW9ycGg	FFFFFFFFFFFFFFFF
A	dXBncmFkZS1yYWlzZS1kZWFk	FFFFFFFFFFFFFFFF
A	dXBncmFkZS1yYW5nZXI	AAAAAAAAAAAAAAAA
A	dXBncmFkZS1yYW5nZXItbWFya3NtYW5zaGlw	AAAAAAAAAAAAAAAA
A	dXBncmFkZS1yYW5nZXItc2NvdXRpbmc	AAAAAAAAAAAAAAAA
A	dXBncmFkZS1ydW5lcw	FFFFFFFFFFFFFFFF
A	dXBncmFkZS1ydW5lcy1kb3VibGUtaGVhZA	RRRRRRRRRRRRRRRR
A	dXBncmFkZS1zbG93	FFFFFFFFFFFFFFFF
A	dXBncmFkZS1zd29yZDE	AAAAAAAAAAAAAAAA
A	dXBncmFkZS1zd29yZDI	AAAAAAAAAAAAAAAA
A	dXBncmFkZS10aHJvd2luZy1heGUx	AAAAAAAAAAAAAAAA
A	dXBncmFkZS10aHJvd2luZy1heGUy	AAAAAAAAAAAAAAAA
A	dXBncmFkZS11bmhvbHktYXJtb3I	FFFFFFFFFFFFFFFF
A	dXBncmFkZS13aGlybHdpbmQ	FFFFFFFFFFFFFFFF
I	0	b3JjLTA3	MAP
T	VEhJUyBPUFBPTkVOVFMgTjAgRVE	VklDVE9SWQ
T	VEhJUyBUT1RBTCBOMCBFUQ	REVGRUFU
E
M	Y2FtcGFpZ25zL29yYy9sZXZlbDA4bw	Li4vY2FtcGFpZ25zL29yYy9pbnRlcmZhY2UvaW50cm9zY3JlZW4zLnBuZw	1	Y2FtcGFpZ25zL29yYy9sZXZlbDA4by1pbnRybzEud2F2
A	dW5pdC1hbGNoZW1pc3Q	AAAAAAAAAAAAAAAA
A	dW5pdC1hbHRhci1vZi1zdG9ybXM	FFFFFFFFFFFFFFFF
A	dW5pdC1hcmNoZXI	AAAAAAAAAAAAAAAA
A	dW5pdC1hcnRob3ItbGl0ZXJpb3M	FFFFFFFFFFFFFFFF
A	dW5pdC1heGV0aHJvd2Vy	AAAAAAAAAAAAAAAA
A	dW5pdC1iYWxsaXN0YQ	AAAAAAAAAAAAAAAA
A	dW5pdC1iYWxsb29u	AAAAAAAAAAAAAAAA
A	dW5pdC1iYXR0bGVzaGlw	AAAAAAAAAAAAAAAA
A	dW5pdC1iZWFzdC1jcnk	FFFFFFFFFFFFFFFF
A	dW5pdC1iZXJzZXJrZXI	AAAAAAAAAAAAAAAA
A	dW5pdC1jYXN0bGU	AAAAAAAAAAAAAAAA
A	dW5pdC1jYXRhcHVsdA	AAAAAAAAAAAAAAAA
A	dW5pdC1jaHVyY2g	AAAAAAAAAAAAAAAA
A	dW5pdC1jaXJjbGUtb2YtcG93ZXI	FFFFFFFFFFFFFFFF
A	dW5pdC1jcml0dGVy	FFFFFFFFFFFFFFFF
A	dW5pdC1kYWVtb24	FFFFFFFFFFFFFFFF
A	dW5pdC1kYXJrLXBvcnRhbA	FFFFFFFFFFFFFFFF
A	dW5pdC1kZWFkLXNlYS1ib2R5	FFFFFFFFFFFFFFFF
A	dW5pdC1kZWF0aC1rbmlnaHQ	FFFFFFFFFFFFFFFF
A	dW5pdC1kZXN0cm95ZWQtMXgxLXBsYWNl	FFFFFFFFFFFFFFFF
A	dW5pdC1kZXN0cm95ZWQtMngyLXBsYWNl	FFFFFFFFFFFFFFFF
A	dW5pdC1kZXN0cm95ZWQtM3gzLXBsYWNl	FFFFFFFFFFFFFFFF
A	dW5pdC1kZXN0cm95ZWQtM3gzLXBsYWNlLXdhdGVy	FFFFFFFFFFFFFFFF
A	dW5pdC1kZXN0cm95ZWQtNHg0LXBsYWNl	FFFFFFFFFFFFFFFF
A	dW5pdC1kb3VibGUtaGVhZA	FFFFFFFFFFFFFFFF
A	dW5pdC1kcmFnb24	FFFFFFFFFFFFFFFF
A	dW5pdC1kcmFnb24tcm9vc3Q	FFFFFFFFFFFFFFFF
A	dW5pdC1kd2FydmVz	FFFFFFFFFFFFFFFF
A	dW5pdC1lbHZlbi1sdW1iZXItbWlsbA	AAAAAAAAAAAAAAAA
A	dW5pdC1ldmlsLWtuaWdodA	FFFFFFFFFFFFFFFF
A	dW5pdC1leWUtb2YtdmlzaW9u	FFFFFFFFFFFFFFFF
A	dW5pdC1mYWQtbWFu	FFFFFFFFFFFFFFFF
A	dW5pdC1mYXJt	AAAAAAAAAAAAAAAA
A	dW5pdC1mZW1hbGUtaGVybw	FFFFFFFFFFFFFFFF
A	dW5pdC1maXJlLWJyZWV6ZQ	FFFFFFFFFFFFFFFF
A	dW5pdC1mbHlpbmctYW5nZWw	FFFFFFFFFFFFFFFF
A	dW5pdC1mb290bWFu	AAAAAAAAAAAAAAAA
A	dW5pdC1mb3J0cmVzcw	FFFFFFFFFFFFFFFF
A	dW5pdC1nb2JsaW4tc2FwcGVycw	FFFFFFFFFFFFFFFF
A	dW5pdC1nb2xkLW1pbmU	FFFFFFFFFFFFFFFF
A	dW5pdC1ncmVhdC1oYWxs	AAAAAAAAAAAAAAAA
A	dW5pdC1ncnVudA	AAAAAAAAAAAAAAAA
A	dW5pdC1ncnlwaG9uLWF2aWFyeQ	FFFFFFFFFFFFFFFF
A	dW5pdC1ncnlwaG9uLXJpZGVy	FFFFFFFFFFFFFFFF
A	dW5pdC1odW1hbi1iYXJyYWNrcw	AAAAAAAAAAAAAAAA
A	dW5pdC1odW1hbi1ibGFja3NtaXRo	AAAAAAAAAAAAAAAA
A	dW5pdC1odW1hbi1jYW5ub24tdG93ZXI	AAAAAAAAAAAAAAAA
A	dW5pdC1odW1hbi1kZWFkLWJvZHk	FFFFFFFFFFFFFFFF
A	dW5pdC1odW1hbi1kZXN0cm95ZXI	AAAAAAAAAAAAAAAA
A	dW5pdC1odW1hbi1mb3VuZHJ5	AAAAAAAAAAAAAAAA
A	dW5pdC1odW1hbi1ndWFyZC10b3dlcg	AAAAAAAAAAAAAAAA
A	dW5pdC1odW1hbi1vaWwtcGxhdGZvcm0	AAAAAAAAAAAAAAAA
A	dW5pdC1odW1hbi1vaWwtdGFua2Vy	AAAAAAAAAAAAAAAA
A	dW5pdC1odW1hbi1yZWZpbmVyeQ	AAAAAAAAAAAAAAAA
A	dW5pdC1odW1hbi1zaGlweWFyZA	AAAAAAAAAAAAAAAA
A	dW5pdC1odW1hbi1zdGFydC1sb2NhdGlvbg	FFFFFFFFFFFFFFFF
A	dW5pdC1odW1hbi1zdWJtYXJpbmU	FFFFFFFFFFFFFFFF
A	dW5pdC1odW1hbi10cmFuc3BvcnQ	AAAAAAAAAAAAAAAA
A	dW5pdC1odW1hbi13YWxs	AAAAAAAAAAAAAAAA
A	dW5pdC1odW1hbi13YXRjaC10b3dlcg	AAAAAAAAAAAAAAAA
A	dW5pdC1pY2UtYnJpbmdlcg	FFFFFFFFFFFFFFFF
A	dW5pdC1pbnZlbnRvcg	AAAAAAAAAAAAAAAA
A	dW5pdC1rZWVw	AAAAAAAAAAAAAAAA
A	dW5pdC1rbmlnaHQ	AAAAAAAAAAAAAAAA
A	dW5pdC1rbmlnaHQtcmlkZXI	FFFFFFFFFFFFFFFF
A	dW5pdC1tYWdl	FFFFFFFFFFFFFFFF
A	dW5pdC1tYWdlLXRvd2Vy	FFFFFFFFFFFFFFFF
A	dW5pdC1tYW4tb2YtbGlnaHQ	FFFFFFFFFFFFFFFF
A	dW5pdC1vZ3Jl	AAAAAAAAAAAAAAAA
A	dW5pdC1vZ3JlLWp1Z2dlcm5hdWdodA	AAAAAAAAAAAAAAAA
A	dW5pdC1vZ3JlLW1hZ2U	FFFFFFFFFFFFFFFF
A	dW5pdC1vZ3JlLW1vdW5k	AAAAAAAAAAAAAAAA
A	dW5pdC1vaWwtcGF0Y2g	FFFFFFFFFFFFFFFF
A	dW5pdC1vcmMtYmFycmFja3M	AAAAAAAAAAAAAAAA
A	dW5pdC1vcmMtYmxhY2tzbWl0aA	AAAAAAAAAAAAAAAA
A	dW5pdC1vcmMtY2Fubm9uLXRvd2Vy	AAAAAAAAAAAAAAAA
A	dW5pdC1vcmMtZGVhZC1ib2R5	FFFFFFFFFFFFFFFF
A	dW5pdC1vcmMtZGVzdHJveWVy	AAAAAAAAAAAAAAAA
A	dW5pdC1vcmMtZm91bmRyeQ	AAAAAAAAAAAAAAAA
A	dW5pdC1vcmMtZ3VhcmQtdG93ZXI	AAAAAAAAAAAAAAAA
A	dW5pdC1vcmMtb2lsLXBsYXRmb3Jt	AAAAAAAAAAAAAAAA
A	dW5pdC1vcmMtb2lsLXRhbmtlcg	AAAAAAAAAAAAAAAA
A	dW5pdC1vcmMtcmVmaW5lcnk	AAAAAAAAAAAAAAAA
A	dW5pdC1vcmMtc2hpcHlhcmQ	AAAAAAAAAAAAAAAA
A	dW5pdC1vcmMtc3RhcnQtbG9jYXRpb24	FFFFFFFFFFFFFFFF
A	dW5pdC1vcmMtc3VibWFyaW5l	FFFFFFFFFFFFFFFF
A	dW5pdC1vcmMtdHJhbnNwb3J0	AAAAAAAAAAAAAAAA
A	dW5pdC1vcmMtd2FsbA	AAAAAAAAAAAAAAAA
A	dW5pdC1vcmMtd2F0Y2gtdG93ZXI	AAAAAAAAAAAAAAAA
A	dW5pdC1wYWxhZGlu	AAAAAAAAAAAAAAAA
A	dW5pdC1wZWFzYW50	AAAAAAAAAAAAAAAA
A	dW5pdC1wZW9u	AAAAAAAAAAAAAAAA
A	dW5pdC1waWctZmFybQ	AAAAAAAAAAAAAAAA
A	dW5pdC1xdWljay1ibGFkZQ	FFFFFFFFFFFFFFFF
A	dW5pdC1yYW5nZXI	AAAAAAAAAAAAAAAA
A	dW5pdC1ydW5lc3RvbmU	FFFFFFFFFFFFFFFF
A	dW5pdC1zaGFycC1heGU	FFFFFFFFFFFFFFFF
A	dW5pdC1za2VsZXRvbg	FFFFFFFFFFFFFFFF
A	dW5pdC1zdGFibGVz	AAAAAAAAAAAAAAAA
A	dW5pdC1zdHJvbmdob2xk	AAAAAAAAAAAAAAAA
A	dW5pdC10ZW1wbGUtb2YtdGhlLWRhbW5lZA	FFFFFFFFFFFFFFFF
A	dW5pdC10b3duLWhhbGw	AAAAAAAAAAAAAAAA
A	dW5pdC10cm9sbC1sdW1iZXItbWlsbA	AAAAAAAAAAAAAAAA
A	dW5pdC13aGl0ZS1tYWdl	FFFFFFFFFFFFFFFF
A	dW5pdC13aXNlLW1hbg	FFFFFFFFFFFFFFFF
A	dW5pdC16ZXBwZWxpbg	AAAAAAAAAAAAAAAA
A	dXBncmFkZS1hcnJvdzE	AAAAAAAAAAAAAAAA
A	dXBncmFkZS1hcnJvdzI	AAAAAAAAAAAAAAAA
A	dXBncmFkZS1iYWxsaXN0YTE	AAAAAAAAAAAAAAAA
A	dXBncmFkZS1iYWxsaXN0YTI	AAAAAAAAAAAAAAAA
A	dXBncmFkZS1iYXR0bGUtYXhlMQ	AAAAAAAAAAAAAAAA
A	dXBncmFkZS1iYXR0bGUtYXhlMg	AAAAAAAAAAAAAAAA
A	dXBncmFkZS1iZXJzZXJrZXI	AAAAAAAAAAAAAAAA
A	dXBncmFkZS1iZXJzZXJrZXItcmVnZW5lcmF0aW9u	AAAAAAAAAAAAAAAA
A	dXBncmFkZS1iZXJzZXJrZXItc2NvdXRpbmc	AAAAAAAAAAAAAAAA
A	dXBncmFkZS1ibGl6emFyZA	FFFFFFFFFFFFFFFF
A	dXBncmFkZS1ibG9vZGx1c3Q	FFFFFFFFFFFFFFFF
A	dXBncmFkZS1ibG9vZGx1c3QtZG91YmxlLWhlYWQ	RRRRRRRRRRRRRRRR
A	dXBncmFkZS1jYXRhcHVsdDE	AAAAAAAAAAAAAAAA
A	dXBncmFkZS1jYXRhcHVsdDI	AAAAAAAAAAAAAAAA
A	dXBncmFkZS1kZWF0aC1hbmQtZGVjYXk	FFFFFFFFFFFFFFFF
A	dXBncmFkZS1kZWF0aC1jb2ls	RRRRRRRRRRRRRRRR
A	dXBncmFkZS1leG9yY2lzbQ	FFFFFFFFFFFFFFFF
A	dXBncmFkZS1leWUtb2Yta2lscm9nZw	RRRRRRRRRRRRRRRR
A	dXBncmFkZS1leWUtb2Yta2lscm9nZy1kb3VibGUtaGVhZA	RRRRRRRRRRRRRRRR
A	dXBncmFkZS1maXJlYmFsbA	RRRRRRRRRRRRRRRR
A	dXBncmFkZS1mbGFtZS1zaGllbGQ	FFFFFFFFFFFFFFFF
A	dXBncmFkZS1oYXN0ZQ	FFFFFFFFFFFFFFFF
A	dXBncmFkZS1oZWFsaW5n	AAAAAAAAAAAAAAAA
A	dXBncmFkZS1ob2x5LXZpc2lvbg	AAAAAAAAAAAAAAAA
A	dXBncmFkZS1odW1hbi1zaGllbGQx	AAAAAAAAAAAAAAAA
A	dXBncmFkZS1odW1hbi1zaGllbGQy	AAAAAAAAAAAAAAAA
A	dXBncmFkZS1odW1hbi1zaGlwLWFybW9yMQ	AAAAAAAAAAAAAAAA
A	dXBncmFkZS1odW1hbi1zaGlwLWFybW9yMg	AAAAAAAAAAAAAAAA
A	dXBncmFkZS1odW1hbi1zaGlwLWNhbm5vbjE	AAAAAAAAAAAAAAAA
A	dXBncmFkZS1odW1hbi1zaGlwLWNhbm5vbjI	AAAAAAAAAAAAAAAA
A	dXBncmFkZS1pbnZpc2liaWxpdHk	FFFFFFFFFFFFFFFF
A	dXBncmFkZS1saWdodC1heGVz	AAAAAAAAAAAAAAAA
A	dXBncmFkZS1sb25nYm93	AAAAAAAAAAAAAAAA
A	dXBncmFkZS1vZ3JlLW1hZ2U	FFFFFFFFFFFFFFFF
A	dXBncmFkZS1vcmMtc2hpZWxkMQ	AAAAAAAAAAAAAAAA
A	dXBncmFkZS1vcmMtc2hpZWxkMg	AAAAAAAAAAAAAAAA
A	dXBncmFkZS1vcmMtc2hpcC1hcm1vcjE	AAAAAAAAAAAAAAAA
A	dXBncmFkZS1vcmMtc2hpcC1hcm1vcjI	AAAAAAAAAAAAAAAA
A	dXBncmFkZS1vcmMtc2hpcC1jYW5ub24x	AAAAAAAAAAAAAAAA
A	dXBncmFkZS1vcmMtc2hpcC1jYW5ub24y	AAAAAAAAAAAAAAAA
A	dXBncmFkZS1wYWxhZGlu	AAAAAAAAAAAAAAAA
A	dXBncmFkZS1wb2x5bW9ycGg	FFFFFFFFFFFFFFFF
A	dXBncmFkZS1yYWlzZS1kZWFk	FFFFFFFFFFFFFFFF
A	dXBncmFkZS1yYW5nZXI	AAAAAAAAAAAAAAAA
A	dXBncmFkZS1yYW5nZXItbWFya3NtYW5zaGlw	AAAAAAAAAAAAAAAA
A	dXBncmFkZS1yYW5nZXItc2NvdXRpbmc	AAAAAAAAAAAAAAAA
A	dXBncmFkZS1ydW5lcw	FFFFFFFFFFFFFFFF
A	dXBncmFkZS1ydW5lcy1kb3VibGUtaGVhZA	RRRRRRRRRRRRRRRR
A	dXBncmFkZS1zbG93	FFFFFFFFFFFFFFFF
A	dXBncmFkZS1zd29yZDE	AAAAAAAAAAAAAAAA
A	dXBncmFkZS1zd29yZDI	AAAAAAAAAAAAAAAA
A	dXBncmFkZS10aHJvd2luZy1heGUx	AAAAAAAAAAAAAAAA
A	dXBncmFkZS10aHJvd2luZy1heGUy	AAAAAAAAAAAAAAAA
A	dXBncmFkZS11bmhvbHktYXJtb3I	FFFFFFFFFFFFFFFF
A	dXBncmFkZS13aGlybHdpbmQ	FFFFFFFFFFFFFFFF
I	1	b3JjLTA4	MAP
T	TjcgUWRXNXBkQzF5ZFc1bGMzUnZibVUgVU5JVF9DT1VOVCBOMCBFUSBOMSBRZFc1cGRDMWpZWE4wYkdVIFVOSVRfQ09VTlQgTjAgRVEgQU5E	VklDVE9SWQ
T	VEhJUyBUT1RBTCBOMCBFUQ	REVGRUFU
E
M	Y2FtcGFpZ25zL29yYy9sZXZlbDA5bw	Li4vY2FtcGFpZ25zL29yYy9pbnRlcmZhY2UvaW50cm9zY3JlZW4zLnBuZw	1	Y2FtcGFpZ25zL29yYy9sZXZlbDA5by1pbnRybzEud2F2
A	dW5pdC1hbGNoZW1pc3Q	AAAAAAAAAAAAAAAA
A	dW5pdC1hbHRhci1vZi1zdG9ybXM	AAAAAAAAAAAAAAAA
A	dW5pdC1hcmNoZXI	AAAAAAAAAAAAAAAA
A	dW5pdC1hcnRob3ItbGl0ZXJpb3M	FFFFFFFFFFFFFFFF
A	dW5pdC1heGV0aHJvd2Vy	AAAAAAAAAAAAAAAA
A	dW5pdC1iYWxsaXN0YQ	AAAAAAAAAAAAAAAA
A	dW5pdC1iYWxsb29u	AAAAAAAAAAAAAAAA
A	dW5pdC1iYXR0bGVzaGlw	AAAAAAAAAAAAAAAA
A	dW5pdC1iZWFzdC1jcnk	FFFFFFFFFFFFFFFF
A	dW5pdC1iZXJzZXJrZXI	AAAAAAAAAAAAAAAA
A	dW5pdC1jYXN0bGU	AAAAAAAAAAAAAAAA
A	dW5pdC1jYXRhcHVsdA	AAAAAAAAAAAAAAAA
A	dW5pdC1jaHVyY2g	AAAAAAAAAAAAAAAA
A	dW5pdC1jaXJjbGUtb2YtcG93ZXI	FFFFFFFFFFFFFFFF
A	dW5pdC1jcml0dGVy	FFFFFFFFFFFFFFFF
A	dW5pdC1kYWVtb24	FFFFFFFFFFFFFFFF
A	dW5pdC1kYXJrLXBvcnRhbA	FFFFFFFFFFFFFFFF
A	dW5pdC1kZWFkLXNlYS1ib2R5	FFFFFFFFFFFFFFFF
A	dW5pdC1kZWF0aC1rbmlnaHQ	FFFFFFFFFFFFFFFF
A	dW5pdC1kZXN0cm95ZWQtMXgxLXBsYWNl	FFFFFFFFFFFFFFFF
A	dW5pdC1kZXN0cm95ZWQtMngyLXBsYWNl	FFFFFFFFFFFFFFFF
A	dW5pdC1kZXN0cm95ZWQtM3gzLXBsYWNl	FFFFFFFFFFFFFFFF
A	dW5pdC1kZXN0cm95ZWQtM3gzLXBsYWNlLXdhdGVy	FFFFFFFFFFFFFFFF
A	dW5pdC1kZXN0cm95ZWQtNHg0LXBsYWNl	FFFFFFFFFFFFFFFF
A	dW5pdC1kb3VibGUtaGVhZA	FFFFFFFFFFFFFFFF
A	dW5pdC1kcmFnb24	FFFFFFFFFFFFFFFF
A	dW5pdC1kcmFnb24tcm9vc3Q	FFFFFFFFFFFFFFFF
A	dW5pdC1kd2FydmVz	FFFFFFFFFFFFFFFF
A	dW5pdC1lbHZlbi1sdW1iZXItbWlsbA	AAAAAAAAAAAAAAAA
A	dW5pdC1ldmlsLWtuaWdodA	FFFFFFFFFFFFFFFF
A	dW5pdC1leWUtb2YtdmlzaW9u	FFFFFFFFFFFFFFFF
A	dW5pdC1mYWQtbWFu	FFFFFFFFFFFFFFFF
A	dW5pdC1mYXJt	AAAAAAAAAAAAAAAA
A	dW5pdC1mZW1hbGUtaGVybw	FFFFFFFFFFFFFFFF
A	dW5pdC1maXJlLWJyZWV6ZQ	FFFFFFFFFFFFFFFF
A	dW5pdC1mbHlpbmctYW5nZWw	FFFFFFFFFFFFFFFF
A	dW5pdC1mb290bWFu	AAAAAAAAAAAAAAAA
A	dW5pdC1mb3J0cmVzcw	AAAAAAAAAAAAAAAA
A	dW5pdC1nb2JsaW4tc2FwcGVycw	FFFFFFFFFFFFFFFF
A	dW5pdC1nb2xkLW1pbmU	FFFFFFFFFFFFFFFF
A	dW5pdC1ncmVhdC1oYWxs	AAAAAAAAAAAAAAAA
A	dW5pdC1ncnVudA	AAAAAAAAAAAAAAAA
A	dW5pdC1ncnlwaG9uLWF2aWFyeQ	FFFFFFFFFFFFFFFF
A	dW5pdC1ncnlwaG9uLXJpZGVy	FFFFFFFFFFFFFFFF
A	dW5pdC1odW1hbi1iYXJyYWNrcw	AAAAAAAAAAAAAAAA
A	dW5pdC1odW1hbi1ibGFja3NtaXRo	AAAAAAAAAAAAAAAA
A	dW5pdC1odW1hbi1jYW5ub24tdG93ZXI	AAAAAAAAAAAAAAAA
A	dW5pdC1odW1hbi1kZWFkLWJvZHk	FFFFFFFFFFFFFFFF
A	dW5pdC1odW1hbi1kZXN0cm95ZXI	AAAAAAAAAAAAAAAA
A	dW5pdC1odW1hbi1mb3VuZHJ5	AAAAAAAAAAAAAAAA
A	dW5pdC1odW1hbi1ndWFyZC10b3dlcg	AAAAAAAAAAAAAAAA
A	dW5pdC1odW1hbi1vaWwtcGxhdGZvcm0	AAAAAAAAAAAAAAAA
A	dW5pdC1odW1hbi1vaWwtdGFua2Vy	AAAAAAAAAAAAAAAA
A	dW5pdC1odW1hbi1yZWZpbmVyeQ	AAAAAAAAAAAAAAAA
A	dW5pdC1odW1hbi1zaGlweWFyZA	AAAAAAAAAAAAAAAA
A	dW5pdC1odW1hbi1zdGFydC1sb2NhdGlvbg	FFFFFFFFFFFFFFFF
A	dW5pdC1odW1hbi1zdWJtYXJpbmU	FFFFFFFFFFFFFFFF
A	dW5pdC1odW1hbi10cmFuc3BvcnQ	AAAAAAAAAAAAAAAA
A	dW5pdC1odW1hbi13YWxs	AAAAAAAAAAAAAAAA
A	dW5pdC1odW1hbi13YXRjaC10b3dlcg	AAAAAAAAAAAAAAAA
A	dW5pdC1pY2UtYnJpbmdlcg	FFFFFFFFFFFFFFFF
A	dW5pdC1pbnZlbnRvcg	AAAAAAAAAAAAAAAA
A	dW5pdC1rZWVw	AAAAAAAAAAAAAAAA
A	dW5pdC1rbmlnaHQ	AAAAAAAAAAAAAAAA
A	dW5pdC1rbmlnaHQtcmlkZXI	FFFFFFFFFFFFFFFF
A	dW5pdC1tYWdl	FFFFFFFFFFFFFFFF
A	dW5pdC1tYWdlLXRvd2Vy	FFFFFFFFFFFFFFFF
A	dW5pdC1tYW4tb2YtbGlnaHQ	FFFFFFFFFFFFFFFF
A	dW5pdC1vZ3Jl	AAAAAAAAAAAAAAAA
A	dW5pdC1vZ3JlLWp1Z2dlcm5hdWdodA	AAAAAAAAAAAAAAAA
A	dW5pdC1vZ3JlLW1hZ2U	AAAAAAAAAAAAAAAA
A	dW5pdC1vZ3JlLW1vdW5k	AAAAAAAAAAAAAAAA
A	dW5pdC1vaWwtcGF0Y2g	FFFFFFFFFFFFFFFF
A	dW5pdC1vcmMtYmFycmFja3M	AAAAAAAAAAAAAAAA
A	dW5pdC1vcmMtYmxhY2tzbWl0aA	AAAAAAAAAAAAAAAA
A	dW5pdC1vcmMtY2Fubm9uLXRvd2Vy	AAAAAAAAAAAAAAAA
A	dW5pdC1vcmMtZGVhZC1ib2R5	FFFFFFFFFFFFFFFF
A	dW5pdC1vcmMtZGVzdHJveWVy	AAAAAAAAAAAAAAAA
A	dW5pdC1vcmMtZm91bmRyeQ	AAAAAAAAAAAAAAAA
A	dW5pdC1vcmMtZ3VhcmQtdG93ZXI	AAAAAAAAAAAAAAAA
A	dW5pdC1vcmMtb2lsLXBsYXRmb3Jt	AAAAAAAAAAAAAAAA
A	dW5pdC1vcmMtb2lsLXRhbmtlcg	AAAAAAAAAAAAAAAA
A	dW5pdC1vcmMtcmVmaW5lcnk	AAAAAAAAAAAAAAAA
A	dW5pdC1vcmMtc2hpcHlhcmQ	AAAAAAAAAAAAAAAA
A	dW5pdC1vcmMtc3RhcnQtbG9jYXRpb24	FFFFFFFFFFFFFFFF
A	dW5pdC1vcmMtc3VibWFyaW5l	FFFFFFFFFFFFFFFF
A	dW5pdC1vcmMtdHJhbnNwb3J0	AAAAAAAAAAAAAAAA
A	dW5pdC1vcmMtd2FsbA	AAAAAAAAAAAAAAAA
A	dW5pdC1vcmMtd2F0Y2gtdG93ZXI	AAAAAAAAAAAAAAAA
A	dW5pdC1wYWxhZGlu	AAAAAAAAAAAAAAAA
A	dW5pdC1wZWFzYW50	AAAAAAAAAAAAAAAA
A	dW5pdC1wZW9u	AAAAAAAAAAAAAAAA
A	dW5pdC1waWctZmFybQ	AAAAAAAAAAAAAAAA
A	dW5pdC1xdWljay1ibGFkZQ	FFFFFFFFFFFFFFFF
A	dW5pdC1yYW5nZXI	AAAAAAAAAAAAAAAA
A	dW5pdC1ydW5lc3RvbmU	FFFFFFFFFFFFFFFF
A	dW5pdC1zaGFycC1heGU	FFFFFFFFFFFFFFFF
A	dW5pdC1za2VsZXRvbg	FFFFFFFFFFFFFFFF
A	dW5pdC1zdGFibGVz	AAAAAAAAAAAAAAAA
A	dW5pdC1zdHJvbmdob2xk	AAAAAAAAAAAAAAAA
A	dW5pdC10ZW1wbGUtb2YtdGhlLWRhbW5lZA	FFFFFFFFFFFFFFFF
A	dW5pdC10b3duLWhhbGw	AAAAAAAAAAAAAAAA
A	dW5pdC10cm9sbC1sdW1iZXItbWlsbA	AAAAAAAAAAAAAAAA
A	dW5pdC13aGl0ZS1tYWdl	FFFFFFFFFFFFFFFF
A	dW5pdC13aXNlLW1hbg	FFFFFFFFFFFFFFFF
A	dW5pdC16ZXBwZWxpbg	AAAAAAAAAAAAAAAA
A	dXBncmFkZS1hcnJvdzE	AAAAAAAAAAAAAAAA
A	dXBncmFkZS1hcnJvdzI	AAAAAAAAAAAAAAAA
A	dXBncmFkZS1iYWxsaXN0YTE	AAAAAAAAAAAAAAAA
A	dXBncmFkZS1iYWxsaXN0YTI	AAAAAAAAAAAAAAAA
A	dXBncmFkZS1iYXR0bGUtYXhlMQ	AAAAAAAAAAAAAAAA
A	dXBncmFkZS1iYXR0bGUtYXhlMg	AAAAAAAAAAAAAAAA
A	dXBncmFkZS1iZXJzZXJrZXI	AAAAAAAAAAAAAAAA
A	dXBncmFkZS1iZXJzZXJrZXItcmVnZW5lcmF0aW9u	AAAAAAAAAAAAAAAA
A	dXBncmFkZS1iZXJzZXJrZXItc2NvdXRpbmc	AAAAAAAAAAAAAAAA
A	dXBncmFkZS1ibGl6emFyZA	FFFFFFFFFFFFFFFF
A	dXBncmFkZS1ibG9vZGx1c3Q	AAAAAAAAAAAAAAAA
A	dXBncmFkZS1ibG9vZGx1c3QtZG91YmxlLWhlYWQ	RRRRRRRRRRRRRRRR
A	dXBncmFkZS1jYXRhcHVsdDE	AAAAAAAAAAAAAAAA
A	dXBncmFkZS1jYXRhcHVsdDI	AAAAAAAAAAAAAAAA
A	dXBncmFkZS1kZWF0aC1hbmQtZGVjYXk	FFFFFFFFFFFFFFFF
A	dXBncmFkZS1kZWF0aC1jb2ls	RRRRRRRRRRRRRRRR
A	dXBncmFkZS1leG9yY2lzbQ	AAAAAAAAAAAAAAAA
A	dXBncmFkZS1leWUtb2Yta2lscm9nZw	RRRRRRRRRRRRRRRR
A	dXBncmFkZS1leWUtb2Yta2lscm9nZy1kb3VibGUtaGVhZA	RRRRRRRRRRRRRRRR
A	dXBncmFkZS1maXJlYmFsbA	RRRRRRRRRRRRRRRR
A	dXBncmFkZS1mbGFtZS1zaGllbGQ	FFFFFFFFFFFFFFFF
A	dXBncmFkZS1oYXN0ZQ	FFFFFFFFFFFFFFFF
A	dXBncmFkZS1oZWFsaW5n	AAAAAAAAAAAAAAAA
A	dXBncmFkZS1ob2x5LXZpc2lvbg	RRRRRRRRRRRRRRRR
A	dXBncmFkZS1odW1hbi1zaGllbGQx	AAAAAAAAAAAAAAAA
A	dXBncmFkZS1odW1hbi1zaGllbGQy	AAAAAAAAAAAAAAAA
A	dXBncmFkZS1odW1hbi1zaGlwLWFybW9yMQ	AAAAAAAAAAAAAAAA
A	dXBncmFkZS1odW1hbi1zaGlwLWFybW9yMg	AAAAAAAAAAAAAAAA
A	dXBncmFkZS1odW1hbi1zaGlwLWNhbm5vbjE	AAAAAAAAAAAAAAAA
A	dXBncmFkZS1odW1hbi1zaGlwLWNhbm5vbjI	AAAAAAAAAAAAAAAA
A	dXBncmFkZS1pbnZpc2liaWxpdHk	FFFFFFFFFFFFFFFF
A	dXBncmFkZS1saWdodC1heGVz	AAAAAAAAAAAAAAAA
A	dXBncmFkZS1sb25nYm93	AAAAAAAAAAAAAAAA
A	dXBncmFkZS1vZ3JlLW1hZ2U	AAAAAAAAAAAAAAAA
A	dXBncmFkZS1vcmMtc2hpZWxkMQ	AAAAAAAAAAAAAAAA
A	dXBncmFkZS1vcmMtc2hpZWxkMg	AAAAAAAAAAAAAAAA
A	dXBncmFkZS1vcmMtc2hpcC1hcm1vcjE	AAAAAAAAAAAAAAAA
A	dXBncmFkZS1vcmMtc2hpcC1hcm1vcjI	AAAAAAAAAAAAAAAA
A	dXBncmFkZS1vcmMtc2hpcC1jYW5ub24x	AAAAAAAAAAAAAAAA
A	dXBncmFkZS1vcmMtc2hpcC1jYW5ub24y	AAAAAAAAAAAAAAAA
A	dXBncmFkZS1wYWxhZGlu	AAAAAAAAAAAAAAAA
A	dXBncmFkZS1wb2x5bW9ycGg	FFFFFFFFFFFFFFFF
A	dXBncmFkZS1yYWlzZS1kZWFk	FFFFFFFFFFFFFFFF
A	dXBncmFkZS1yYW5nZXI	AAAAAAAAAAAAAAAA
A	dXBncmFkZS1yYW5nZXItbWFya3NtYW5zaGlw	AAAAAAAAAAAAAAAA
A	dXBncmFkZS1yYW5nZXItc2NvdXRpbmc	AAAAAAAAAAAAAAAA
A	dXBncmFkZS1ydW5lcw	FFFFFFFFFFFFFFFF
A	dXBncmFkZS1ydW5lcy1kb3VibGUtaGVhZA	RRRRRRRRRRRRRRRR
A	dXBncmFkZS1zbG93	FFFFFFFFFFFFFFFF
A	dXBncmFkZS1zd29yZDE	AAAAAAAAAAAAAAAA
A	dXBncmFkZS1zd29yZDI	AAAAAAAAAAAAAAAA
A	dXBncmFkZS10aHJvd2luZy1heGUx	AAAAAAAAAAAAAAAA
A	dXBncmFkZS10aHJvd2luZy1heGUy	AAAAAAAAAAAAAAAA
A	dXBncmFkZS11bmhvbHktYXJtb3I	FFFFFFFFFFFFFFFF
A	dXBncmFkZS13aGlybHdpbmQ	FFFFFFFFFFFFFFFF
I	0	b3JjLTA5	MAP
T	VEhJUyBRZFc1cGRDMW1iM0owY21WemN3IE41MiBOMTUgTjcyIE40MCBVTklUU19BVCBOMCBHVCBUSElTIFFkVzVwZEMxdmNtTXRjMmhwY0hsaGNtUSBONDggTjIwIE42OSBONDIgVU5JVFNfQVQgTjAgR1QgQU5E	VklDVE9SWQ
T	VEhJUyBRZFc1cGRDMW1iM0owY21WemN3IE41MiBOMTUgTjcyIE40MCBVTklUU19BVCBOMCBHVCBUSElTIFFkVzVwZEMxdmNtTXRjMmhwY0hsaGNtUSBONjkgTjMxIE43NCBOMzkgVU5JVFNfQVQgTjAgR1QgQU5E	VklDVE9SWQ
T	VEhJUyBRZFc1cGRDMW1iM0owY21WemN3IE41MiBOMTUgTjcyIE40MCBVTklUU19BVCBOMCBHVCBUSElTIFFkVzVwZEMxdmNtTXRjMmhwY0hsaGNtUSBONzMgTjEzIE43NiBOMzQgVU5JVFNfQVQgTjAgR1QgQU5E	VklDVE9SWQ
T	VEhJUyBRZFc1cGRDMW1iM0owY21WemN3IE41MiBOMTUgTjcyIE40MCBVTklUU19BVCBOMCBHVCBUSElTIFFkVzVwZEMxdmNtTXRjMmhwY0hsaGNtUSBONTEgTjE2IE41OCBOMjAgVU5JVFNfQVQgTjAgR1QgQU5E	VklDVE9SWQ
T	VEhJUyBRZFc1cGRDMW1iM0owY21WemN3IE41MiBOMTUgTjcyIE40MCBVTklUU19BVCBOMCBHVCBUSElTIFFkVzVwZEMxdmNtTXRjMmhwY0hsaGNtUSBONTUgTjEyIE43NSBOMTYgVU5JVFNfQVQgTjAgR1QgQU5E	VklDVE9SWQ
T	VEhJUyBUT1RBTCBOMCBFUQ	REVGRUFU
E
M	Y2FtcGFpZ25zL29yYy9sZXZlbDEwbw	Li4vY2FtcGFpZ25zL29yYy9pbnRlcmZhY2UvaW50cm9zY3JlZW4zLnBuZw	1	Y2FtcGFpZ25zL29yYy9sZXZlbDEwby1pbnRybzEud2F2
A	dW5pdC1hbGNoZW1pc3Q	AAAAAAAAAAAAAAAA
A	dW5pdC1hbHRhci1vZi1zdG9ybXM	AAAAAAAAAAAAAAAA
A	dW5pdC1hcmNoZXI	AAAAAAAAAAAAAAAA
A	dW5pdC1hcnRob3ItbGl0ZXJpb3M	FFFFFFFFFFFFFFFF
A	dW5pdC1heGV0aHJvd2Vy	AAAAAAAAAAAAAAAA
A	dW5pdC1iYWxsaXN0YQ	AAAAAAAAAAAAAAAA
A	dW5pdC1iYWxsb29u	AAAAAAAAAAAAAAAA
A	dW5pdC1iYXR0bGVzaGlw	AAAAAAAAAAAAAAAA
A	dW5pdC1iZWFzdC1jcnk	FFFFFFFFFFFFFFFF
A	dW5pdC1iZXJzZXJrZXI	AAAAAAAAAAAAAAAA
A	dW5pdC1jYXN0bGU	AAAAAAAAAAAAAAAA
A	dW5pdC1jYXRhcHVsdA	AAAAAAAAAAAAAAAA
A	dW5pdC1jaHVyY2g	AAAAAAAAAAAAAAAA
A	dW5pdC1jaXJjbGUtb2YtcG93ZXI	FFFFFFFFFFFFFFFF
A	dW5pdC1jcml0dGVy	FFFFFFFFFFFFFFFF
A	dW5pdC1kYWVtb24	FFFFFFFFFFFFFFFF
A	dW5pdC1kYXJrLXBvcnRhbA	FFFFFFFFFFFFFFFF
A	dW5pdC1kZWFkLXNlYS1ib2R5	FFFFFFFFFFFFFFFF
A	dW5pdC1kZWF0aC1rbmlnaHQ	FFFFFFFFFFFFFFFF
A	dW5pdC1kZXN0cm95ZWQtMXgxLXBsYWNl	FFFFFFFFFFFFFFFF
A	dW5pdC1kZXN0cm95ZWQtMngyLXBsYWNl	FFFFFFFFFFFFFFFF
A	dW5pdC1kZXN0cm95ZWQtM3gzLXBsYWNl	FFFFFFFFFFFFFFFF
A	dW5pdC1kZXN0cm95ZWQtM3gzLXBsYWNlLXdhdGVy	FFFFFFFFFFFFFFFF
A	dW5pdC1kZXN0cm95ZWQtNHg0LXBsYWNl	FFFFFFFFFFFFFFFF
A	dW5pdC1kb3VibGUtaGVhZA	FFFFFFFFFFFFFFFF
A	dW5pdC1kcmFnb24	FFFFFFFFFFFFFFFF
A	dW5pdC1kcmFnb24tcm9vc3Q	FFFFFFFFFFFFFFFF
A	dW5pdC1kd2FydmVz	FFFFFFFFFFFFFFFF
A	dW5pdC1lbHZlbi1sdW1iZXItbWlsbA	AAAAAAAAAAAAAAAA
A	dW5pdC1ldmlsLWtuaWdodA	FFFFFFFFFFFFFFFF
A	dW5pdC1leWUtb2YtdmlzaW9u	FFFFFFFFFFFFFFFF
A	dW5pdC1mYWQtbWFu	FFFFFFFFFFFFFFFF
A	dW5pdC1mYXJt	AAAAAAAAAAAAAAAA
A	dW5pdC1mZW1hbGUtaGVybw	FFFFFFFFFFFFFFFF
A	dW5pdC1maXJlLWJyZWV6ZQ	FFFFFFFFFFFFFFFF
A	dW5pdC1mbHlpbmctYW5nZWw	FFFFFFFFFFFFFFFF
A	dW5pdC1mb290bWFu	AAAAAAAAAAAAAAAA
A	dW5pdC1mb3J0cmVzcw	AAAAAAAAAAAAAAAA
A	dW5pdC1nb2JsaW4tc2FwcGVycw	AAAAAAAAAAAAAAAA
A	dW5pdC1nb2xkLW1pbmU	FFFFFFFFFFFFFFFF
A	dW5pdC1ncmVhdC1oYWxs	AAAAAAAAAAAAAAAA
A	dW5pdC1ncnVudA	AAAAAAAAAAAAAAAA
A	dW5pdC1ncnlwaG9uLWF2aWFyeQ	FFFFFFFFFFFFFFFF
A	dW5pdC1ncnlwaG9uLXJpZGVy	FFFFFFFFFFFFFFFF
A	dW5pdC1odW1hbi1iYXJyYWNrcw	AAAAAAAAAAAAAAAA
A	dW5pdC1odW1hbi1ibGFja3NtaXRo	AAAAAAAAAAAAAAAA
A	dW5pdC1odW1hbi1jYW5ub24tdG93ZXI	AAAAAAAAAAAAAAAA
A	dW5pdC1odW1hbi1kZWFkLWJvZHk	FFFFFFFFFFFFFFFF
A	dW5pdC1odW1hbi1kZXN0cm95ZXI	AAAAAAAAAAAAAAAA
A	dW5pdC1odW1hbi1mb3VuZHJ5	AAAAAAAAAAAAAAAA
A	dW5pdC1odW1hbi1ndWFyZC10b3dlcg	AAAAAAAAAAAAAAAA
A	dW5pdC1odW1hbi1vaWwtcGxhdGZvcm0	AAAAAAAAAAAAAAAA
A	dW5pdC1odW1hbi1vaWwtdGFua2Vy	AAAAAAAAAAAAAAAA
A	dW5pdC1odW1hbi1yZWZpbmVyeQ	AAAAAAAAAAAAAAAA
A	dW5pdC1odW1hbi1zaGlweWFyZA	AAAAAAAAAAAAAAAA
A	dW5pdC1odW1hbi1zdGFydC1sb2NhdGlvbg	FFFFFFFFFFFFFFFF
A	dW5pdC1odW1hbi1zdWJtYXJpbmU	FFFFFFFFFFFFFFFF
A	dW5pdC1odW1hbi10cmFuc3BvcnQ	AAAAAAAAAAAAAAAA
A	dW5pdC1odW1hbi13YWxs	AAAAAAAAAAAAAAAA
A	dW5pdC1odW1hbi13YXRjaC10b3dlcg	AAAAAAAAAAAAAAAA
A	dW5pdC1pY2UtYnJpbmdlcg	FFFFFFFFFFFFFFFF
A	dW5pdC1pbnZlbnRvcg	AAAAAAAAAAAAAAAA
A	dW5pdC1rZWVw	AAAAAAAAAAAAAAAA
A	dW5pdC1rbmlnaHQ	AAAAAAAAAAAAAAAA
A	dW5pdC1rbmlnaHQtcmlkZXI	FFFFFFFFFFFFFFFF
A	dW5pdC1tYWdl	FFFFFFFFFFFFFFFF
A	dW5pdC1tYWdlLXRvd2Vy	FFFFFFFFFFFFFFFF
A	dW5pdC1tYW4tb2YtbGlnaHQ	FFFFFFFFFFFFFFFF
A	dW5pdC1vZ3Jl	AAAAAAAAAAAAAAAA
A	dW5pdC1vZ3JlLWp1Z2dlcm5hdWdodA	AAAAAAAAAAAAAAAA
A	dW5pdC1vZ3JlLW1hZ2U	AAAAAAAAAAAAAAAA
A	dW5pdC1vZ3JlLW1vdW5k	AAAAAAAAAAAAAAAA
A	dW5pdC1vaWwtcGF0Y2g	FFFFFFFFFFFFFFFF
A	dW5pdC1vcmMtYmFycmFja3M	AAAAAAAAAAAAAAAA
A	dW5pdC1vcmMtYmxhY2tzbWl0aA	AAAAAAAAAAAAAAAA
A	dW5pdC1vcmMtY2Fubm9uLXRvd2Vy	AAAAAAAAAAAAAAAA
A	dW5pdC1vcmMtZGVhZC1ib2R5	FFFFFFFFFFFFFFFF
A	dW5pdC1vcmMtZGVzdHJveWVy	AAAAAAAAAAAAAAAA
A	dW5pdC1vcmMtZm91bmRyeQ	AAAAAAAAAAAAAAAA
A	dW5pdC1vcmMtZ3VhcmQtdG93ZXI	AAAAAAAAAAAAAAAA
A	dW5pdC1vcmMtb2lsLXBsYXRmb3Jt	AAAAAAAAAAAAAAAA
A	dW5pdC1vcmMtb2lsLXRhbmtlcg	AAAAAAAAAAAAAAAA
A	dW5pdC1vcmMtcmVmaW5lcnk	AAAAAAAAAAAAAAAA
A	dW5pdC1vcmMtc2hpcHlhcmQ	AAAAAAAAAAAAAAAA
A	dW5pdC1vcmMtc3RhcnQtbG9jYXRpb24	FFFFFFFFFFFFFFFF
A	dW5pdC1vcmMtc3VibWFyaW5l	FFFFFFFFFFFFFFFF
A	dW5pdC1vcmMtdHJhbnNwb3J0	AAAAAAAAAAAAAAAA
A	dW5pdC1vcmMtd2FsbA	AAAAAAAAAAAAAAAA
A	dW5pdC1vcmMtd2F0Y2gtdG93ZXI	AAAAAAAAAAAAAAAA
A	dW5pdC1wYWxhZGlu	AAAAAAAAAAAAAAAA
A	dW5pdC1wZWFzYW50	AAAAAAAAAAAAAAAA
A	dW5pdC1wZW9u	AAAAAAAAAAAAAAAA
A	dW5pdC1waWctZmFybQ	AAAAAAAAAAAAAAAA
A	dW5pdC1xdWljay1ibGFkZQ	FFFFFFFFFFFFFFFF
A	dW5pdC1yYW5nZXI	AAAAAAAAAAAAAAAA
A	dW5pdC1ydW5lc3RvbmU	FFFFFFFFFFFFFFFF
A	dW5pdC1zaGFycC1heGU	FFFFFFFFFFFFFFFF
A	dW5pdC1za2VsZXRvbg	FFFFFFFFFFFFFFFF
A	dW5pdC1zdGFibGVz	AAAAAAAAAAAAAAAA
A	dW5pdC1zdHJvbmdob2xk	AAAAAAAAAAAAAAAA
A	dW5pdC10ZW1wbGUtb2YtdGhlLWRhbW5lZA	FFFFFFFFFFFFFFFF
A	dW5pdC10b3duLWhhbGw	AAAAAAAAAAAAAAAA
A	dW5pdC10cm9sbC1sdW1iZXItbWlsbA	AAAAAAAAAAAAAAAA
A	dW5pdC13aGl0ZS1tYWdl	FFFFFFFFFFFFFFFF
A	dW5pdC13aXNlLW1hbg	FFFFFFFFFFFFFFFF
A	dW5pdC16ZXBwZWxpbg	AAAAAAAAAAAAAAAA
A	dXBncmFkZS1hcnJvdzE	AAAAAAAAAAAAAAAA
A	dXBncmFkZS1hcnJvdzI	AAAAAAAAAAAAAAAA
A	dXBncmFkZS1iYWxsaXN0YTE	AAAAAAAAAAAAAAAA
A	dXBncmFkZS1iYWxsaXN0YTI	AAAAAAAAAAAAAAAA
A	dXBncmFkZS1iYXR0bGUtYXhlMQ	AAAAAAAAAAAAAAAA
A	dXBncmFkZS1iYXR0bGUtYXhlMg	AAAAAAAAAAAAAAAA
A	dXBncmFkZS1iZXJzZXJrZXI	AAAAAAAAAAAAAAAA
A	dXBncmFkZS1iZXJzZXJrZXItcmVnZW5lcmF0aW9u	AAAAAAAAAAAAAAAA
A	dXBncmFkZS1iZXJzZXJrZXItc2NvdXRpbmc	AAAAAAAAAAAAAAAA
A	dXBncmFkZS1ibGl6emFyZA	FFFFFFFFFFFFFFFF
A	dXBncmFkZS1ibG9vZGx1c3Q	AAAAAAAAAAAAAAAA
A	dXBncmFkZS1ibG9vZGx1c3QtZG91YmxlLWhlYWQ	RRRRRRRRRRRRRRRR
A	dXBncmFkZS1jYXRhcHVsdDE	AAAAAAAAAAAAAAAA
A	dXBncmFkZS1jYXRhcHVsdDI	AAAAAAAAAAAAAAAA
A	dXBncmFkZS1kZWF0aC1hbmQtZGVjYXk	FFFFFFFFFFFFFFFF
A	dXBncmFkZS1kZWF0aC1jb2ls	RRRRRRRRRRRRRRRR
A	dXBncmFkZS1leG9yY2lzbQ	AAAAAAAAAAAAAAAA
A	dXBncmFkZS1leWUtb2Yta2lscm9nZw	RRRRRRRRRRRRRRRR
A	dXBncmFkZS1leWUtb2Yta2lscm9nZy1kb3VibGUtaGVhZA	RRRRRRRRRRRRRRRR
A	dXBncmFkZS1maXJlYmFsbA	RRRRRRRRRRRRRRRR
A	dXBncmFkZS1mbGFtZS1zaGllbGQ	FFFFFFFFFFFFFFFF
A	dXBncmFkZS1oYXN0ZQ	FFFFFFFFFFFFFFFF
A	dXBncmFkZS1oZWFsaW5n	AAAAAAAAAAAAAAAA
A	dXBncmFkZS1ob2x5LXZpc2lvbg	RRRRRRRRRRRRRRRR
A	dXBncmFkZS1odW1hbi1zaGllbGQx	AAAAAAAAAAAAAAAA
A	dXBncmFkZS1odW1hbi1zaGllbGQy	AAAAAAAAAAAAAAAA
A	dXBncmFkZS1odW1hbi1zaGlwLWFybW9yMQ	AAAAAAAAAAAAAAAA
A	dXBncmFkZS1odW1hbi1zaGlwLWFybW9yMg	AAAAAAAAAAAAAAAA
A	dXBncmFkZS1odW1hbi1zaGlwLWNhbm5vbjE	AAAAAAAAAAAAAAAA
A	dXBncmFkZS1odW1hbi1zaGlwLWNhbm5vbjI	AAAAAAAAAAAAAAAA
A	dXBncmFkZS1pbnZpc2liaWxpdHk	FFFFFFFFFFFFFFFF
A	dXBncmFkZS1saWdodC1heGVz	AAAAAAAAAAAAAAAA
A	dXBncmFkZS1sb25nYm93	AAAAAAAAAAAAAAAA
A	dXBncmFkZS1vZ3JlLW1hZ2U	AAAAAAAAAAAAAAAA
A	dXBncmFkZS1vcmMtc2hpZWxkMQ	AAAAAAAAAAAAAAAA
A	dXBncmFkZS1vcmMtc2hpZWxkMg	AAAAAAAAAAAAAAAA
A	dXBncmFkZS1vcmMtc2hpcC1hcm1vcjE	AAAAAAAAAAAAAAAA
A	dXBncmFkZS1vcmMtc2hpcC1hcm1vcjI	AAAAAAAAAAAAAAAA
A	dXBncmFkZS1vcmMtc2hpcC1jYW5ub24x	AAAAAAAAAAAAAAAA
A	dXBncmFkZS1vcmMtc2hpcC1jYW5ub24y	AAAAAAAAAAAAAAAA
A	dXBncmFkZS1wYWxhZGlu	AAAAAAAAAAAAAAAA
A	dXBncmFkZS1wb2x5bW9ycGg	FFFFFFFFFFFFFFFF
A	dXBncmFkZS1yYWlzZS1kZWFk	FFFFFFFFFFFFFFFF
A	dXBncmFkZS1yYW5nZXI	AAAAAAAAAAAAAAAA
A	dXBncmFkZS1yYW5nZXItbWFya3NtYW5zaGlw	AAAAAAAAAAAAAAAA
A	dXBncmFkZS1yYW5nZXItc2NvdXRpbmc	AAAAAAAAAAAAAAAA
A	dXBncmFkZS1ydW5lcw	AAAAAAAAAAAAAAAA
A	dXBncmFkZS1ydW5lcy1kb3VibGUtaGVhZA	RRRRRRRRRRRRRRRR
A	dXBncmFkZS1zbG93	FFFFFFFFFFFFFFFF
A	dXBncmFkZS1zd29yZDE	AAAAAAAAAAAAAAAA
A	dXBncmFkZS1zd29yZDI	AAAAAAAAAAAAAAAA
A	dXBncmFkZS10aHJvd2luZy1heGUx	AAAAAAAAAAAAAAAA
A	dXBncmFkZS10aHJvd2luZy1heGUy	AAAAAAAAAAAAAAAA
A	dXBncmFkZS11bmhvbHktYXJtb3I	FFFFFFFFFFFFFFFF
A	dXBncmFkZS13aGlybHdpbmQ	FFFFFFFFFFFFFFFF
I	1	b3JjLTEw	MAP
T	VEhJUyBPUFBPTkVOVFMgTjAgRVE	VklDVE9SWQ
T	VEhJUyBUT1RBTCBOMCBFUQ	REVGRUFU
E
M	Y2FtcGFpZ25zL29yYy9sZXZlbDExbw	Li4vY2FtcGFpZ25zL29yYy9pbnRlcmZhY2UvaW50cm9zY3JlZW40LnBuZw	2	Y2FtcGFpZ25zL29yYy9sZXZlbDExby1pbnRybzEud2F2	Y2FtcGFpZ25zL29yYy9sZXZlbDExby1pbnRybzIud2F2
A	dW5pdC1hbGNoZW1pc3Q	AAAAAAAAAAAAAAAA
A	dW5pdC1hbHRhci1vZi1zdG9ybXM	AAAAAAAAAAAAAAAA
A	dW5pdC1hcmNoZXI	AAAAAAAAAAAAAAAA
A	dW5pdC1hcnRob3ItbGl0ZXJpb3M	FFFFFFFFFFFFFFFF
A	dW5pdC1heGV0aHJvd2Vy	AAAAAAAAAAAAAAAA
A	dW5pdC1iYWxsaXN0YQ	AAAAAAAAAAAAAAAA
A	dW5pdC1iYWxsb29u	AAAAAAAAAAAAAAAA
A	dW5pdC1iYXR0bGVzaGlw	AAAAAAAAAAAAAAAA
A	dW5pdC1iZWFzdC1jcnk	FFFFFFFFFFFFFFFF
A	dW5pdC1iZXJzZXJrZXI	AAAAAAAAAAAAAAAA
A	dW5pdC1jYXN0bGU	AAAAAAAAAAAAAAAA
A	dW5pdC1jYXRhcHVsdA	AAAAAAAAAAAAAAAA
A	dW5pdC1jaHVyY2g	AAAAAAAAAAAAAAAA
A	dW5pdC1jaXJjbGUtb2YtcG93ZXI	FFFFFFFFFFFFFFFF
A	dW5pdC1jcml0dGVy	FFFFFFFFFFFFFFFF
A	dW5pdC1kYWVtb24	FFFFFFFFFFFFFFFF
A	dW5pdC1kYXJrLXBvcnRhbA	FFFFFFFFFFFFFFFF
A	dW5pdC1kZWFkLXNlYS1ib2R5	FFFFFFFFFFFFFFFF
A	dW5pdC1kZWF0aC1rbmlnaHQ	AAAAAAAAAAAAAAAA
A	dW5pdC1kZXN0cm95ZWQtMXgxLXBsYWNl	FFFFFFFFFFFFFFFF
A	dW5pdC1kZXN0cm95ZWQtMngyLXBsYWNl	FFFFFFFFFFFFFFFF
A	dW5pdC1kZXN0cm95ZWQtM3gzLXBsYWNl	FFFFFFFFFFFFFFFF
A	dW5pdC1kZXN0cm95ZWQtM3gzLXBsYWNlLXdhdGVy	FFFFFFFFFFFFFFFF
A	dW5pdC1kZXN0cm95ZWQtNHg0LXBsYWNl	FFFFFFFFFFFFFFFF
A	dW5pdC1kb3VibGUtaGVhZA	FFFFFFFFFFFFFFFF
A	dW5pdC1kcmFnb24	FFFFFFFFFFFFFFFF
A	dW5pdC1kcmFnb24tcm9vc3Q	FFFFFFFFFFFFFFFF
A	dW5pdC1kd2FydmVz	AAAAAAAAAAAAAAAA
A	dW5pdC1lbHZlbi1sdW1iZXItbWlsbA	AAAAAAAAAAAAAAAA
A	dW5pdC1ldmlsLWtuaWdodA	FFFFFFFFFFFFFFFF
A	dW5pdC1leWUtb2YtdmlzaW9u	FFFFFFFFFFFFFFFF
A	dW5pdC1mYWQtbWFu	FFFFFFFFFFFFFFFF
A	dW5pdC1mYXJt	AAAAAAAAAAAAAAAA
A	dW5pdC1mZW1hbGUtaGVybw	FFFFFFFFFFFFFFFF
A	dW5pdC1maXJlLWJyZWV6ZQ	FFFFFFFFFFFFFFFF
A	dW5pdC1mbHlpbmctYW5nZWw	FFFFFFFFFFFFFFFF
A	dW5pdC1mb290bWFu	AAAAAAAAAAAAAAAA
A	dW5pdC1mb3J0cmVzcw	AAAAAAAAAAAAAAAA
A	dW5pdC1nb2JsaW4tc2FwcGVycw	AAAAAAAAAAAAAAAA
A	dW5pdC1nb2xkLW1pbmU	FFFFFFFFFFFFFFFF
A	dW5pdC1ncmVhdC1oYWxs	AAAAAAAAAAAAAAAA
A	dW5pdC1ncnVudA	AAAAAAAAAAAAAAAA
A	dW5pdC1ncnlwaG9uLWF2aWFyeQ	FFFFFFFFFFFFFFFF
A	dW5pdC1ncnlwaG9uLXJpZGVy	FFFFFFFFFFFFFFFF
A	dW5pdC1odW1hbi1iYXJyYWNrcw	AAAAAAAAAAAAAAAA
A	dW5pdC1odW1hbi1ibGFja3NtaXRo	AAAAAAAAAAAAAAAA
A	dW5pdC1odW1hbi1jYW5ub24tdG93ZXI	AAAAAAAAAAAAAAAA
A	dW5pdC1odW1hbi1kZWFkLWJvZHk	FFFFFFFFFFFFFFFF
A	dW5pdC1odW1hbi1kZXN0cm95ZXI	AAAAAAAAAAAAAAAA
A	dW5pdC1odW1hbi1mb3VuZHJ5	AAAAAAAAAAAAAAAA
A	dW5pdC1odW1hbi1ndWFyZC10b3dlcg	AAAAAAAAAAAAAAAA
A	dW5pdC1odW1hbi1vaWwtcGxhdGZvcm0	AAAAAAAAAAAAAAAA
A	dW5pdC1odW1hbi1vaWwtdGFua2Vy	AAAAAAAAAAAAAAAA
A	dW5pdC1odW1hbi1yZWZpbmVyeQ	AAAAAAAAAAAAAAAA
A	dW5pdC1odW1hbi1zaGlweWFyZA	AAAAAAAAAAAAAAAA
A	dW5pdC1odW1hbi1zdGFydC1sb2NhdGlvbg	FFFFFFFFFFFFFFFF
A	dW5pdC1odW1hbi1zdWJtYXJpbmU	FFFFFFFFFFFFFFFF
A	dW5pdC1odW1hbi10cmFuc3BvcnQ	AAAAAAAAAAAAAAAA
A	dW5pdC1odW1hbi13YWxs	AAAAAAAAAAAAAAAA
A	dW5pdC1odW1hbi13YXRjaC10b3dlcg	AAAAAAAAAAAAAAAA
A	dW5pdC1pY2UtYnJpbmdlcg	FFFFFFFFFFFFFFFF
A	dW5pdC1pbnZlbnRvcg	AAAAAAAAAAAAAAAA
A	dW5pdC1rZWVw	AAAAAAAAAAAAAAAA
A	dW5pdC1rbmlnaHQ	AAAAAAAAAAAAAAAA
A	dW5pdC1rbmlnaHQtcmlkZXI	FFFFFFFFFFFFFFFF
A	dW5pdC1tYWdl	AAAAAAAAAAAAAAAA
A	dW5pdC1tYWdlLXRvd2Vy	AAAAAAAAAAAAAAAA
A	dW5pdC1tYW4tb2YtbGlnaHQ	FFFFFFFFFFFFFFFF
A	dW5pdC1vZ3Jl	AAAAAAAAAAAAAAAA
A	dW5pdC1vZ3JlLWp1Z2dlcm5hdWdodA	AAAAAAAAAAAAAAAA
A	dW5pdC1vZ3JlLW1hZ2U	AAAAAAAAAAAAAAAA
A	dW5pdC1vZ3JlLW1vdW5k	AAAAAAAAAAAAAAAA
A	dW5pdC1vaWwtcGF0Y2g	FFFFFFFFFFFFFFFF
A	dW5pdC1vcmMtYmFycmFja3M	AAAAAAAAAAAAAAAA
A	dW5pdC1vcmMtYmxhY2tzbWl0aA	AAAAAAAAAAAAAAAA
A	dW5pdC1vcmMtY2Fubm9uLXRvd2Vy	AAAAAAAAAAAAAAAA
A	dW5pdC1vcmMtZGVhZC1ib2R5	FFFFFFFFFFFFFFFF
A	dW5pdC1vcmMtZGVzdHJveWVy	AAAAAAAAAAAAAAAA
A	dW5pdC1vcmMtZm91bmRyeQ	AAAAAAAAAAAAAAAA
A	dW5pdC1vcmMtZ3VhcmQtdG93ZXI	AAAAAAAAAAAAAAAA
A	dW5pdC1vcmMtb2lsLXBsYXRmb3Jt	AAAAAAAAAAAAAAAA
A	dW5pdC1vcmMtb2lsLXRhbmtlcg	AAAAAAAAAAAAAAAA
A	dW5pdC1vcmMtcmVmaW5lcnk	AAAAAAAAAAAAAAAA
A	dW5pdC1vcmMtc2hpcHlhcmQ	AAAAAAAAAAAAAAAA
A	dW5pdC1vcmMtc3RhcnQtbG9jYXRpb24	FFFFFFFFFFFFFFFF
A	dW5pdC1vcmMtc3VibWFyaW5l	FFFFFFFFFFFFFFFF
A	dW5pdC1vcmMtdHJhbnNwb3J0	AAAAAAAAAAAAAAAA
A	dW5pdC1vcmMtd2FsbA	AAAAAAAAAAAAAAAA
A	dW5pdC1vcmMtd2F0Y2gtdG93ZXI	AAAAAAAAAAAAAAAA
A	dW5pdC1wYWxhZGlu	AAAAAAAAAAAAAAAA
A	dW5pdC1wZWFzYW50	AAAAAAAAAAAAAAAA
A	dW5pdC1wZW9u	AAAAAAAAAAAAAAAA
A	dW5pdC1waWctZmFybQ	AAAAAAAAAAAAAAAA
A	dW5pdC1xdWljay1ibGFkZQ	FFFFFFFFFFFFFFFF
A	dW5pdC1yYW5nZXI	AAAAAAAAAAAAAAAA
A	dW5pdC1ydW5lc3RvbmU	FFFFFFFFFFFFFFFF
A	dW5pdC1zaGFycC1heGU	FFFFFFFFFFFFFFFF
A	dW5pdC1za2VsZXRvbg	FFFFFFFFFFFFFFFF
A	dW5pdC1zdGFibGVz	AAAAAAAAAAAAAAAA
A	dW5pdC1zdHJvbmdob2xk	AAAAAAAAAAAAAAAA
A	dW5pdC10ZW1wbGUtb2YtdGhlLWRhbW5lZA	AAAAAAAAAAAAAAAA
A	dW5pdC10b3duLWhhbGw	AAAAAAAAAAAAAAAA
A	dW5pdC10cm9sbC1sdW1iZXItbWlsbA	AAAAAAAAAAAAAAAA
A	dW5pdC13aGl0ZS1tYWdl	FFFFFFFFFFFFFFFF
A	dW5pdC13aXNlLW1hbg	FFFFFFFFFFFFFFFF
A	dW5pdC16ZXBwZWxpbg	AAAAAAAAAAAAAAAA
A	dXBncmFkZS1hcnJvdzE	AAAAAAAAAAAAAAAA
A	dXBncmFkZS1hcnJvdzI	AAAAAAAAAAAAAAAA
A	dXBncmFkZS1iYWxsaXN0YTE	AAAAAAAAAAAAAAAA
A	dXBncmFkZS1iYWxsaXN0YTI	AAAAAAAAAAAAAAAA
A	dXBncmFkZS1iYXR0bGUtYXhlMQ	AAAAAAAAAAAAAAAA
A	dXBncmFkZS1iYXR0bGUtYXhlMg	AAAAAAAAAAAAAAAA
A	dXBncmFkZS1iZXJzZXJrZXI	AAAAAAAAAAAAAAAA
A	dXBncmFkZS1iZXJzZXJrZXItcmVnZW5lcmF0aW9u	AAAAAAAAAAAAAAAA
A	dXBncmFkZS1iZXJzZXJrZXItc2NvdXRpbmc	AAAAAAAAAAAAAAAA
A	dXBncmFkZS1ibGl6emFyZA	FFFFFFFFFFFFFFFF
A	dXBncmFkZS1ibG9vZGx1c3Q	AAAAAAAAAAAAAAAA
A	dXBncmFkZS1ibG9vZGx1c3QtZG91YmxlLWhlYWQ	RRRRRRRRRRRRRRRR
A	dXBncmFkZS1jYXRhcHVsdDE	AAAAAAAAAAAAAAAA
A	dXBncmFkZS1jYXRhcHVsdDI	AAAAAAAAAAAAAAAA
A	dXBncmFkZS1kZWF0aC1hbmQtZGVjYXk	FFFFFFFFFFFFFFFF
A	dXBncmFkZS1kZWF0aC1jb2ls	RRRRRRRRRRRRRRRR
A	dXBncmFkZS1leG9yY2lzbQ	AAAAAAAAAAAAAAAA
A	dXBncmFkZS1leWUtb2Yta2lscm9nZw	RRRRRRRRRRRRRRRR
A	dXBncmFkZS1leWUtb2Yta2lscm9nZy1kb3VibGUtaGVhZA	RRRRRRRRRRRRRRRR
A	dXBncmFkZS1maXJlYmFsbA	RRRRRRRRRRRRRRRR
A	dXBncmFkZS1mbGFtZS1zaGllbGQ	AAAAAAAAAAAAAAAA
A	dXBncmFkZS1oYXN0ZQ	AAAAAAAAAAAAAAAA
A	dXBncmFkZS1oZWFsaW5n	AAAAAAAAAAAAAAAA
A	dXBncmFkZS1ob2x5LXZpc2lvbg	RRRRRRRRRRRRRRRR
A	dXBncmFkZS1odW1hbi1zaGllbGQx	AAAAAAAAAAAAAAAA
A	dXBncmFkZS1odW1hbi1zaGllbGQy	AAAAAAAAAAAAAAAA
A	dXBncmFkZS1odW1hbi1zaGlwLWFybW9yMQ	AAAAAAAAAAAAAAAA
A	dXBncmFkZS1odW1hbi1zaGlwLWFybW9yMg	AAAAAAAAAAAAAAAA
A	dXBncmFkZS1odW1hbi1zaGlwLWNhbm5vbjE	AAAAAAAAAAAAAAAA
A	dXBncmFkZS1odW1hbi1zaGlwLWNhbm5vbjI	AAAAAAAAAAAAAAAA
A	dXBncmFkZS1pbnZpc2liaWxpdHk	FFFFFFFFFFFFFFFF
A	dXBncmFkZS1saWdodC1heGVz	AAAAAAAAAAAAAAAA
A	dXBncmFkZS1sb25nYm93	AAAAAAAAAAAAAAAA
A	dXBncmFkZS1vZ3JlLW1hZ2U	AAAAAAAAAAAAAAAA
A	dXBncmFkZS1vcmMtc2hpZWxkMQ	AAAAAAAAAAAAAAAA
A	dXBncmFkZS1vcmMtc2hpZWxkMg	AAAAAAAAAAAAAAAA
A	dXBncmFkZS1vcmMtc2hpcC1hcm1vcjE	AAAAAAAAAAAAAAAA
A	dXBncmFkZS1vcmMtc2hpcC1hcm1vcjI	AAAAAAAAAAAAAAAA
A	dXBncmFkZS1vcmMtc2hpcC1jYW5ub24x	AAAAAAAAAAAAAAAA
A	dXBncmFkZS1vcmMtc2hpcC1jYW5ub24y	AAAAAAAAAAAAAAAA
A	dXBncmFkZS1wYWxhZGlu	AAAAAAAAAAAAAAAA
A	dXBncmFkZS1wb2x5bW9ycGg	FFFFFFFFFFFFFFFF
A	dXBncmFkZS1yYWlzZS1kZWFk	AAAAAAAAAAAAAAAA
A	dXBncmFkZS1yYW5nZXI	AAAAAAAAAAAAAAAA
A	dXBncmFkZS1yYW5nZXItbWFya3NtYW5zaGlw	AAAAAAAAAAAAAAAA
A	dXBncmFkZS1yYW5nZXItc2NvdXRpbmc	AAAAAAAAAAAAAAAA
A	dXBncmFkZS1ydW5lcw	AAAAAAAAAAAAAAAA
A	dXBncmFkZS1ydW5lcy1kb3VibGUtaGVhZA	RRRRRRRRRRRRRRRR
A	dXBncmFkZS1zbG93	AAAAAAAAAAAAAAAA
A	dXBncmFkZS1zd29yZDE	AAAAAAAAAAAAAAAA
A	dXBncmFkZS1zd29yZDI	AAAAAAAAAAAAAAAA
A	dXBncmFkZS10aHJvd2luZy1heGUx	AAAAAAAAAAAAAAAA
A	dXBncmFkZS10aHJvd2luZy1heGUy	AAAAAAAAAAAAAAAA
A	dXBncmFkZS11bmhvbHktYXJtb3I	FFFFFFFFFFFFFFFF
A	dXBncmFkZS13aGlybHdpbmQ	FFFFFFFFFFFFFFFF
I	1	b3JjLTEx	MAP
I	2	d2MyLXBhc3NpdmU	MAP
I	3	d2MyLXBhc3NpdmU	MAP
T	VEhJUyBPUFBPTkVOVFMgTjAgRVE	VklDVE9SWQ
T	VEhJUyBUT1RBTCBOMCBFUQ	REVGRUFU
E
M	Y2FtcGFpZ25zL29yYy9sZXZlbDEybw	Li4vY2FtcGFpZ25zL29yYy9pbnRlcmZhY2UvaW50cm9zY3JlZW40LnBuZw	2	Y2FtcGFpZ25zL29yYy9sZXZlbDEyby1pbnRybzEud2F2	Y2FtcGFpZ25zL29yYy9sZXZlbDEyby1pbnRybzIud2F2
A	dW5pdC1hbGNoZW1pc3Q	AAAAAAAAAAAAAAAA
A	dW5pdC1hbHRhci1vZi1zdG9ybXM	AAAAAAAAAAAAAAAA
A	dW5pdC1hcmNoZXI	AAAAAAAAAAAAAAAA
A	dW5pdC1hcnRob3ItbGl0ZXJpb3M	FFFFFFFFFFFFFFFF
A	dW5pdC1heGV0aHJvd2Vy	AAAAAAAAAAAAAAAA
A	dW5pdC1iYWxsaXN0YQ	AAAAAAAAAAAAAAAA
A	dW5pdC1iYWxsb29u	AAAAAAAAAAAAAAAA
A	dW5pdC1iYXR0bGVzaGlw	AAAAAAAAAAAAAAAA
A	dW5pdC1iZWFzdC1jcnk	FFFFFFFFFFFFFFFF
A	dW5pdC1iZXJzZXJrZXI	AAAAAAAAAAAAAAAA
A	dW5pdC1jYXN0bGU	AAAAAAAAAAAAAAAA
A	dW5pdC1jYXRhcHVsdA	AAAAAAAAAAAAAAAA
A	dW5pdC1jaHVyY2g	AAAAAAAAAAAAAAAA
A	dW5pdC1jaXJjbGUtb2YtcG93ZXI	FFFFFFFFFFFFFFFF
A	dW5pdC1jcml0dGVy	FFFFFFFFFFFFFFFF
A	dW5pdC1kYWVtb24	FFFFFFFFFFFFFFFF
A	dW5pdC1kYXJrLXBvcnRhbA	FFFFFFFFFFFFFFFF
A	dW5pdC1kZWFkLXNlYS1ib2R5	FFFFFFFFFFFFFFFF
A	dW5pdC1kZWF0aC1rbmlnaHQ	AAAAAAAAAAAAAAAA
A	dW5pdC1kZXN0cm95ZWQtMXgxLXBsYWNl	FFFFFFFFFFFFFFFF
A	dW5pdC1kZXN0cm95ZWQtMngyLXBsYWNl	FFFFFFFFFFFFFFFF
A	dW5pdC1kZXN0cm95ZWQtM3gzLXBsYWNl	FFFFFFFFFFFFFFFF
A	dW5pdC1kZXN0cm95ZWQtM3gzLXBsYWNlLXdhdGVy	FFFFFFFFFFFFFFFF
A	dW5pdC1kZXN0cm95ZWQtNHg0LXBsYWNl	FFFFFFFFFFFFFFFF
A	dW5pdC1kb3VibGUtaGVhZA	FFFFFFFFFFFFFFFF
A	dW5pdC1kcmFnb24	FFFFFFFFFFFFFFFF
A	dW5pdC1kcmFnb24tcm9vc3Q	FFFFFFFFFFFFFFFF
A	dW5pdC1kd2FydmVz	AAAAAAAAAAAAAAAA
A	dW5pdC1lbHZlbi1sdW1iZXItbWlsbA	AAAAAAAAAAAAAAAA
A	dW5pdC1ldmlsLWtuaWdodA	FFFFFFFFFFFFFFFF
A	dW5pdC1leWUtb2YtdmlzaW9u	FFFFFFFFFFFFFFFF
A	dW5pdC1mYWQtbWFu	FFFFFFFFFFFFFFFF
A	dW5pdC1mYXJt	AAAAAAAAAAAAAAAA
A	dW5pdC1mZW1hbGUtaGVybw	FFFFFFFFFFFFFFFF
A	dW5pdC1maXJlLWJyZWV6ZQ	FFFFFFFFFFFFFFFF
A	dW5pdC1mbHlpbmctYW5nZWw	FFFFFFFFFFFFFFFF
A	dW5pdC1mb290bWFu	AAAAAAAAAAAAAAAA
A	dW5pdC1mb3J0cmVzcw	AAAAAAAAAAAAAAAA
A	dW5pdC1nb2JsaW4tc2FwcGVycw	AAAAAAAAAAAAAAAA
A	dW5pdC1nb2xkLW1pbmU	FFFFFFFFFFFFFFFF
A	dW5pdC1ncmVhdC1oYWxs	AAAAAAAAAAAAAAAA
A	dW5pdC1ncnVudA	AAAAAAAAAAAAAAAA
A	dW5pdC1ncnlwaG9uLWF2aWFyeQ	FFFFFFFFFFFFFFFF
A	dW5pdC1ncnlwaG9uLXJpZGVy	FFFFFFFFFFFFFFFF
A	dW5pdC1odW1hbi1iYXJyYWNrcw	AAAAAAAAAAAAAAAA
A	dW5pdC1odW1hbi1ibGFja3NtaXRo	AAAAAAAAAAAAAAAA
A	dW5pdC1odW1hbi1jYW5ub24tdG93ZXI	AAAAAAAAAAAAAAAA
A	dW5pdC1odW1hbi1kZWFkLWJvZHk	FFFFFFFFFFFFFFFF
A	dW5pdC1odW1hbi1kZXN0cm95ZXI	AAAAAAAAAAAAAAAA
A	dW5pdC1odW1hbi1mb3VuZHJ5	AAAAAAAAAAAAAAAA
A	dW5pdC1odW1hbi1ndWFyZC10b3dlcg	AAAAAAAAAAAAAAAA
A	dW5pdC1odW1hbi1vaWwtcGxhdGZvcm0	AAAAAAAAAAAAAAAA
A	dW5pdC1odW1hbi1vaWwtdGFua2Vy	AAAAAAAAAAAAAAAA
A	dW5pdC1odW1hbi1yZWZpbmVyeQ	AAAAAAAAAAAAAAAA
A	dW5pdC1odW1hbi1zaGlweWFyZA	AAAAAAAAAAAAAAAA
A	dW5pdC1odW1hbi1zdGFydC1sb2NhdGlvbg	FFFFFFFFFFFFFFFF
A	dW5pdC1odW1hbi1zdWJtYXJpbmU	AAAAAAAAAAAAAAAA
A	dW5pdC1odW1hbi10cmFuc3BvcnQ	AAAAAAAAAAAAAAAA
A	dW5pdC1odW1hbi13YWxs	AAAAAAAAAAAAAAAA
A	dW5pdC1odW1hbi13YXRjaC10b3dlcg	AAAAAAAAAAAAAAAA
A	dW5pdC1pY2UtYnJpbmdlcg	FFFFFFFFFFFFFFFF
A	dW5pdC1pbnZlbnRvcg	AAAAAAAAAAAAAAAA
A	dW5pdC1rZWVw	AAAAAAAAAAAAAAAA
A	dW5pdC1rbmlnaHQ	AAAAAAAAAAAAAAAA
A	dW5pdC1rbmlnaHQtcmlkZXI	FFFFFFFFFFFFFFFF
A	dW5pdC1tYWdl	AAAAAAAAAAAAAAAA
A	dW5pdC1tYWdlLXRvd2Vy	AAAAAAAAAAAAAAAA
A	dW5pdC1tYW4tb2YtbGlnaHQ	FFFFFFFFFFFFFFFF
A	dW5pdC1vZ3Jl	AAAAAAAAAAAAAAAA
A	dW5pdC1vZ3JlLWp1Z2dlcm5hdWdodA	AAAAAAAAAAAAAAAA
A	dW5pdC1vZ3JlLW1hZ2U	AAAAAAAAAAAAAAAA
A	dW5pdC1vZ3JlLW1vdW5k	AAAAAAAAAAAAAAAA
A	dW5pdC1vaWwtcGF0Y2g	FFFFFFFFFFFFFFFF
A	dW5pdC1vcmMtYmFycmFja3M	AAAAAAAAAAAAAAAA
A	dW5pdC1vcmMtYmxhY2tzbWl0aA	AAAAAAAAAAAAAAAA
A	dW5pdC1vcmMtY2Fubm9uLXRvd2Vy	AAAAAAAAAAAAAAAA
A	dW5pdC1vcmMtZGVhZC1ib2R5	FFFFFFFFFFFFFFFF
A	dW5pdC1vcmMtZGVzdHJveWVy	AAAAAAAAAAAAAAAA
A	dW5pdC1vcmMtZm91bmRyeQ	AAAAAAAAAAAAAAAA
A	dW5pdC1vcmMtZ3VhcmQtdG93ZXI	AAAAAAAAAAAAAAAA
A	dW5pdC1vcmMtb2lsLXBsYXRmb3Jt	AAAAAAAAAAAAAAAA
A	dW5pdC1vcmMtb2lsLXRhbmtlcg	AAAAAAAAAAAAAAAA
A	dW5pdC1vcmMtcmVmaW5lcnk	AAAAAAAAAAAAAAAA
A	dW5pdC1vcmMtc2hpcHlhcmQ	AAAAAAAAAAAAAAAA
A	dW5pdC1vcmMtc3RhcnQtbG9jYXRpb24	FFFFFFFFFFFFFFFF
A	dW5pdC1vcmMtc3VibWFyaW5l	AAAAAAAAAAAAAAAA
A	dW5pdC1vcmMtdHJhbnNwb3J0	AAAAAAAAAAAAAAAA
A	dW5pdC1vcmMtd2FsbA	AAAAAAAAAAAAAAAA
A	dW5pdC1vcmMtd2F0Y2gtdG93ZXI	AAAAAAAAAAAAAAAA
A	dW5pdC1wYWxhZGlu	AAAAAAAAAAAAAAAA
A	dW5pdC1wZWFzYW50	AAAAAAAAAAAAAAAA
A	dW5pdC1wZW9u	AAAAAAAAAAAAAAAA
A	dW5pdC1waWctZmFybQ	AAAAAAAAAAAAAAAA
A	dW5pdC1xdWljay1ibGFkZQ	FFFFFFFFFFFFFFFF
A	dW5pdC1yYW5nZXI	AAAAAAAAAAAAAAAA
A	dW5pdC1ydW5lc3RvbmU	FFFFFFFFFFFFFFFF
A	dW5pdC1zaGFycC1heGU	FFFFFFFFFFFFFFFF
A	dW5pdC1za2VsZXRvbg	FFFFFFFFFFFFFFFF
A	dW5pdC1zdGFibGVz	AAAAAAAAAAAAAAAA
A	dW5pdC1zdHJvbmdob2xk	AAAAAAAAAAAAAAAA
A	dW5pdC10ZW1wbGUtb2YtdGhlLWRhbW5lZA	AAAAAAAAAAAAAAAA
A	dW5pdC10b3duLWhhbGw	AAAAAAAAAAAAAAAA
A	dW5pdC10cm9sbC1sdW1iZXItbWlsbA	AAAAAAAAAAAAAAAA
A	dW5pdC13aGl0ZS1tYWdl	FFFFFFFFFFFFFFFF
A	dW5pdC13aXNlLW1hbg	FFFFFFFFFFFFFFFF
A	dW5pdC16ZXBwZWxpbg	AAAAAAAAAAAAAAAA
A	dXBncmFkZS1hcnJvdzE	AAAAAAAAAAAAAAAA
A	dXBncmFkZS1hcnJvdzI	AAAAAAAAAAAAAAAA
A	dXBncmFkZS1iYWxsaXN0YTE	AAAAAAAAAAAAAAAA
A	dXBncmFkZS1iYWxsaXN0YTI	AAAAAAAAAAAAAAAA
A	dXBncmFkZS1iYXR0bGUtYXhlMQ	AAAAAAAAAAAAAAAA
A	dXBncmFkZS1iYXR0bGUtYXhlMg	AAAAAAAAAAAAAAAA
A	dXBncmFkZS1iZXJzZXJrZXI	AAAAAAAAAAAAAAAA
A	dXBncmFkZS1iZXJzZXJrZXItcmVnZW5lcmF0aW9u	AAAAAAAAAAAAAAAA
A	dXBncmFkZS1iZXJzZXJrZXItc2NvdXRpbmc	AAAAAAAAAAAAAAAA
A	dXBncmFkZS1ibGl6emFyZA	AAAAAAAAAAAAAAAA
A	dXBncmFkZS1ibG9vZGx1c3Q	AAAAAAAAAAAAAAAA
A	dXBncmFkZS1ibG9vZGx1c3QtZG91YmxlLWhlYWQ	RRRRRRRRRRRRRRRR
A	dXBncmFkZS1jYXRhcHVsdDE	AAAAAAAAAAAAAAAA
A	dXBncmFkZS1jYXRhcHVsdDI	AAAAAAAAAAAAAAAA
A	dXBncmFkZS1kZWF0aC1hbmQtZGVjYXk	AAAAAAAAAAAAAAAA
A	dXBncmFkZS1kZWF0aC1jb2ls	RRRRRRRRRRRRRRRR
A	dXBncmFkZS1leG9yY2lzbQ	AAAAAAAAAAAAAAAA
A	dXBncmFkZS1leWUtb2Yta2lscm9nZw	RRRRRRRRRRRRRRRR
A	dXBncmFkZS1leWUtb2Yta2lscm9nZy1kb3VibGUtaGVhZA	RRRRRRRRRRRRRRRR
A	dXBncmFkZS1maXJlYmFsbA	RRRRRRRRRRRRRRRR
A	dXBncmFkZS1mbGFtZS1zaGllbGQ	AAAAAAAAAAAAAAAA
A	dXBncmFkZS1oYXN0ZQ	AAAAAAAAAAAAAAAA
A	dXBncmFkZS1oZWFsaW5n	AAAAAAAAAAAAAAAA
A	dXBncmFkZS1ob2x5LXZpc2lvbg	RRRRRRRRRRRRRRRR
A	dXBncmFkZS1odW1hbi1zaGllbGQx	AAAAAAAAAAAAAAAA
A	dXBncmFkZS1odW1hbi1zaGllbGQy	AAAAAAAAAAAAAAAA
A	dXBncmFkZS1odW1hbi1zaGlwLWFybW9yMQ	AAAAAAAAAAAAAAAA
A	dXBncmFkZS1odW1hbi1zaGlwLWFybW9yMg	AAAAAAAAAAAAAAAA
A	dXBncmFkZS1odW1hbi1zaGlwLWNhbm5vbjE	AAAAAAAAAAAAAAAA
A	dXBncmFkZS1odW1hbi1zaGlwLWNhbm5vbjI	AAAAAAAAAAAAAAAA
A	dXBncmFkZS1pbnZpc2liaWxpdHk	AAAAAAAAAAAAAAAA
A	dXBncmFkZS1saWdodC1heGVz	AAAAAAAAAAAAAAAA
A	dXBncmFkZS1sb25nYm93	AAAAAAAAAAAAAAAA
A	dXBncmFkZS1vZ3JlLW1hZ2U	AAAAAAAAAAAAAAAA
A	dXBncmFkZS1vcmMtc2hpZWxkMQ	AAAAAAAAAAAAAAAA
A	dXBncmFkZS1vcmMtc2hpZWxkMg	AAAAAAAAAAAAAAAA
A	dXBncmFkZS1vcmMtc2hpcC1hcm1vcjE	AAAAAAAAAAAAAAAA
A	dXBncmFkZS1vcmMtc2hpcC1hcm1vcjI	AAAAAAAAAAAAAAAA
A	dXBncmFkZS1vcmMtc2hpcC1jYW5ub24x	AAAAAAAAAAAAAAAA
A	dXBncmFkZS1vcmMtc2hpcC1jYW5ub24y	AAAAAAAAAAAAAAAA
A	dXBncmFkZS1wYWxhZGlu	AAAAAAAAAAAAAAAA
A	dXBncmFkZS1wb2x5bW9ycGg	AAAAAAAAAAAAAAAA
A	dXBncmFkZS1yYWlzZS1kZWFk	AAAAAAAAAAAAAAAA
A	dXBncmFkZS1yYW5nZXI	AAAAAAAAAAAAAAAA
A	dXBncmFkZS1yYW5nZXItbWFya3NtYW5zaGlw	AAAAAAAAAAAAAAAA
A	dXBncmFkZS1yYW5nZXItc2NvdXRpbmc	AAAAAAAAAAAAAAAA
A	dXBncmFkZS1ydW5lcw	AAAAAAAAAAAAAAAA
A	dXBncmFkZS1ydW5lcy1kb3VibGUtaGVhZA	RRRRRRRRRRRRRRRR
A	dXBncmFkZS1zbG93	AAAAAAAAAAAAAAAA
A	dXBncmFkZS1zd29yZDE	AAAAAAAAAAAAAAAA
A	dXBncmFkZS1zd29yZDI	AAAAAAAAAAAAAAAA
A	dXBncmFkZS10aHJvd2luZy1heGUx	AAAAAAAAAAAAAAAA
A	dXBncmFkZS10aHJvd2luZy1heGUy	AAAAAAAAAAAAAAAA
A	dXBncmFkZS11bmhvbHktYXJtb3I	AAAAAAAAAAAAAAAA
A	dXBncmFkZS13aGlybHdpbmQ	AAAAAAAAAAAAAAAA
I	1	b3JjLTEy	MAP
I	3	b3JjLTEy	MAP
T	VEhJUyBPUFBPTkVOVFMgTjAgRVE	VklDVE9SWQ
T	VEhJUyBUT1RBTCBOMCBFUQ	REVGRUFU
E
M	Y2FtcGFpZ25zL29yYy9sZXZlbDEzbw	Li4vY2FtcGFpZ25zL29yYy9pbnRlcmZhY2UvaW50cm9zY3JlZW41LnBuZw	2	Y2FtcGFpZ25zL29yYy9sZXZlbDEzby1pbnRybzEud2F2	Y2FtcGFpZ25zL29yYy9sZXZlbDEzby1pbnRybzIud2F2
A	dW5pdC1hbGNoZW1pc3Q	AAAAAAAAAAAAAAAA
A	dW5pdC1hbHRhci1vZi1zdG9ybXM	AAAAAAAAAAAAAAAA
A	dW5pdC1hcmNoZXI	AAAAAAAAAAAAAAAA
A	dW5pdC1hcnRob3ItbGl0ZXJpb3M	FFFFFFFFFFFFFFFF
A	dW5pdC1heGV0aHJvd2Vy	AAAAAAAAAAAAAAAA
A	dW5pdC1iYWxsaXN0YQ	AAAAAAAAAAAAAAAA
A	dW5pdC1iYWxsb29u	AAAAAAAAAAAAAAAA
A	dW5pdC1iYXR0bGVzaGlw	AAAAAAAAAAAAAAAA
A	dW5pdC1iZWFzdC1jcnk	FFFFFFFFFFFFFFFF
A	dW5pdC1iZXJzZXJrZXI	AAAAAAAAAAAAAAAA
A	dW5pdC1jYXN0bGU	AAAAAAAAAAAAAAAA
A	dW5pdC1jYXRhcHVsdA	AAAAAAAAAAAAAAAA
A	dW5pdC1jaHVyY2g	AAAAAAAAAAAAAAAA
A	dW5pdC1jaXJjbGUtb2YtcG93ZXI	FFFFFFFFFFFFFFFF
A	dW5pdC1jcml0dGVy	FFFFFFFFFFFFFFFF
A	dW5pdC1kYWVtb24	FFFFFFFFFFFFFFFF
A	dW5pdC1kYXJrLXBvcnRhbA	FFFFFFFFFFFFFFFF
A	dW5pdC1kZWFkLXNlYS1ib2R5	FFFFFFFFFFFFFFFF
A	dW5pdC1kZWF0aC1rbmlnaHQ	AAAAAAAAAAAAAAAA
A	dW5pdC1kZXN0cm95ZWQtMXgxLXBsYWNl	FFFFFFFFFFFFFFFF
A	dW5pdC1kZXN0cm95ZWQtMngyLXBsYWNl	FFFFFFFFFFFFFFFF
A	dW5pdC1kZXN0cm95ZWQtM3gzLXBsYWNl	FFFFFFFFFFFFFFFF
A	dW5pdC1kZXN0cm95ZWQtM3gzLXBsYWNlLXdhdGVy	FFFFFFFFFFFFFFFF
A	dW5pdC1kZXN0cm95ZWQtNHg0LXBsYWNl	FFFFFFFFFFFFFFFF
A	dW5pdC1kb3VibGUtaGVhZA	FFFFFFFFFFFFFFFF
A	dW5pdC1kcmFnb24	AAAAAAAAAAAAAAAA
A	dW5pdC1kcmFnb24tcm9vc3Q	AAAAAAAAAAAAAAAA
A	dW5pdC1kd2FydmVz	AAAAAAAAAAAAAAAA
A	dW5pdC1lbHZlbi1sdW1iZXItbWlsbA	AAAAAAAAAAAAAAAA
A	dW5pdC1ldmlsLWtuaWdodA	FFFFFFFFFFFFFFFF
A	dW5pdC1leWUtb2YtdmlzaW9u	FFFFFFFFFFFFFFFF
A	dW5pdC1mYWQtbWFu	FFFFFFFFFFFFFFFF
A	dW5pdC1mYXJt	AAAAAAAAAAAAAAAA
A	dW5pdC1mZW1hbGUtaGVybw	FFFFFFFFFFFFFFFF
A	dW5pdC1maXJlLWJyZWV6ZQ	FFFFFFFFFFFFFFFF
A	dW5pdC1mbHlpbmctYW5nZWw	FFFFFFFFFFFFFFFF
A	dW5pdC1mb290bWFu	AAAAAAAAAAAAAAAA
A	dW5pdC1mb3J0cmVzcw	AAAAAAAAAAAAAAAA
A	dW5pdC1nb2JsaW4tc2FwcGVycw	AAAAAAAAAAAAAAAA
A	dW5pdC1nb2xkLW1pbmU	FFFFFFFFFFFFFFFF
A	dW5pdC1ncmVhdC1oYWxs	AAAAAAAAAAAAAAAA
A	dW5pdC1ncnVudA	AAAAAAAAAAAAAAAA
A	dW5pdC1ncnlwaG9uLWF2aWFyeQ	AAAAAAAAAAAAAAAA
A	dW5pdC1ncnlwaG9uLXJpZGVy	AAAAAAAAAAAAAAAA
A	dW5pdC1odW1hbi1iYXJyYWNrcw	AAAAAAAAAAAAAAAA
A	dW5pdC1odW1hbi1ibGFja3NtaXRo	AAAAAAAAAAAAAAAA
A	dW5pdC1odW1hbi1jYW5ub24tdG93ZXI	AAAAAAAAAAAAAAAA
A	dW5pdC1odW1hbi1kZWFkLWJvZHk	FFFFFFFFFFFFFFFF
A	dW5pdC1odW1hbi1kZXN0cm95ZXI	AAAAAAAAAAAAAAAA
A	dW5pdC1odW1hbi1mb3VuZHJ5	AAAAAAAAAAAAAAAA
A	dW5pdC1odW1hbi1ndWFyZC10b3dlcg	AAAAAAAAAAAAAAAA
A	dW5pdC1odW1hbi1vaWwtcGxhdGZvcm0	AAAAAAAAAAAAAAAA
A	dW5pdC1odW1hbi1vaWwtdGFua2Vy	AAAAAAAAAAAAAAAA
A	dW5pdC1odW1hbi1yZWZpbmVyeQ	AAAAAAAAAAAAAAAA
A	dW5pdC1odW1hbi1zaGlweWFyZA	AAAAAAAAAAAAAAAA
A	dW5pdC1odW1hbi1zdGFydC1sb2NhdGlvbg	FFFFFFFFFFFFFFFF
A	dW5pdC1odW1hbi1zdWJtYXJpbmU	AAAAAAAAAAAAAAAA
A	dW5pdC1odW1hbi10cmFuc3BvcnQ	AAAAAAAAAAAAAAAA
A	dW5pdC1odW1hbi13YWxs	AAAAAAAAAAAAAAAA
A	dW5pdC1odW1hbi13YXRjaC10b3dlcg	AAAAAAAAAAAAAAAA
A	dW5pdC1pY2UtYnJpbmdlcg	FFFFFFFFFFFFFFFF
A	dW5pdC1pbnZlbnRvcg	AAAAAAAAAAAAAAAA
A	dW5pdC1rZWVw	AAAAAAAAAAAAAAAA
A	dW5pdC1rbmlnaHQ	AAAAAAAAAAAAAAAA
A	dW5pdC1rbmlnaHQtcmlkZXI	FFFFFFFFFFFFFFFF
A	dW5pdC1tYWdl	AAAAAAAAAAAAAAAA
A	dW5pdC1tYWdlLXRvd2Vy	AAAAAAAAAAAAAAAA
A	dW5pdC1tYW4tb2YtbGlnaHQ	FFFFFFFFFFFFFFFF
A	dW5pdC1vZ3Jl	AAAAAAAAAAAAAAAA
A	dW5pdC1vZ3JlLWp1Z2dlcm5hdWdodA	AAAAAAAAAAAAAAAA
A	dW5pdC1vZ3JlLW1hZ2U	AAAAAAAAAAAAAAAA
A	dW5pdC1vZ3JlLW1vdW5k	AAAAAAAAAAAAAAAA
A	dW5pdC1vaWwtcGF0Y2g	FFFFFFFFFFFFFFFF
A	dW5pdC1vcmMtYmFycmFja3M	AAAAAAAAAAAAAAAA
A	dW5pdC1vcmMtYmxhY2tzbWl0aA	AAAAAAAAAAAAAAAA
A	dW5pdC1vcmMtY2Fubm9uLXRvd2Vy	AAAAAAAAAAAAAAAA
A	dW5pdC1vcmMtZGVhZC1ib2R5	FFFFFFFFFFFFFFFF
A	dW5pdC1vcmMtZGVzdHJveWVy	AAAAAAAAAAAAAAAA
A	dW5pdC1vcmMtZm91bmRyeQ	AAAAAAAAAAAAAAAA
A	dW5pdC1vcmMtZ3VhcmQtdG93ZXI	AAAAAAAAAAAAAAAA
A	dW5pdC1vcmMtb2lsLXBsYXRmb3Jt	AAAAAAAAAAAAAAAA
A	dW5pdC1vcmMtb2lsLXRhbmtlcg	AAAAAAAAAAAAAAAA
A	dW5pdC1vcmMtcmVmaW5lcnk	AAAAAAAAAAAAAAAA
A	dW5pdC1vcmMtc2hpcHlhcmQ	AAAAAAAAAAAAAAAA
A	dW5pdC1vcmMtc3RhcnQtbG9jYXRpb24	FFFFFFFFFFFFFFFF
A	dW5pdC1vcmMtc3VibWFyaW5l	AAAAAAAAAAAAAAAA
A	dW5pdC1vcmMtdHJhbnNwb3J0	AAAAAAAAAAAAAAAA
A	dW5pdC1vcmMtd2FsbA	AAAAAAAAAAAAAAAA
A	dW5pdC1vcmMtd2F0Y2gtdG93ZXI	AAAAAAAAAAAAAAAA
A	dW5pdC1wYWxhZGlu	AAAAAAAAAAAAAAAA
A	dW5pdC1wZWFzYW50	AAAAAAAAAAAAAAAA
A	dW5pdC1wZW9u	AAAAAAAAAAAAAAAA
A	dW5pdC1waWctZmFybQ	AAAAAAAAAAAAAAAA
A	dW5pdC1xdWljay1ibGFkZQ	FFFFFFFFFFFFFFFF
A	dW5pdC1yYW5nZXI	AAAAAAAAAAAAAAAA
A	dW5pdC1ydW5lc3RvbmU	FFFFFFFFFFFFFFFF
A	dW5pdC1zaGFycC1heGU	FFFFFFFFFFFFFFFF
A	dW5pdC1za2VsZXRvbg	FFFFFFFFFFFFFFFF
A	dW5pdC1zdGFibGVz	AAAAAAAAAAAAAAAA
A	dW5pdC1zdHJvbmdob2xk	AAAAAAAAAAAAAAAA
A	dW5pdC10ZW1wbGUtb2YtdGhlLWRhbW5lZA	AAAAAAAAAAAAAAAA
A	dW5pdC10b3duLWhhbGw	AAAAAAAAAAAAAAAA
A	dW5pdC10cm9sbC1sdW1iZXItbWlsbA	AAAAAAAAAAAAAAAA
A	dW5pdC13aGl0ZS1tYWdl	FFFFFFFFFFFFFFFF
A	dW5pdC13aXNlLW1hbg	FFFFFFFFFFFFFFFF
A	dW5pdC16ZXBwZWxpbg	AAAAAAAAAAAAAAAA
A	dXBncmFkZS1hcnJvdzE	AAAAAAAAAAAAAAAA
A	dXBncmFkZS1hcnJvdzI	AAAAAAAAAAAAAAAA
A	dXBncmFkZS1iYWxsaXN0YTE	AAAAAAAAAAAAAAAA
A	dXBncmFkZS1iYWxsaXN0YTI	AAAAAAAAAAAAAAAA
A	dXBncmFkZS1iYXR0bGUtYXhlMQ	AAAAAAAAAAAAAAAA
A	dXBncmFkZS1iYXR0bGUtYXhlMg	AAAAAAAAAAAAAAAA
A	dXBncmFkZS1iZXJzZXJrZXI	AAAAAAAAAAAAAAAA
A	dXBncmFkZS1iZXJzZXJrZXItcmVnZW5lcmF0aW9u	AAAAAAAAAAAAAAAA
A	dXBncmFkZS1iZXJzZXJrZXItc2NvdXRpbmc	AAAAAAAAAAAAAAAA
A	dXBncmFkZS1ibGl6emFyZA	AAAAAAAAAAAAAAAA
A	dXBncmFkZS1ibG9vZGx1c3Q	AAAAAAAAAAAAAAAA
A	dXBncmFkZS1ibG9vZGx1c3QtZG91YmxlLWhlYWQ	RRRRRRRRRRRRRRRR
A	dXBncmFkZS1jYXRhcHVsdDE	AAAAAAAAAAAAAAAA
A	dXBncmFkZS1jYXRhcHVsdDI	AAAAAAAAAAAAAAAA
A	dXBncmFkZS1kZWF0aC1hbmQtZGVjYXk	AAAAAAAAAAAAAAAA
A	dXBncmFkZS1kZWF0aC1jb2ls	RRRRRRRRRRRRRRRR
A	dXBncmFkZS1leG9yY2lzbQ	AAAAAAAAAAAAAAAA
A	dXBncmFkZS1leWUtb2Yta2lscm9nZw	RRRRRRRRRRRRRRRR
A	dXBncmFkZS1leWUtb2Yta2lscm9nZy1kb3VibGUtaGVhZA	RRRRRRRRRRRRRRRR
A	dXBncmFkZS1maXJlYmFsbA	RRRRRRRRRRRRRRRR
A	dXBncmFkZS1mbGFtZS1zaGllbGQ	AAAAAAAAAAAAAAAA
A	dXBncmFkZS1oYXN0ZQ	AAAAAAAAAAAAAAAA
A	dXBncmFkZS1oZWFsaW5n	AAAAAAAAAAAAAAAA
A	dXBncmFkZS1ob2x5LXZpc2lvbg	RRRRRRRRRRRRRRRR
A	dXBncmFkZS1odW1hbi1zaGllbGQx	AAAAAAAAAAAAAAAA
A	dXBncmFkZS1odW1hbi1zaGllbGQy	AAAAAAAAAAAAAAAA
A	dXBncmFkZS1odW1hbi1zaGlwLWFybW9yMQ	AAAAAAAAAAAAAAAA
A	dXBncmFkZS1odW1hbi1zaGlwLWFybW9yMg	AAAAAAAAAAAAAAAA
A	dXBncmFkZS1odW1hbi1zaGlwLWNhbm5vbjE	AAAAAAAAAAAAAAAA
A	dXBncmFkZS1odW1hbi1zaGlwLWNhbm5vbjI	AAAAAAAAAAAAAAAA
A	dXBncmFkZS1pbnZpc2liaWxpdHk	AAAAAAAAAAAAAAAA
A	dXBncmFkZS1saWdodC1heGVz	AAAAAAAAAAAAAAAA
A	dXBncmFkZS1sb25nYm93	AAAAAAAAAAAAAAAA
A	dXBncmFkZS1vZ3JlLW1hZ2U	AAAAAAAAAAAAAAAA
A	dXBncmFkZS1vcmMtc2hpZWxkMQ	AAAAAAAAAAAAAAAA
A	dXBncmFkZS1vcmMtc2hpZWxkMg	AAAAAAAAAAAAAAAA
A	dXBncmFkZS1vcmMtc2hpcC1hcm1vcjE	AAAAAAAAAAAAAAAA
A	dXBncmFkZS1vcmMtc2hpcC1hcm1vcjI	AAAAAAAAAAAAAAAA
A	dXBncmFkZS1vcmMtc2hpcC1jYW5ub24x	AAAAAAAAAAAAAAAA
A	dXBncmFkZS1vcmMtc2hpcC1jYW5ub24y	AAAAAAAAAAAAAAAA
A	dXBncmFkZS1wYWxhZGlu	AAAAAAAAAAAAAAAA
A	dXBncmFkZS1wb2x5bW9ycGg	AAAAAAAAAAAAAAAA
A	dXBncmFkZS1yYWlzZS1kZWFk	AAAAAAAAAAAAAAAA
A	dXBncmFkZS1yYW5nZXI	AAAAAAAAAAAAAAAA
A	dXBncmFkZS1yYW5nZXItbWFya3NtYW5zaGlw	AAAAAAAAAAAAAAAA
A	dXBncmFkZS1yYW5nZXItc2NvdXRpbmc	AAAAAAAAAAAAAAAA
A	dXBncmFkZS1ydW5lcw	AAAAAAAAAAAAAAAA
A	dXBncmFkZS1ydW5lcy1kb3VibGUtaGVhZA	RRRRRRRRRRRRRRRR
A	dXBncmFkZS1zbG93	AAAAAAAAAAAAAAAA
A	dXBncmFkZS1zd29yZDE	AAAAAAAAAAAAAAAA
A	dXBncmFkZS1zd29yZDI	AAAAAAAAAAAAAAAA
A	dXBncmFkZS10aHJvd2luZy1heGUx	AAAAAAAAAAAAAAAA
A	dXBncmFkZS10aHJvd2luZy1heGUy	AAAAAAAAAAAAAAAA
A	dXBncmFkZS11bmhvbHktYXJtb3I	AAAAAAAAAAAAAAAA
A	dXBncmFkZS13aGlybHdpbmQ	AAAAAAAAAAAAAAAA
I	3	b3JjLTEz	MAP
T	VEhJUyBPUFBPTkVOVFMgTjAgRVE	VklDVE9SWQ
T	VEhJUyBUT1RBTCBOMCBFUQ	REVGRUFU
E
M	Y2FtcGFpZ25zL29yYy9sZXZlbDE0bw	Li4vY2FtcGFpZ25zL29yYy9pbnRlcmZhY2UvaW50cm9zY3JlZW41LnBuZw	1	Y2FtcGFpZ25zL29yYy9sZXZlbDE0by1pbnRybzEud2F2
A	dW5pdC1hbGNoZW1pc3Q	AAAAAAAAAAAAAAAA
A	dW5pdC1hbHRhci1vZi1zdG9ybXM	AAAAAAAAAAAAAAAA
A	dW5pdC1hcmNoZXI	AAAAAAAAAAAAAAAA
A	dW5pdC1hcnRob3ItbGl0ZXJpb3M	FFFFFFFFFFFFFFFF
A	dW5pdC1heGV0aHJvd2Vy	AAAAAAAAAAAAAAAA
A	dW5pdC1iYWxsaXN0YQ	AAAAAAAAAAAAAAAA
A	dW5pdC1iYWxsb29u	AAAAAAAAAAAAAAAA
A	dW5pdC1iYXR0bGVzaGlw	AAAAAAAAAAAAAAAA
A	dW5pdC1iZWFzdC1jcnk	FFFFFFFFFFFFFFFF
A	dW5pdC1iZXJzZXJrZXI	AAAAAAAAAAAAAAAA
A	dW5pdC1jYXN0bGU	AAAAAAAAAAAAAAAA
A	dW5pdC1jYXRhcHVsdA	AAAAAAAAAAAAAAAA
A	dW5pdC1jaHVyY2g	AAAAAAAAAAAAAAAA
A	dW5pdC1jaXJjbGUtb2YtcG93ZXI	FFFFFFFFFFFFFFFF
A	dW5pdC1jcml0dGVy	FFFFFFFFFFFFFFFF
A	dW5pdC1kYWVtb24	FFFFFFFFFFFFFFFF
A	dW5pdC1kYXJrLXBvcnRhbA	FFFFFFFFFFFFFFFF
A	dW5pdC1kZWFkLXNlYS1ib2R5	FFFFFFFFFFFFFFFF
A	dW5pdC1kZWF0aC1rbmlnaHQ	AAAAAAAAAAAAAAAA
A	dW5pdC1kZXN0cm95ZWQtMXgxLXBsYWNl	FFFFFFFFFFFFFFFF
A	dW5pdC1kZXN0cm95ZWQtMngyLXBsYWNl	FFFFFFFFFFFFFFFF
A	dW5pdC1kZXN0cm95ZWQtM3gzLXBsYWNl	FFFFFFFFFFFFFFFF
A	dW5pdC1kZXN0cm95ZWQtM3gzLXBsYWNlLXdhdGVy	FFFFFFFFFFFFFFFF
A	dW5pdC1kZXN0cm95ZWQtNHg0LXBsYWNl	FFFFFFFFFFFFFFFF
A	dW5pdC1kb3VibGUtaGVhZA	FFFFFFFFFFFFFFFF
A	dW5pdC1kcmFnb24	AAAAAAAAAAAAAAAA
A	dW5pdC1kcmFnb24tcm9vc3Q	AAAAAAAAAAAAAAAA
A	dW5pdC1kd2FydmVz	AAAAAAAAAAAAAAAA
A	dW5pdC1lbHZlbi1sdW1iZXItbWlsbA	AAAAAAAAAAAAAAAA
A	dW5pdC1ldmlsLWtuaWdodA	FFFFFFFFFFFFFFFF
A	dW5pdC1leWUtb2YtdmlzaW9u	FFFFFFFFFFFFFFFF
A	dW5pdC1mYWQtbWFu	FFFFFFFFFFFFFFFF
A	dW5pdC1mYXJt	AAAAAAAAAAAAAAAA
A	dW5pdC1mZW1hbGUtaGVybw	FFFFFFFFFFFFFFFF
A	dW5pdC1maXJlLWJyZWV6ZQ	FFFFFFFFFFFFFFFF
A	dW5pdC1mbHlpbmctYW5nZWw	FFFFFFFFFFFFFFFF
A	dW5pdC1mb290bWFu	AAAAAAAAAAAAAAAA
A	dW5pdC1mb3J0cmVzcw	AAAAAAAAAAAAAAAA
A	dW5pdC1nb2JsaW4tc2FwcGVycw	AAAAAAAAAAAAAAAA
A	dW5pdC1nb2xkLW1pbmU	FFFFFFFFFFFFFFFF
A	dW5pdC1ncmVhdC1oYWxs	AAAAAAAAAAAAAAAA
A	dW5pdC1ncnVudA	AAAAAAAAAAAAAAAA
A	dW5pdC1ncnlwaG9uLWF2aWFyeQ	AAAAAAAAAAAAAAAA
A	dW5pdC1ncnlwaG9uLXJpZGVy	AAAAAAAAAAAAAAAA
A	dW5pdC1odW1hbi1iYXJyYWNrcw	AAAAAAAAAAAAAAAA
A	dW5pdC1odW1hbi1ibGFja3NtaXRo	AAAAAAAAAAAAAAAA
A	dW5pdC1odW1hbi1jYW5ub24tdG93ZXI	AAAAAAAAAAAAAAAA
A	dW5pdC1odW1hbi1kZWFkLWJvZHk	FFFFFFFFFFFFFFFF
A	dW5pdC1odW1hbi1kZXN0cm95ZXI	AAAAAAAAAAAAAAAA
A	dW5pdC1odW1hbi1mb3VuZHJ5	AAAAAAAAAAAAAAAA
A	dW5pdC1odW1hbi1ndWFyZC10b3dlcg	AAAAAAAAAAAAAAAA
A	dW5pdC1odW1hbi1vaWwtcGxhdGZvcm0	AAAAAAAAAAAAAAAA
A	dW5pdC1odW1hbi1vaWwtdGFua2Vy	AAAAAAAAAAAAAAAA
A	dW5pdC1odW1hbi1yZWZpbmVyeQ	AAAAAAAAAAAAAAAA
A	dW5pdC1odW1hbi1zaGlweWFyZA	AAAAAAAAAAAAAAAA
A	dW5pdC1odW1hbi1zdGFydC1sb2NhdGlvbg	FFFFFFFFFFFFFFFF
A	dW5pdC1odW1hbi1zdWJtYXJpbmU	AAAAAAAAAAAAAAAA
A	dW5pdC1odW1hbi10cmFuc3BvcnQ	AAAAAAAAAAAAAAAA
A	dW5pdC1odW1hbi13YWxs	AAAAAAAAAAAAAAAA
A	dW5pdC1odW1hbi13YXRjaC10b3dlcg	AAAAAAAAAAAAAAAA
A	dW5pdC1pY2UtYnJpbmdlcg	FFFFFFFFFFFFFFFF
A	dW5pdC1pbnZlbnRvcg	AAAAAAAAAAAAAAAA
A	dW5pdC1rZWVw	AAAAAAAAAAAAAAAA
A	dW5pdC1rbmlnaHQ	AAAAAAAAAAAAAAAA
A	dW5pdC1rbmlnaHQtcmlkZXI	FFFFFFFFFFFFFFFF
A	dW5pdC1tYWdl	AAAAAAAAAAAAAAAA
A	dW5pdC1tYWdlLXRvd2Vy	AAAAAAAAAAAAAAAA
A	dW5pdC1tYW4tb2YtbGlnaHQ	FFFFFFFFFFFFFFFF
A	dW5pdC1vZ3Jl	AAAAAAAAAAAAAAAA
A	dW5pdC1vZ3JlLWp1Z2dlcm5hdWdodA	AAAAAAAAAAAAAAAA
A	dW5pdC1vZ3JlLW1hZ2U	AAAAAAAAAAAAAAAA
A	dW5pdC1vZ3JlLW1vdW5k	AAAAAAAAAAAAAAAA
A	dW5pdC1vaWwtcGF0Y2g	FFFFFFFFFFFFFFFF
A	dW5pdC1vcmMtYmFycmFja3M	AAAAAAAAAAAAAAAA
A	dW5pdC1vcmMtYmxhY2tzbWl0aA	AAAAAAAAAAAAAAAA
A	dW5pdC1vcmMtY2Fubm9uLXRvd2Vy	AAAAAAAAAAAAAAAA
A	dW5pdC1vcmMtZGVhZC1ib2R5	FFFFFFFFFFFFFFFF
A	dW5pdC1vcmMtZGVzdHJveWVy	AAAAAAAAAAAAAAAA
A	dW5pdC1vcmMtZm91bmRyeQ	AAAAAAAAAAAAAAAA
A	dW5pdC1vcmMtZ3VhcmQtdG93ZXI	AAAAAAAAAAAAAAAA
A	dW5pdC1vcmMtb2lsLXBsYXRmb3Jt	AAAAAAAAAAAAAAAA
A	dW5pdC1vcmMtb2lsLXRhbmtlcg	AAAAAAAAAAAAAAAA
A	dW5pdC1vcmMtcmVmaW5lcnk	AAAAAAAAAAAAAAAA
A	dW5pdC1vcmMtc2hpcHlhcmQ	AAAAAAAAAAAAAAAA
A	dW5pdC1vcmMtc3RhcnQtbG9jYXRpb24	FFFFFFFFFFFFFFFF
A	dW5pdC1vcmMtc3VibWFyaW5l	AAAAAAAAAAAAAAAA
A	dW5pdC1vcmMtdHJhbnNwb3J0	AAAAAAAAAAAAAAAA
A	dW5pdC1vcmMtd2FsbA	AAAAAAAAAAAAAAAA
A	dW5pdC1vcmMtd2F0Y2gtdG93ZXI	AAAAAAAAAAAAAAAA
A	dW5pdC1wYWxhZGlu	AAAAAAAAAAAAAAAA
A	dW5pdC1wZWFzYW50	AAAAAAAAAAAAAAAA
A	dW5pdC1wZW9u	AAAAAAAAAAAAAAAA
A	dW5pdC1waWctZmFybQ	AAAAAAAAAAAAAAAA
A	dW5pdC1xdWljay1ibGFkZQ	FFFFFFFFFFFFFFFF
A	dW5pdC1yYW5nZXI	AAAAAAAAAAAAAAAA
A	dW5pdC1ydW5lc3RvbmU	FFFFFFFFFFFFFFFF
A	dW5pdC1zaGFycC1heGU	FFFFFFFFFFFFFFFF
A	dW5pdC1za2VsZXRvbg	FFFFFFFFFFFFFFFF
A	dW5pdC1zdGFibGVz	AAAAAAAAAAAAAAAA
A	dW5pdC1zdHJvbmdob2xk	AAAAAAAAAAAAAAAA
A	dW5pdC10ZW1wbGUtb2YtdGhlLWRhbW5lZA	AAAAAAAAAAAAAAAA
A	dW5pdC10b3duLWhhbGw	AAAAAAAAAAAAAAAA
A	dW5pdC10cm9sbC1sdW1iZXItbWlsbA	AAAAAAAAAAAAAAAA
A	dW5pdC13aGl0ZS1tYWdl	FFFFFFFFFFFFFFFF
A	dW5pdC13aXNlLW1hbg	FFFFFFFFFFFFFFFF
A	dW5pdC16ZXBwZWxpbg	AAAAAAAAAAAAAAAA
A	dXBncmFkZS1hcnJvdzE	AAAAAAAAAAAAAAAA
A	dXBncmFkZS1hcnJvdzI	AAAAAAAAAAAAAAAA
A	dXBncmFkZS1iYWxsaXN0YTE	AAAAAAAAAAAAAAAA
A	dXBncmFkZS1iYWxsaXN0YTI	AAAAAAAAAAAAAAAA
A	dXBncmFkZS1iYXR0bGUtYXhlMQ	AAAAAAAAAAAAAAAA
A	dXBncmFkZS1iYXR0bGUtYXhlMg	AAAAAAAAAAAAAAAA
A	dXBncmFkZS1iZXJzZXJrZXI	AAAAAAAAAAAAAAAA
A	dXBncmFkZS1iZXJzZXJrZXItcmVnZW5lcmF0aW9u	AAAAAAAAAAAAAAAA
A	dXBncmFkZS1iZXJzZXJrZXItc2NvdXRpbmc	AAAAAAAAAAAAAAAA
A	dXBncmFkZS1ibGl6emFyZA	AAAAAAAAAAAAAAAA
A	dXBncmFkZS1ibG9vZGx1c3Q	AAAAAAAAAAAAAAAA
A	dXBncmFkZS1ibG9vZGx1c3QtZG91YmxlLWhlYWQ	RRRRRRRRRRRRRRRR
A	dXBncmFkZS1jYXRhcHVsdDE	AAAAAAAAAAAAAAAA
A	dXBncmFkZS1jYXRhcHVsdDI	AAAAAAAAAAAAAAAA
A	dXBncmFkZS1kZWF0aC1hbmQtZGVjYXk	AAAAAAAAAAAAAAAA
A	dXBncmFkZS1kZWF0aC1jb2ls	AAAAAAAAAAAAAAAA
A	dXBncmFkZS1leG9yY2lzbQ	AAAAAAAAAAAAAAAA
A	dXBncmFkZS1leWUtb2Yta2lscm9nZw	AAAAAAAAAAAAAAAA
A	dXBncmFkZS1leWUtb2Yta2lscm9nZy1kb3VibGUtaGVhZA	RRRRRRRRRRRRRRRR
A	dXBncmFkZS1maXJlYmFsbA	AAAAAAAAAAAAAAAA
A	dXBncmFkZS1mbGFtZS1zaGllbGQ	AAAAAAAAAAAAAAAA
A	dXBncmFkZS1oYXN0ZQ	AAAAAAAAAAAAAAAA
A	dXBncmFkZS1oZWFsaW5n	AAAAAAAAAAAAAAAA
A	dXBncmFkZS1ob2x5LXZpc2lvbg	AAAAAAAAAAAAAAAA
A	dXBncmFkZS1odW1hbi1zaGllbGQx	AAAAAAAAAAAAAAAA
A	dXBncmFkZS1odW1hbi1zaGllbGQy	AAAAAAAAAAAAAAAA
A	dXBncmFkZS1odW1hbi1zaGlwLWFybW9yMQ	AAAAAAAAAAAAAAAA
A	dXBncmFkZS1odW1hbi1zaGlwLWFybW9yMg	AAAAAAAAAAAAAAAA
A	dXBncmFkZS1odW1hbi1zaGlwLWNhbm5vbjE	AAAAAAAAAAAAAAAA
A	dXBncmFkZS1odW1hbi1zaGlwLWNhbm5vbjI	AAAAAAAAAAAAAAAA
A	dXBncmFkZS1pbnZpc2liaWxpdHk	AAAAAAAAAAAAAAAA
A	dXBncmFkZS1saWdodC1heGVz	AAAAAAAAAAAAAAAA
A	dXBncmFkZS1sb25nYm93	AAAAAAAAAAAAAAAA
A	dXBncmFkZS1vZ3JlLW1hZ2U	AAAAAAAAAAAAAAAA
A	dXBncmFkZS1vcmMtc2hpZWxkMQ	AAAAAAAAAAAAAAAA
A	dXBncmFkZS1vcmMtc2hpZWxkMg	AAAAAAAAAAAAAAAA
A	dXBncmFkZS1vcmMtc2hpcC1hcm1vcjE	AAAAAAAAAAAAAAAA
A	dXBncmFkZS1vcmMtc2hpcC1hcm1vcjI	AAAAAAAAAAAAAAAA
A	dXBncmFkZS1vcmMtc2hpcC1jYW5ub24x	AAAAAAAAAAAAAAAA
A	dXBncmFkZS1vcmMtc2hpcC1jYW5ub24y	AAAAAAAAAAAAAAAA
A	dXBncmFkZS1wYWxhZGlu	AAAAAAAAAAAAAAAA
A	dXBncmFkZS1wb2x5bW9ycGg	AAAAAAAAAAAAAAAA
A	dXBncmFkZS1yYWlzZS1kZWFk	AAAAAAAAAAAAAAAA
A	dXBncmFkZS1yYW5nZXI	AAAAAAAAAAAAAAAA
A	dXBncmFkZS1yYW5nZXItbWFya3NtYW5zaGlw	AAAAAAAAAAAAAAAA
A	dXBncmFkZS1yYW5nZXItc2NvdXRpbmc	AAAAAAAAAAAAAAAA
A	dXBncmFkZS1ydW5lcw	AAAAAAAAAAAAAAAA
A	dXBncmFkZS1ydW5lcy1kb3VibGUtaGVhZA	RRRRRRRRRRRRRRRR
A	dXBncmFkZS1zbG93	AAAAAAAAAAAAAAAA
A	dXBncmFkZS1zd29yZDE	AAAAAAAAAAAAAAAA
A	dXBncmFkZS1zd29yZDI	AAAAAAAAAAAAAAAA
A	dXBncmFkZS10aHJvd2luZy1heGUx	AAAAAAAAAAAAAAAA
A	dXBncmFkZS10aHJvd2luZy1heGUy	AAAAAAAAAAAAAAAA
A	dXBncmFkZS11bmhvbHktYXJtb3I	AAAAAAAAAAAAAAAA
A	dXBncmFkZS13aGlybHdpbmQ	AAAAAAAAAAAAAAAA
I	1	b3JjLTE0LWJsdWU	MAP
I	2	b3JjLTE0LWdyZWVu	MAP
I	6	b3JjLTE0LXdoaXRl	MAP
T	VEhJUyBPUFBPTkVOVFMgTjAgRVE	VklDVE9SWQ
T	VEhJUyBUT1RBTCBOMCBFUQ	REVGRUFU
E
M	Y2FtcGFpZ25zL2h1bWFuLWV4cC9sZXZlbHgwMWg	Li4vY2FtcGFpZ25zL2h1bWFuL2ludGVyZmFjZS9pbnRyb3NjcmVlbjEucG5n	2	Y2FtcGFpZ25zL2h1bWFuLWV4cC9sZXZlbHgwMWgtaW50cm8xLndhdg	Y2FtcGFpZ25zL2h1bWFuLWV4cC9sZXZlbHgwMWgtaW50cm8yLndhdg
A	dW5pdC1hbGNoZW1pc3Q	FFFFFFFFFFFFFFFF
A	dW5pdC1hbHRhci1vZi1zdG9ybXM	FFFFFFFFFFFFFFFF
A	dW5pdC1hcmNoZXI	FFFFFFFFFFFFFFFF
A	dW5pdC1hcnRob3ItbGl0ZXJpb3M	FFFFFFFFFFFFFFFF
A	dW5pdC1heGV0aHJvd2Vy	FFFFFFFFFFFFFFFF
A	dW5pdC1iYWxsaXN0YQ	FFFFFFFFFFFFFFFF
A	dW5pdC1iYWxsb29u	FFFFFFFFFFFFFFFF
A	dW5pdC1iYXR0bGVzaGlw	FFFFFFFFFFFFFFFF
A	dW5pdC1iZWFzdC1jcnk	FFFFFFFFFFFFFFFF
A	dW5pdC1iZXJzZXJrZXI	FFFFFFFFFFFFFFFF
A	dW5pdC1jYXN0bGU	FFFFFFFFFFFFFFFF
A	dW5pdC1jYXRhcHVsdA	FFFFFFFFFFFFFFFF
A	dW5pdC1jaHVyY2g	FFFFFFFFFFFFFFFF
A	dW5pdC1jaXJjbGUtb2YtcG93ZXI	FFFFFFFFFFFFFFFF
A	dW5pdC1jcml0dGVy	FFFFFFFFFFFFFFFF
A	dW5pdC1kYWVtb24	FFFFFFFFFFFFFFFF
A	dW5pdC1kYXJrLXBvcnRhbA	FFFFFFFFFFFFFFFF
A	dW5pdC1kZWFkLXNlYS1ib2R5	FFFFFFFFFFFFFFFF
A	dW5pdC1kZWF0aC1rbmlnaHQ	FFFFFFFFFFFFFFFF
A	dW5pdC1kZXN0cm95ZWQtMXgxLXBsYWNl	FFFFFFFFFFFFFFFF
A	dW5pdC1kZXN0cm95ZWQtMngyLXBsYWNl	FFFFFFFFFFFFFFFF
A	dW5pdC1kZXN0cm95ZWQtM3gzLXBsYWNl	FFFFFFFFFFFFFFFF
A	dW5pdC1kZXN0cm95ZWQtM3gzLXBsYWNlLXdhdGVy	FFFFFFFFFFFFFFFF
A	dW5pdC1kZXN0cm95ZWQtNHg0LXBsYWNl	FFFFFFFFFFFFFFFF
A	dW5pdC1kb3VibGUtaGVhZA	FFFFFFFFFFFFFFFF
A	dW5pdC1kcmFnb24	FFFFFFFFFFFFFFFF
A	dW5pdC1kcmFnb24tcm9vc3Q	FFFFFFFFFFFFFFFF
A	dW5pdC1kd2FydmVz	FFFFFFFFFFFFFFFF
A	dW5pdC1lbHZlbi1sdW1iZXItbWlsbA	FFFFFFFFFFFFFFFF
A	dW5pdC1ldmlsLWtuaWdodA	FFFFFFFFFFFFFFFF
A	dW5pdC1leWUtb2YtdmlzaW9u	FFFFFFFFFFFFFFFF
A	dW5pdC1mYWQtbWFu	FFFFFFFFFFFFFFFF
A	dW5pdC1mYXJt	FFFFFFFFFFFFFFFF
A	dW5pdC1mZW1hbGUtaGVybw	FFFFFFFFFFFFFFFF
A	dW5pdC1maXJlLWJyZWV6ZQ	FFFFFFFFFFFFFFFF
A	dW5pdC1mbHlpbmctYW5nZWw	FFFFFFFFFFFFFFFF
A	dW5pdC1mb290bWFu	FFFFFFFFFFFFFFFF
A	dW5pdC1mb3J0cmVzcw	FFFFFFFFFFFFFFFF
A	dW5pdC1nb2JsaW4tc2FwcGVycw	FFFFFFFFFFFFFFFF
A	dW5pdC1nb2xkLW1pbmU	FFFFFFFFFFFFFFFF
A	dW5pdC1ncmVhdC1oYWxs	FFFFFFFFFFFFFFFF
A	dW5pdC1ncnVudA	FFFFFFFFFFFFFFFF
A	dW5pdC1ncnlwaG9uLWF2aWFyeQ	FFFFFFFFFFFFFFFF
A	dW5pdC1ncnlwaG9uLXJpZGVy	FFFFFFFFFFFFFFFF
A	dW5pdC1odW1hbi1iYXJyYWNrcw	FFFFFFFFFFFFFFFF
A	dW5pdC1odW1hbi1ibGFja3NtaXRo	FFFFFFFFFFFFFFFF
A	dW5pdC1odW1hbi1jYW5ub24tdG93ZXI	FFFFFFFFFFFFFFFF
A	dW5pdC1odW1hbi1kZWFkLWJvZHk	FFFFFFFFFFFFFFFF
A	dW5pdC1odW1hbi1kZXN0cm95ZXI	FFFFFFFFFFFFFFFF
A	dW5pdC1odW1hbi1mb3VuZHJ5	FFFFFFFFFFFFFFFF
A	dW5pdC1odW1hbi1ndWFyZC10b3dlcg	FFFFFFFFFFFFFFFF
A	dW5pdC1odW1hbi1vaWwtcGxhdGZvcm0	FFFFFFFFFFFFFFFF
A	dW5pdC1odW1hbi1vaWwtdGFua2Vy	FFFFFFFFFFFFFFFF
A	dW5pdC1odW1hbi1yZWZpbmVyeQ	FFFFFFFFFFFFFFFF
A	dW5pdC1odW1hbi1zaGlweWFyZA	FFFFFFFFFFFFFFFF
A	dW5pdC1odW1hbi1zdGFydC1sb2NhdGlvbg	FFFFFFFFFFFFFFFF
A	dW5pdC1odW1hbi1zdWJtYXJpbmU	FFFFFFFFFFFFFFFF
A	dW5pdC1odW1hbi10cmFuc3BvcnQ	AAAAAAAAAAAAAAAA
A	dW5pdC1odW1hbi13YWxs	AAAAAAAAAAAAAAAA
A	dW5pdC1odW1hbi13YXRjaC10b3dlcg	FFFFFFFFFFFFFFFF
A	dW5pdC1pY2UtYnJpbmdlcg	FFFFFFFFFFFFFFFF
A	dW5pdC1pbnZlbnRvcg	FFFFFFFFFFFFFFFF
A	dW5pdC1rZWVw	FFFFFFFFFFFFFFFF
A	dW5pdC1rbmlnaHQ	FFFFFFFFFFFFFFFF
A	dW5pdC1rbmlnaHQtcmlkZXI	FFFFFFFFFFFFFFFF
A	dW5pdC1tYWdl	FFFFFFFFFFFFFFFF
A	dW5pdC1tYWdlLXRvd2Vy	FFFFFFFFFFFFFFFF
A	dW5pdC1tYW4tb2YtbGlnaHQ	FFFFFFFFFFFFFFFF
A	dW5pdC1vZ3Jl	FFFFFFFFFFFFFFFF
A	dW5pdC1vZ3JlLWp1Z2dlcm5hdWdodA	FFFFFFFFFFFFFFFF
A	dW5pdC1vZ3JlLW1hZ2U	FFFFFFFFFFFFFFFF
A	dW5pdC1vZ3JlLW1vdW5k	FFFFFFFFFFFFFFFF
A	dW5pdC1vaWwtcGF0Y2g	FFFFFFFFFFFFFFFF
A	dW5pdC1vcmMtYmFycmFja3M	FFFFFFFFFFFFFFFF
A	dW5pdC1vcmMtYmxhY2tzbWl0aA	FFFFFFFFFFFFFFFF
A	dW5pdC1vcmMtY2Fubm9uLXRvd2Vy	FFFFFFFFFFFFFFFF
A	dW5pdC1vcmMtZGVhZC1ib2R5	FFFFFFFFFFFFFFFF
A	dW5pdC1vcmMtZGVzdHJveWVy	FFFFFFFFFFFFFFFF
A	dW5pdC1vcmMtZm91bmRyeQ	FFFFFFFFFFFFFFFF
A	dW5pdC1vcmMtZ3VhcmQtdG93ZXI	FFFFFFFFFFFFFFFF
A	dW5pdC1vcmMtb2lsLXBsYXRmb3Jt	FFFFFFFFFFFFFFFF
A	dW5pdC1vcmMtb2lsLXRhbmtlcg	FFFFFFFFFFFFFFFF
A	dW5pdC1vcmMtcmVmaW5lcnk	FFFFFFFFFFFFFFFF
A	dW5pdC1vcmMtc2hpcHlhcmQ	FFFFFFFFFFFFFFFF
A	dW5pdC1vcmMtc3RhcnQtbG9jYXRpb24	FFFFFFFFFFFFFFFF
A	dW5pdC1vcmMtc3VibWFyaW5l	FFFFFFFFFFFFFFFF
A	dW5pdC1vcmMtdHJhbnNwb3J0	FFFFFFFFFFFFFFFF
A	dW5pdC1vcmMtd2FsbA	AAAAAAAAAAAAAAAA
A	dW5pdC1vcmMtd2F0Y2gtdG93ZXI	FFFFFFFFFFFFFFFF
A	dW5pdC1wYWxhZGlu	FFFFFFFFFFFFFFFF
A	dW5pdC1wZWFzYW50	FFFFFFFFFFFFFFFF
A	dW5pdC1wZW9u	FFFFFFFFFFFFFFFF
A	dW5pdC1waWctZmFybQ	FFFFFFFFFFFFFFFF
A	dW5pdC1xdWljay1ibGFkZQ	FFFFFFFFFFFFFFFF
A	dW5pdC1yYW5nZXI	FFFFFFFFFFFFFFFF
A	dW5pdC1ydW5lc3RvbmU	FFFFFFFFFFFFFFFF
A	dW5pdC1zaGFycC1heGU	FFFFFFFFFFFFFFFF
A	dW5pdC1za2VsZXRvbg	FFFFFFFFFFFFFFFF
A	dW5pdC1zdGFibGVz	FFFFFFFFFFFFFFFF
A	dW5pdC1zdHJvbmdob2xk	FFFFFFFFFFFFFFFF
A	dW5pdC10ZW1wbGUtb2YtdGhlLWRhbW5lZA	FFFFFFFFFFFFFFFF
A	dW5pdC10b3duLWhhbGw	FFFFFFFFFFFFFFFF
A	dW5pdC10cm9sbC1sdW1iZXItbWlsbA	FFFFFFFFFFFFFFFF
A	dW5pdC13aGl0ZS1tYWdl	FFFFFFFFFFFFFFFF
A	dW5pdC13aXNlLW1hbg	FFFFFFFFFFFFFFFF
A	dW5pdC16ZXBwZWxpbg	FFFFFFFFFFFFFFFF
A	dXBncmFkZS1hcnJvdzE	AAAAAAAAAAAAAAAA
A	dXBncmFkZS1hcnJvdzI	AAAAAAAAAAAAAAAA
A	dXBncmFkZS1iYWxsaXN0YTE	FFFFFFFFFFFFFFFF
A	dXBncmFkZS1iYWxsaXN0YTI	FFFFFFFFFFFFFFFF
A	dXBncmFkZS1iYXR0bGUtYXhlMQ	FFFFFFFFFFFFFFFF
A	dXBncmFkZS1iYXR0bGUtYXhlMg	FFFFFFFFFFFFFFFF
A	dXBncmFkZS1iZXJzZXJrZXI	FFFFFFFFFFFFFFFF
A	dXBncmFkZS1iZXJzZXJrZXItcmVnZW5lcmF0aW9u	FFFFFFFFFFFFFFFF
A	dXBncmFkZS1iZXJzZXJrZXItc2NvdXRpbmc	FFFFFFFFFFFFFFFF
A	dXBncmFkZS1ibGl6emFyZA	FFFFFFFFFFFFFFFF
A	dXBncmFkZS1ibG9vZGx1c3Q	FFFFFFFFFFFFFFFF
A	dXBncmFkZS1ibG9vZGx1c3QtZG91YmxlLWhlYWQ	RRRRRRRRRRRRRRRR
A	dXBncmFkZS1jYXRhcHVsdDE	FFFFFFFFFFFFFFFF
A	dXBncmFkZS1jYXRhcHVsdDI	FFFFFFFFFFFFFFFF
A	dXBncmFkZS1kZWF0aC1hbmQtZGVjYXk	FFFFFFFFFFFFFFFF
A	dXBncmFkZS1kZWF0aC1jb2ls	RRRRRRRRRRRRRRRR
A	dXBncmFkZS1leG9yY2lzbQ	RRRRRRRRRRRRRRRR
A	dXBncmFkZS1leWUtb2Yta2lscm9nZw	RRRRRRRRRRRRRRRR
A	dXBncmFkZS1leWUtb2Yta2lscm9nZy1kb3VibGUtaGVhZA	RRRRRRRRRRRRRRRR
A	dXBncmFkZS1maXJlYmFsbA	RRRRRRRRRRRRRRRR
A	dXBncmFkZS1mbGFtZS1zaGllbGQ	FFFFFFFFFFFFFFFF
A	dXBncmFkZS1oYXN0ZQ	FFFFFFFFFFFFFFFF
A	dXBncmFkZS1oZWFsaW5n	RRRRRRRRRRRRRRRR
A	dXBncmFkZS1ob2x5LXZpc2lvbg	RRRRRRRRRRRRRRRR
A	dXBncmFkZS1odW1hbi1zaGllbGQx	FFFFFFFFFFFFFFFF
A	dXBncmFkZS1odW1hbi1zaGllbGQy	FFFFFFFFFFFFFFFF
A	dXBncmFkZS1odW1hbi1zaGlwLWFybW9yMQ	AAAAAAAAAAAAAAAA
A	dXBncmFkZS1odW1hbi1zaGlwLWFybW9yMg	AAAAAAAAAAAAAAAA
A	dXBncmFkZS1odW1hbi1zaGlwLWNhbm5vbjE	AAAAAAAAAAAAAAAA
A	dXBncmFkZS1odW1hbi1zaGlwLWNhbm5vbjI	AAAAAAAAAAAAAAAA
A	dXBncmFkZS1pbnZpc2liaWxpdHk	FFFFFFFFFFFFFFFF
A	dXBncmFkZS1saWdodC1heGVz	FFFFFFFFFFFFFFFF
A	dXBncmFkZS1sb25nYm93	FFFFFFFFFFFFFFFF
A	dXBncmFkZS1vZ3JlLW1hZ2U	FFFFFFFFFFFFFFFF
A	dXBncmFkZS1vcmMtc2hpZWxkMQ	FFFFFFFFFFFFFFFF
A	dXBncmFkZS1vcmMtc2hpZWxkMg	FFFFFFFFFFFFFFFF
A	dXBncmFkZS1vcmMtc2hpcC1hcm1vcjE	FFFFFFFFFFFFFFFF
A	dXBncmFkZS1vcmMtc2hpcC1hcm1vcjI	FFFFFFFFFFFFFFFF
A	dXBncmFkZS1vcmMtc2hpcC1jYW5ub24x	FFFFFFFFFFFFFFFF
A	dXBncmFkZS1vcmMtc2hpcC1jYW5ub24y	FFFFFFFFFFFFFFFF
A	dXBncmFkZS1wYWxhZGlu	AAAAAAAAAAAAAAAA
A	dXBncmFkZS1wb2x5bW9ycGg	FFFFFFFFFFFFFFFF
A	dXBncmFkZS1yYWlzZS1kZWFk	FFFFFFFFFFFFFFFF
A	dXBncmFkZS1yYW5nZXI	FFFFFFFFFFFFFFFF
A	dXBncmFkZS1yYW5nZXItbWFya3NtYW5zaGlw	FFFFFFFFFFFFFFFF
A	dXBncmFkZS1yYW5nZXItc2NvdXRpbmc	FFFFFFFFFFFFFFFF
A	dXBncmFkZS1ydW5lcw	FFFFFFFFFFFFFFFF
A	dXBncmFkZS1ydW5lcy1kb3VibGUtaGVhZA	RRRRRRRRRRRRRRRR
A	dXBncmFkZS1zbG93	FFFFFFFFFFFFFFFF
A	dXBncmFkZS1zd29yZDE	FFFFFFFFFFFFFFFF
A	dXBncmFkZS1zd29yZDI	FFFFFFFFFFFFFFFF
A	dXBncmFkZS10aHJvd2luZy1heGUx	FFFFFFFFFFFFFFFF
A	dXBncmFkZS10aHJvd2luZy1heGUy	FFFFFFFFFFFFFFFF
A	dXBncmFkZS11bmhvbHktYXJtb3I	FFFFFFFFFFFFFFFF
A	dXBncmFkZS13aGlybHdpbmQ	FFFFFFFFFFFFFFFF
I	4	d2MyLXBhc3NpdmU	MAP
T	UWRHaHBjdyBRUFQwIE4xIFFkVzVwZEMxbVpXMWhiR1V0YUdWeWJ3IFFkVzVwZEMxamFYSmpiR1V0YjJZdGNHOTNaWEkgUkVTQ1VFRF9ORUFSIFFkR2hwY3cgUVBUMCBOMSBRZFc1cGRDMWhjblJvYjNJdGJHbDBaWEpwYjNNIFFkVzVwZEMxamFYSmpiR1V0YjJZdGNHOTNaWEkgUkVTQ1VFRF9ORUFSIEFORCBRZEdocGN3IFFQVDAgTjEgUWRXNXBkQzFyYm1sbmFIUXRjbWxrWlhJIFFkVzVwZEMxamFYSmpiR1V0YjJZdGNHOTNaWEkgUkVTQ1VFRF9ORUFSIEFORA	VklDVE9SWQ
T	VEhJUyBRZFc1cGRDMW1aVzFoYkdVdGFHVnlidyBVTklUX0NPVU5UIE4wIEVRIE4wIFFkVzVwZEMxbVpXMWhiR1V0YUdWeWJ3IFVOSVRfQ09VTlQgTjAgRVEgQU5E	REVGRUFU
T	VEhJUyBRZFc1cGRDMWhjblJvYjNJdGJHbDBaWEpwYjNNIFVOSVRfQ09VTlQgTjAgRVEgTjAgUWRXNXBkQzFoY25Sb2IzSXRiR2wwWlhKcGIzTSBVTklUX0NPVU5UIE4wIEVRIEFORA	REVGRUFU
T	VEhJUyBRZFc1cGRDMXJibWxuYUhRdGNtbGtaWEkgVU5JVF9DT1VOVCBOMCBFUSBOMCBRZFc1cGRDMXJibWxuYUhRdGNtbGtaWEkgVU5JVF9DT1VOVCBOMCBFUSBBTkQ	REVGRUFU
E
M	Y2FtcGFpZ25zL2h1bWFuLWV4cC9sZXZlbHgwMmg	Li4vY2FtcGFpZ25zL2h1bWFuL2ludGVyZmFjZS9pbnRyb3NjcmVlbjEucG5n	2	Y2FtcGFpZ25zL2h1bWFuLWV4cC9sZXZlbHgwMmgtaW50cm8xLndhdg	Y2FtcGFpZ25zL2h1bWFuLWV4cC9sZXZlbHgwMmgtaW50cm8yLndhdg
A	dW5pdC1hbGNoZW1pc3Q	AAAAAAAAAAAAAAAA
A	dW5pdC1hbHRhci1vZi1zdG9ybXM	AAAAAAAAAAAAAAAA
A	dW5pdC1hcmNoZXI	AAAAAAAAAAAAAAAA
A	dW5pdC1hcnRob3ItbGl0ZXJpb3M	FFFFFFFFFFFFFFFF
A	dW5pdC1heGV0aHJvd2Vy	AAAAAAAAAAAAAAAA
A	dW5pdC1iYWxsaXN0YQ	AAAAAAAAAAAAAAAA
A	dW5pdC1iYWxsb29u	AAAAAAAAAAAAAAAA
A	dW5pdC1iYXR0bGVzaGlw	AAAAAAAAAAAAAAAA
A	dW5pdC1iZWFzdC1jcnk	FFFFFFFFFFFFFFFF
A	dW5pdC1iZXJzZXJrZXI	AAAAAAAAAAAAAAAA
A	dW5pdC1jYXN0bGU	AAAAAAAAAAAAAAAA
A	dW5pdC1jYXRhcHVsdA	AAAAAAAAAAAAAAAA
A	dW5pdC1jaHVyY2g	AAAAAAAAAAAAAAAA
A	dW5pdC1jaXJjbGUtb2YtcG93ZXI	FFFFFFFFFFFFFFFF
A	dW5pdC1jcml0dGVy	FFFFFFFFFFFFFFFF
A	dW5pdC1kYWVtb24	FFFFFFFFFFFFFFFF
A	dW5pdC1kYXJrLXBvcnRhbA	FFFFFFFFFFFFFFFF
A	dW5pdC1kZWFkLXNlYS1ib2R5	FFFFFFFFFFFFFFFF
A	dW5pdC1kZWF0aC1rbmlnaHQ	AAAAAAAAAAAAAAAA
A	dW5pdC1kZXN0cm95ZWQtMXgxLXBsYWNl	FFFFFFFFFFFFFFFF
A	dW5pdC1kZXN0cm95ZWQtMngyLXBsYWNl	FFFFFFFFFFFFFFFF
A	dW5pdC1kZXN0cm95ZWQtM3gzLXBsYWNl	FFFFFFFFFFFFFFFF
A	dW5pdC1kZXN0cm95ZWQtM3gzLXBsYWNlLXdhdGVy	FFFFFFFFFFFFFFFF
A	dW5pdC1kZXN0cm95ZWQtNHg0LXBsYWNl	FFFFFFFFFFFFFFFF
A	dW5pdC1kb3VibGUtaGVhZA	FFFFFFFFFFFFFFFF
A	dW5pdC1kcmFnb24	AAAAAAAAAAAAAAAA
A	dW5pdC1kcmFnb24tcm9vc3Q	AAAAAAAAAAAAAAAA
A	dW5pdC1kd2FydmVz	AAAAAAAAAAAAAAAA
A	dW5pdC1lbHZlbi1sdW1iZXItbWlsbA	AAAAAAAAAAAAAAAA
A	dW5pdC1ldmlsLWtuaWdodA	FFFFFFFFFFFFFFFF
A	dW5pdC1leWUtb2YtdmlzaW9u	FFFFFFFFFFFFFFFF
A	dW5pdC1mYWQtbWFu	FFFFFFFFFFFFFFFF
A	dW5pdC1mYXJt	AAAAAAAAAAAAAAAA
A	dW5pdC1mZW1hbGUtaGVybw	FFFFFFFFFFFFFFFF
A	dW5pdC1maXJlLWJyZWV6ZQ	FFFFFFFFFFFFFFFF
A	dW5pdC1mbHlpbmctYW5nZWw	FFFFFFFFFFFFFFFF
A	dW5pdC1mb290bWFu	AAAAAAAAAAAAAAAA
A	dW5pdC1mb3J0cmVzcw	AAAAAAAAAAAAAAAA
A	dW5pdC1nb2JsaW4tc2FwcGVycw	AAAAAAAAAAAAAAAA
A	dW5pdC1nb2xkLW1pbmU	FFFFFFFFFFFFFFFF
A	dW5pdC1ncmVhdC1oYWxs	AAAAAAAAAAAAAAAA
A	dW5pdC1ncnVudA	AAAAAAAAAAAAAAAA
A	dW5pdC1ncnlwaG9uLWF2aWFyeQ	FFFFFFFFFFFFFFFF
A	dW5pdC1ncnlwaG9uLXJpZGVy	AAAAAAAAAAAAAAAA
A	dW5pdC1odW1hbi1iYXJyYWNrcw	AAAAAAAAAAAAAAAA
A	dW5pdC1odW1hbi1ibGFja3NtaXRo	AAAAAAAAAAAAAAAA
A	dW5pdC1odW1hbi1jYW5ub24tdG93ZXI	AAAAAAAAAAAAAAAA
A	dW5pdC1odW1hbi1kZWFkLWJvZHk	FFFFFFFFFFFFFFFF
A	dW5pdC1odW1hbi1kZXN0cm95ZXI	AAAAAAAAAAAAAAAA
A	dW5pdC1odW1hbi1mb3VuZHJ5	AAAAAAAAAAAAAAAA
A	dW5pdC1odW1hbi1ndWFyZC10b3dlcg	AAAAAAAAAAAAAAAA
A	dW5pdC1odW1hbi1vaWwtcGxhdGZvcm0	AAAAAAAAAAAAAAAA
A	dW5pdC1odW1hbi1vaWwtdGFua2Vy	AAAAAAAAAAAAAAAA
A	dW5pdC1odW1hbi1yZWZpbmVyeQ	AAAAAAAAAAAAAAAA
A	dW5pdC1odW1hbi1zaGlweWFyZA	FFFFFFFFFFFFFFFF
A	dW5pdC1odW1hbi1zdGFydC1sb2NhdGlvbg	FFFFFFFFFFFFFFFF
A	dW5pdC1odW1hbi1zdWJtYXJpbmU	AAAAAAAAAAAAAAAA
A	dW5pdC1odW1hbi10cmFuc3BvcnQ	AAAAAAAAAAAAAAAA
A	dW5pdC1odW1hbi13YWxs	AAAAAAAAAAAAAAAA
A	dW5pdC1odW1hbi13YXRjaC10b3dlcg	AAAAAAAAAAAAAAAA
A	dW5pdC1pY2UtYnJpbmdlcg	FFFFFFFFFFFFFFFF
A	dW5pdC1pbnZlbnRvcg	AAAAAAAAAAAAAAAA
A	dW5pdC1rZWVw	AAAAAAAAAAAAAAAA
A	dW5pdC1rbmlnaHQ	AAAAAAAAAAAAAAAA
A	dW5pdC1rbmlnaHQtcmlkZXI	FFFFFFFFFFFFFFFF
A	dW5pdC1tYWdl	AAAAAAAAAAAAAAAA
A	dW5pdC1tYWdlLXRvd2Vy	AAAAAAAAAAAAAAAA
A	dW5pdC1tYW4tb2YtbGlnaHQ	FFFFFFFFFFFFFFFF
A	dW5pdC1vZ3Jl	AAAAAAAAAAAAAAAA
A	dW5pdC1vZ3JlLWp1Z2dlcm5hdWdodA	AAAAAAAAAAAAAAAA
A	dW5pdC1vZ3JlLW1hZ2U	AAAAAAAAAAAAAAAA
A	dW5pdC1vZ3JlLW1vdW5k	AAAAAAAAAAAAAAAA
A	dW5pdC1vaWwtcGF0Y2g	FFFFFFFFFFFFFFFF
A	dW5pdC1vcmMtYmFycmFja3M	AAAAAAAAAAAAAAAA
A	dW5pdC1vcmMtYmxhY2tzbWl0aA	AAAAAAAAAAAAAAAA
A	dW5pdC1vcmMtY2Fubm9uLXRvd2Vy	AAAAAAAAAAAAAAAA
A	dW5pdC1vcmMtZGVhZC1ib2R5	FFFFFFFFFFFFFFFF
A	dW5pdC1vcmMtZGVzdHJveWVy	AAAAAAAAAAAAAAAA
A	dW5pdC1vcmMtZm91bmRyeQ	AAAAAAAAAAAAAAAA
A	dW5pdC1vcmMtZ3VhcmQtdG93ZXI	AAAAAAAAAAAAAAAA
A	dW5pdC1vcmMtb2lsLXBsYXRmb3Jt	AAAAAAAAAAAAAAAA
A	dW5pdC1vcmMtb2lsLXRhbmtlcg	AAAAAAAAAAAAAAAA
A	dW5pdC1vcmMtcmVmaW5lcnk	AAAAAAAAAAAAAAAA
A	dW5pdC1vcmMtc2hpcHlhcmQ	AAAAAAAAAAAAAAAA
A	dW5pdC1vcmMtc3RhcnQtbG9jYXRpb24	FFFFFFFFFFFFFFFF
A	dW5pdC1vcmMtc3VibWFyaW5l	AAAAAAAAAAAAAAAA
A	dW5pdC1vcmMtdHJhbnNwb3J0	AAAAAAAAAAAAAAAA
A	dW5pdC1vcmMtd2FsbA	AAAAAAAAAAAAAAAA
A	dW5pdC1vcmMtd2F0Y2gtdG93ZXI	AAAAAAAAAAAAAAAA
A	dW5pdC1wYWxhZGlu	AAAAAAAAAAAAAAAA
A	dW5pdC1wZWFzYW50	AAAAAAAAAAAAAAAA
A	dW5pdC1wZW9u	AAAAAAAAAAAAAAAA
A	dW5pdC1waWctZmFybQ	AAAAAAAAAAAAAAAA
A	dW5pdC1xdWljay1ibGFkZQ	FFFFFFFFFFFFFFFF
A	dW5pdC1yYW5nZXI	AAAAAAAAAAAAAAAA
A	dW5pdC1ydW5lc3RvbmU	FFFFFFFFFFFFFFFF
A	dW5pdC1zaGFycC1heGU	FFFFFFFFFFFFFFFF
A	dW5pdC1za2VsZXRvbg	FFFFFFFFFFFFFFFF
A	dW5pdC1zdGFibGVz	AAAAAAAAAAAAAAAA
A	dW5pdC1zdHJvbmdob2xk	AAAAAAAAAAAAAAAA
A	dW5pdC10ZW1wbGUtb2YtdGhlLWRhbW5lZA	AAAAAAAAAAAAAAAA
A	dW5pdC10b3duLWhhbGw	AAAAAAAAAAAAAAAA
A	dW5pdC10cm9sbC1sdW1iZXItbWlsbA	AAAAAAAAAAAAAAAA
A	dW5pdC13aGl0ZS1tYWdl	FFFFFFFFFFFFFFFF
A	dW5pdC13aXNlLW1hbg	FFFFFFFFFFFFFFFF
A	dW5pdC16ZXBwZWxpbg	AAAAAAAAAAAAAAAA
A	dXBncmFkZS1hcnJvdzE	AAAAAAAAAAAAAAAA
A	dXBncmFkZS1hcnJvdzI	AAAAAAAAAAAAAAAA
A	dXBncmFkZS1iYWxsaXN0YTE	AAAAAAAAAAAAAAAA
A	dXBncmFkZS1iYWxsaXN0YTI	AAAAAAAAAAAAAAAA
A	dXBncmFkZS1iYXR0bGUtYXhlMQ	AAAAAAAAAAAAAAAA
A	dXBncmFkZS1iYXR0bGUtYXhlMg	AAAAAAAAAAAAAAAA
A	dXBncmFkZS1iZXJzZXJrZXI	AAAAAAAAAAAAAAAA
A	dXBncmFkZS1iZXJzZXJrZXItcmVnZW5lcmF0aW9u	AAAAAAAAAAAAAAAA
A	dXBncmFkZS1iZXJzZXJrZXItc2NvdXRpbmc	AAAAAAAAAAAAAAAA
A	dXBncmFkZS1ibGl6emFyZA	AAAAAAAAAAAAAAAA
A	dXBncmFkZS1ibG9vZGx1c3Q	AAAAAAAAAAAAAAAA
A	dXBncmFkZS1ibG9vZGx1c3QtZG91YmxlLWhlYWQ	RRRRRRRRRRRRRRRR
A	dXBncmFkZS1jYXRhcHVsdDE	AAAAAAAAAAAAAAAA
A	dXBncmFkZS1jYXRhcHVsdDI	AAAAAAAAAAAAAAAA
A	dXBncmFkZS1kZWF0aC1hbmQtZGVjYXk	AAAAAAAAAAAAAAAA
A	dXBncmFkZS1kZWF0aC1jb2ls	RRRRRRRRRRRRRRRR
A	dXBncmFkZS1leG9yY2lzbQ	AAAAAAAAAAAAAAAA
A	dXBncmFkZS1leWUtb2Yta2lscm9nZw	RRRRRRRRRRRRRRRR
A	dXBncmFkZS1leWUtb2Yta2lscm9nZy1kb3VibGUtaGVhZA	RRRRRRRRRRRRRRRR
A	dXBncmFkZS1maXJlYmFsbA	RRRRRRRRRRRRRRRR
A	dXBncmFkZS1mbGFtZS1zaGllbGQ	AAAAAAAAAAAAAAAA
A	dXBncmFkZS1oYXN0ZQ	AAAAAAAAAAAAAAAA
A	dXBncmFkZS1oZWFsaW5n	AAAAAAAAAAAAAAAA
A	dXBncmFkZS1ob2x5LXZpc2lvbg	RRRRRRRRRRRRRRRR
A	dXBncmFkZS1odW1hbi1zaGllbGQx	AAAAAAAAAAAAAAAA
A	dXBncmFkZS1odW1hbi1zaGllbGQy	AAAAAAAAAAAAAAAA
A	dXBncmFkZS1odW1hbi1zaGlwLWFybW9yMQ	AAAAAAAAAAAAAAAA
A	dXBncmFkZS1odW1hbi1zaGlwLWFybW9yMg	AAAAAAAAAAAAAAAA
A	dXBncmFkZS1odW1hbi1zaGlwLWNhbm5vbjE	AAAAAAAAAAAAAAAA
A	dXBncmFkZS1odW1hbi1zaGlwLWNhbm5vbjI	AAAAAAAAAAAAAAAA
A	dXBncmFkZS1pbnZpc2liaWxpdHk	AAAAAAAAAAAAAAAA
A	dXBncmFkZS1saWdodC1heGVz	AAAAAAAAAAAAAAAA
A	dXBncmFkZS1sb25nYm93	AAAAAAAAAAAAAAAA
A	dXBncmFkZS1vZ3JlLW1hZ2U	AAAAAAAAAAAAAAAA
A	dXBncmFkZS1vcmMtc2hpZWxkMQ	AAAAAAAAAAAAAAAA
A	dXBncmFkZS1vcmMtc2hpZWxkMg	AAAAAAAAAAAAAAAA
A	dXBncmFkZS1vcmMtc2hpcC1hcm1vcjE	AAAAAAAAAAAAAAAA
A	dXBncmFkZS1vcmMtc2hpcC1hcm1vcjI	AAAAAAAAAAAAAAAA
A	dXBncmFkZS1vcmMtc2hpcC1jYW5ub24x	AAAAAAAAAAAAAAAA
A	dXBncmFkZS1vcmMtc2hpcC1jYW5ub24y	AAAAAAAAAAAAAAAA
A	dXBncmFkZS1wYWxhZGlu	AAAAAAAAAAAAAAAA
A	dXBncmFkZS1wb2x5bW9ycGg	AAAAAAAAAAAAAAAA
A	dXBncmFkZS1yYWlzZS1kZWFk	AAAAAAAAAAAAAAAA
A	dXBncmFkZS1yYW5nZXI	AAAAAAAAAAAAAAAA
A	dXBncmFkZS1yYW5nZXItbWFya3NtYW5zaGlw	AAAAAAAAAAAAAAAA
A	dXBncmFkZS1yYW5nZXItc2NvdXRpbmc	AAAAAAAAAAAAAAAA
A	dXBncmFkZS1ydW5lcw	AAAAAAAAAAAAAAAA
A	dXBncmFkZS1ydW5lcy1kb3VibGUtaGVhZA	RRRRRRRRRRRRRRRR
A	dXBncmFkZS1zbG93	AAAAAAAAAAAAAAAA
A	dXBncmFkZS1zd29yZDE	AAAAAAAAAAAAAAAA
A	dXBncmFkZS1zd29yZDI	AAAAAAAAAAAAAAAA
A	dXBncmFkZS10aHJvd2luZy1heGUx	AAAAAAAAAAAAAAAA
A	dXBncmFkZS10aHJvd2luZy1heGUy	AAAAAAAAAAAAAAAA
A	dXBncmFkZS11bmhvbHktYXJtb3I	AAAAAAAAAAAAAAAA
A	dXBncmFkZS13aGlybHdpbmQ	AAAAAAAAAAAAAAAA
I	0	aHVtLWV4cC0yYQ	MAP
I	5	aHVtLWV4cC0yYg	MAP
I	7	aHVtLWV4cC0yYw	MAP
T	VEhJUyBPUFBPTkVOVFMgTjAgRVEgVEhJUyBRZFc1cGRDMWhjblJvYjNJdGJHbDBaWEpwYjNNIFVOSVRfQ09VTlQgTjEgRVEgQU5E	VklDVE9SWQ
T	VEhJUyBUT1RBTCBOMCBFUQ	REVGRUFU
T	VEhJUyBRZFc1cGRDMWhjblJvYjNJdGJHbDBaWEpwYjNNIFVOSVRfQ09VTlQgTjAgRVEgTjQgUWRXNXBkQzFoY25Sb2IzSXRiR2wwWlhKcGIzTSBVTklUX0NPVU5UIE4wIEVRIEFORA	REVGRUFU
E
M	Y2FtcGFpZ25zL2h1bWFuLWV4cC9sZXZlbHgwM2g	Li4vY2FtcGFpZ25zL2h1bWFuL2ludGVyZmFjZS9pbnRyb3NjcmVlbjEucG5n	2	Y2FtcGFpZ25zL2h1bWFuLWV4cC9sZXZlbHgwM2gtaW50cm8xLndhdg	Y2FtcGFpZ25zL2h1bWFuLWV4cC9sZXZlbHgwM2gtaW50cm8yLndhdg
A	dW5pdC1hbGNoZW1pc3Q	AAAAAAAAAAAAAAAA
A	dW5pdC1hbHRhci1vZi1zdG9ybXM	AAAAAAAAAAAAAAAA
A	dW5pdC1hcmNoZXI	AAAAAAAAAAAAAAAA
A	dW5pdC1hcnRob3ItbGl0ZXJpb3M	FFFFFFFFFFFFFFFF
A	dW5pdC1heGV0aHJvd2Vy	AAAAAAAAAAAAAAAA
A	dW5pdC1iYWxsaXN0YQ	AAAAAAAAAAAAAAAA
A	dW5pdC1iYWxsb29u	AAAAAAAAAAAAAAAA
A	dW5pdC1iYXR0bGVzaGlw	AAAAAAAAAAAAAAAA
A	dW5pdC1iZWFzdC1jcnk	FFFFFFFFFFFFFFFF
A	dW5pdC1iZXJzZXJrZXI	AAAAAAAAAAAAAAAA
A	dW5pdC1jYXN0bGU	AAAAAAAAAAAAAAAA
A	dW5pdC1jYXRhcHVsdA	AAAAAAAAAAAAAAAA
A	dW5pdC1jaHVyY2g	AAAAAAAAAAAAAAAA
A	dW5pdC1jaXJjbGUtb2YtcG93ZXI	FFFFFFFFFFFFFFFF
A	dW5pdC1jcml0dGVy	FFFFFFFFFFFFFFFF
A	dW5pdC1kYWVtb24	FFFFFFFFFFFFFFFF
A	dW5pdC1kYXJrLXBvcnRhbA	FFFFFFFFFFFFFFFF
A	dW5pdC1kZWFkLXNlYS1ib2R5	FFFFFFFFFFFFFFFF
A	dW5pdC1kZWF0aC1rbmlnaHQ	AAAAAAAAAAAAAAAA
A	dW5pdC1kZXN0cm95ZWQtMXgxLXBsYWNl	FFFFFFFFFFFFFFFF
A	dW5pdC1kZXN0cm95ZWQtMngyLXBsYWNl	FFFFFFFFFFFFFFFF
A	dW5pdC1kZXN0cm95ZWQtM3gzLXBsYWNl	FFFFFFFFFFFFFFFF
A	dW5pdC1kZXN0cm95ZWQtM3gzLXBsYWNlLXdhdGVy	FFFFFFFFFFFFFFFF
A	dW5pdC1kZXN0cm95ZWQtNHg0LXBsYWNl	FFFFFFFFFFFFFFFF
A	dW5pdC1kb3VibGUtaGVhZA	FFFFFFFFFFFFFFFF
A	dW5pdC1kcmFnb24	AAAAAAAAAAAAAAAA
A	dW5pdC1kcmFnb24tcm9vc3Q	AAAAAAAAAAAAAAAA
A	dW5pdC1kd2FydmVz	AAAAAAAAAAAAAAAA
A	dW5pdC1lbHZlbi1sdW1iZXItbWlsbA	AAAAAAAAAAAAAAAA
A	dW5pdC1ldmlsLWtuaWdodA	FFFFFFFFFFFFFFFF
A	dW5pdC1leWUtb2YtdmlzaW9u	FFFFFFFFFFFFFFFF
A	dW5pdC1mYWQtbWFu	FFFFFFFFFFFFFFFF
A	dW5pdC1mYXJt	AAAAAAAAAAAAAAAA
A	dW5pdC1mZW1hbGUtaGVybw	FFFFFFFFFFFFFFFF
A	dW5pdC1maXJlLWJyZWV6ZQ	FFFFFFFFFFFFFFFF
A	dW5pdC1mbHlpbmctYW5nZWw	FFFFFFFFFFFFFFFF
A	dW5pdC1mb290bWFu	AAAAAAAAAAAAAAAA
A	dW5pdC1mb3J0cmVzcw	AAAAAAAAAAAAAAAA
A	dW5pdC1nb2JsaW4tc2FwcGVycw	AAAAAAAAAAAAAAAA
A	dW5pdC1nb2xkLW1pbmU	FFFFFFFFFFFFFFFF
A	dW5pdC1ncmVhdC1oYWxs	AAAAAAAAAAAAAAAA
A	dW5pdC1ncnVudA	AAAAAAAAAAAAAAAA
A	dW5pdC1ncnlwaG9uLWF2aWFyeQ	AAAAAAAAAAAAAAAA
A	dW5pdC1ncnlwaG9uLXJpZGVy	AAAAAAAAAAAAAAAA
A	dW5pdC1odW1hbi1iYXJyYWNrcw	AAAAAAAAAAAAAAAA
A	dW5pdC1odW1hbi1ibGFja3NtaXRo	AAAAAAAAAAAAAAAA
A	dW5pdC1odW1hbi1jYW5ub24tdG93ZXI	AAAAAAAAAAAAAAAA
A	dW5pdC1odW1hbi1kZWFkLWJvZHk	FFFFFFFFFFFFFFFF
A	dW5pdC1odW1hbi1kZXN0cm95ZXI	AAAAAAAAAAAAAAAA
A	dW5pdC1odW1hbi1mb3VuZHJ5	AAAAAAAAAAAAAAAA
A	dW5pdC1odW1hbi1ndWFyZC10b3dlcg	AAAAAAAAAAAAAAAA
A	dW5pdC1odW1hbi1vaWwtcGxhdGZvcm0	AAAAAAAAAAAAAAAA
A	dW5pdC1odW1hbi1vaWwtdGFua2Vy	AAAAAAAAAAAAAAAA
A	dW5pdC1odW1hbi1yZWZpbmVyeQ	AAAAAAAAAAAAAAAA
A	dW5pdC1odW1hbi1zaGlweWFyZA	AAAAAAAAAAAAAAAA
A	dW5pdC1odW1hbi1zdGFydC1sb2NhdGlvbg	FFFFFFFFFFFFFFFF
A	dW5pdC1odW1hbi1zdWJtYXJpbmU	AAAAAAAAAAAAAAAA
A	dW5pdC1odW1hbi10cmFuc3BvcnQ	AAAAAAAAAAAAAAAA
A	dW5pdC1odW1hbi13YWxs	AAAAAAAAAAAAAAAA
A	dW5pdC1odW1hbi13YXRjaC10b3dlcg	AAAAAAAAAAAAAAAA
A	dW5pdC1pY2UtYnJpbmdlcg	FFFFFFFFFFFFFFFF
A	dW5pdC1pbnZlbnRvcg	AAAAAAAAAAAAAAAA
A	dW5pdC1rZWVw	AAAAAAAAAAAAAAAA
A	dW5pdC1rbmlnaHQ	AAAAAAAAAAAAAAAA
A	dW5pdC1rbmlnaHQtcmlkZXI	FFFFFFFFFFFFFFFF
A	dW5pdC1tYWdl	AAAAAAAAAAAAAAAA
A	dW5pdC1tYWdlLXRvd2Vy	AAAAAAAAAAAAAAAA
A	dW5pdC1tYW4tb2YtbGlnaHQ	FFFFFFFFFFFFFFFF
A	dW5pdC1vZ3Jl	AAAAAAAAAAAAAAAA
A	dW5pdC1vZ3JlLWp1Z2dlcm5hdWdodA	AAAAAAAAAAAAAAAA
A	dW5pdC1vZ3JlLW1hZ2U	AAAAAAAAAAAAAAAA
A	dW5pdC1vZ3JlLW1vdW5k	AAAAAAAAAAAAAAAA
A	dW5pdC1vaWwtcGF0Y2g	FFFFFFFFFFFFFFFF
A	dW5pdC1vcmMtYmFycmFja3M	AAAAAAAAAAAAAAAA
A	dW5pdC1vcmMtYmxhY2tzbWl0aA	AAAAAAAAAAAAAAAA
A	dW5pdC1vcmMtY2Fubm9uLXRvd2Vy	AAAAAAAAAAAAAAAA
A	dW5pdC1vcmMtZGVhZC1ib2R5	FFFFFFFFFFFFFFFF
A	dW5pdC1vcmMtZGVzdHJveWVy	AAAAAAAAAAAAAAAA
A	dW5pdC1vcmMtZm91bmRyeQ	AAAAAAAAAAAAAAAA
A	dW5pdC1vcmMtZ3VhcmQtdG93ZXI	AAAAAAAAAAAAAAAA
A	dW5pdC1vcmMtb2lsLXBsYXRmb3Jt	AAAAAAAAAAAAAAAA
A	dW5pdC1vcmMtb2lsLXRhbmtlcg	AAAAAAAAAAAAAAAA
A	dW5pdC1vcmMtcmVmaW5lcnk	AAAAAAAAAAAAAAAA
A	dW5pdC1vcmMtc2hpcHlhcmQ	AAAAAAAAAAAAAAAA
A	dW5pdC1vcmMtc3RhcnQtbG9jYXRpb24	FFFFFFFFFFFFFFFF
A	dW5pdC1vcmMtc3VibWFyaW5l	AAAAAAAAAAAAAAAA
A	dW5pdC1vcmMtdHJhbnNwb3J0	AAAAAAAAAAAAAAAA
A	dW5pdC1vcmMtd2FsbA	AAAAAAAAAAAAAAAA
A	dW5pdC1vcmMtd2F0Y2gtdG93ZXI	AAAAAAAAAAAAAAAA
A	dW5pdC1wYWxhZGlu	AAAAAAAAAAAAAAAA
A	dW5pdC1wZWFzYW50	AAAAAAAAAAAAAAAA
A	dW5pdC1wZW9u	AAAAAAAAAAAAAAAA
A	dW5pdC1waWctZmFybQ	AAAAAAAAAAAAAAAA
A	dW5pdC1xdWljay1ibGFkZQ	FFFFFFFFFFFFFFFF
A	dW5pdC1yYW5nZXI	AAAAAAAAAAAAAAAA
A	dW5pdC1ydW5lc3RvbmU	FFFFFFFFFFFFFFFF
A	dW5pdC1zaGFycC1heGU	FFFFFFFFFFFFFFFF
A	dW5pdC1za2VsZXRvbg	FFFFFFFFFFFFFFFF
A	dW5pdC1zdGFibGVz	AAAAAAAAAAAAAAAA
A	dW5pdC1zdHJvbmdob2xk	AAAAAAAAAAAAAAAA
A	dW5pdC10ZW1wbGUtb2YtdGhlLWRhbW5lZA	AAAAAAAAAAAAAAAA
A	dW5pdC10b3duLWhhbGw	AAAAAAAAAAAAAAAA
A	dW5pdC10cm9sbC1sdW1iZXItbWlsbA	AAAAAAAAAAAAAAAA
A	dW5pdC13aGl0ZS1tYWdl	FFFFFFFFFFFFFFFF
A	dW5pdC13aXNlLW1hbg	FFFFFFFFFFFFFFFF
A	dW5pdC16ZXBwZWxpbg	AAAAAAAAAAAAAAAA
A	dXBncmFkZS1hcnJvdzE	AAAAAAAAAAAAAAAA
A	dXBncmFkZS1hcnJvdzI	AAAAAAAAAAAAAAAA
A	dXBncmFkZS1iYWxsaXN0YTE	AAAAAAAAAAAAAAAA
A	dXBncmFkZS1iYWxsaXN0YTI	AAAAAAAAAAAAAAAA
A	dXBncmFkZS1iYXR0bGUtYXhlMQ	AAAAAAAAAAAAAAAA
A	dXBncmFkZS1iYXR0bGUtYXhlMg	AAAAAAAAAAAAAAAA
A	dXBncmFkZS1iZXJzZXJrZXI	AAAAAAAAAAAAAAAA
A	dXBncmFkZS1iZXJzZXJrZXItcmVnZW5lcmF0aW9u	AAAAAAAAAAAAAAAA
A	dXBncmFkZS1iZXJzZXJrZXItc2NvdXRpbmc	AAAAAAAAAAAAAAAA
A	dXBncmFkZS1ibGl6emFyZA	AAAAAAAAAAAAAAAA
A	dXBncmFkZS1ibG9vZGx1c3Q	AAAAAAAAAAAAAAAA
A	dXBncmFkZS1ibG9vZGx1c3QtZG91YmxlLWhlYWQ	RRRRRRRRRRRRRRRR
A	dXBncmFkZS1jYXRhcHVsdDE	AAAAAAAAAAAAAAAA
A	dXBncmFkZS1jYXRhcHVsdDI	AAAAAAAAAAAAAAAA
A	dXBncmFkZS1kZWF0aC1hbmQtZGVjYXk	AAAAAAAAAAAAAAAA
A	dXBncmFkZS1kZWF0aC1jb2ls	RRRRRRRRRRRRRRRR
A	dXBncmFkZS1leG9yY2lzbQ	AAAAAAAAAAAAAAAA
A	dXBncmFkZS1leWUtb2Yta2lscm9nZw	RRRRRRRRRRRRRRRR
A	dXBncmFkZS1leWUtb2Yta2lscm9nZy1kb3VibGUtaGVhZA	RRRRRRRRRRRRRRRR
A	dXBncmFkZS1maXJlYmFsbA	RRRRRRRRRRRRRRRR
A	dXBncmFkZS1mbGFtZS1zaGllbGQ	AAAAAAAAAAAAAAAA
A	dXBncmFkZS1oYXN0ZQ	AAAAAAAAAAAAAAAA
A	dXBncmFkZS1oZWFsaW5n	AAAAAAAAAAAAAAAA
A	dXBncmFkZS1ob2x5LXZpc2lvbg	RRRRRRRRRRRRRRRR
A	dXBncmFkZS1odW1hbi1zaGllbGQx	AAAAAAAAAAAAAAAA
A	dXBncmFkZS1odW1hbi1zaGllbGQy	AAAAAAAAAAAAAAAA
A	dXBncmFkZS1odW1hbi1zaGlwLWFybW9yMQ	AAAAAAAAAAAAAAAA
A	dXBncmFkZS1odW1hbi1zaGlwLWFybW9yMg	AAAAAAAAAAAAAAAA
A	dXBncmFkZS1odW1hbi1zaGlwLWNhbm5vbjE	AAAAAAAAAAAAAAAA
A	dXBncmFkZS1odW1hbi1zaGlwLWNhbm5vbjI	AAAAAAAAAAAAAAAA
A	dXBncmFkZS1pbnZpc2liaWxpdHk	AAAAAAAAAAAAAAAA
A	dXBncmFkZS1saWdodC1heGVz	AAAAAAAAAAAAAAAA
A	dXBncmFkZS1sb25nYm93	AAAAAAAAAAAAAAAA
A	dXBncmFkZS1vZ3JlLW1hZ2U	AAAAAAAAAAAAAAAA
A	dXBncmFkZS1vcmMtc2hpZWxkMQ	AAAAAAAAAAAAAAAA
A	dXBncmFkZS1vcmMtc2hpZWxkMg	AAAAAAAAAAAAAAAA
A	dXBncmFkZS1vcmMtc2hpcC1hcm1vcjE	AAAAAAAAAAAAAAAA
A	dXBncmFkZS1vcmMtc2hpcC1hcm1vcjI	AAAAAAAAAAAAAAAA
A	dXBncmFkZS1vcmMtc2hpcC1jYW5ub24x	AAAAAAAAAAAAAAAA
A	dXBncmFkZS1vcmMtc2hpcC1jYW5ub24y	AAAAAAAAAAAAAAAA
A	dXBncmFkZS1wYWxhZGlu	AAAAAAAAAAAAAAAA
A	dXBncmFkZS1wb2x5bW9ycGg	AAAAAAAAAAAAAAAA
A	dXBncmFkZS1yYWlzZS1kZWFk	AAAAAAAAAAAAAAAA
A	dXBncmFkZS1yYW5nZXI	AAAAAAAAAAAAAAAA
A	dXBncmFkZS1yYW5nZXItbWFya3NtYW5zaGlw	AAAAAAAAAAAAAAAA
A	dXBncmFkZS1yYW5nZXItc2NvdXRpbmc	AAAAAAAAAAAAAAAA
A	dXBncmFkZS1ydW5lcw	AAAAAAAAAAAAAAAA
A	dXBncmFkZS1ydW5lcy1kb3VibGUtaGVhZA	RRRRRRRRRRRRRRRR
A	dXBncmFkZS1zbG93	AAAAAAAAAAAAAAAA
A	dXBncmFkZS1zd29yZDE	AAAAAAAAAAAAAAAA
A	dXBncmFkZS1zd29yZDI	AAAAAAAAAAAAAAAA
A	dXBncmFkZS10aHJvd2luZy1heGUx	AAAAAAAAAAAAAAAA
A	dXBncmFkZS10aHJvd2luZy1heGUy	AAAAAAAAAAAAAAAA
A	dXBncmFkZS11bmhvbHktYXJtb3I	AAAAAAAAAAAAAAAA
A	dXBncmFkZS13aGlybHdpbmQ	AAAAAAAAAAAAAAAA
I	0	aHVtLWV4cC0zYg	MAP
I	3	aHVtLWV4cC0zYw	MAP
I	4	aHVtLWV4cC0zYQ	MAP
T	TjAgUWRXNXBkQzFtYjNKMGNtVnpjdyBVTklUX0NPVU5UIE4wIEVRIE4wIFFkVzVwZEMxemRISnZibWRvYjJ4ayBVTklUX0NPVU5UIE4wIEVRIEFORCBOMyBRZFc1cGRDMW1iM0owY21WemN3IFVOSVRfQ09VTlQgTjAgRVEgQU5EIE4zIFFkVzVwZEMxemRISnZibWRvYjJ4ayBVTklUX0NPVU5UIE4wIEVRIEFORCBONCBRZFc1cGRDMW1iM0owY21WemN3IFVOSVRfQ09VTlQgTjAgRVEgQU5EIE40IFFkVzVwZEMxemRISnZibWRvYjJ4ayBVTklUX0NPVU5UIE4wIEVRIEFORCBRZEdocGN3IFFQVDAgTjEgUWRXNXBkQzFyYm1sbmFIUXRjbWxrWlhJIFFkVzVwZEMxamFYSmpiR1V0YjJZdGNHOTNaWEkgUkVTQ1VFRF9ORUFSIEFORA	VklDVE9SWQ
T	VEhJUyBUT1RBTCBOMCBFUQ	REVGRUFU
T	VEhJUyBRZFc1cGRDMXJibWxuYUhRdGNtbGtaWEkgVU5JVF9DT1VOVCBOMCBFUSBONiBRZFc1cGRDMXJibWxuYUhRdGNtbGtaWEkgVU5JVF9DT1VOVCBOMCBFUSBBTkQ	REVGRUFU
E
M	Y2FtcGFpZ25zL2h1bWFuLWV4cC9sZXZlbHgwNGg	Li4vY2FtcGFpZ25zL2h1bWFuL2ludGVyZmFjZS9pbnRyb3NjcmVlbjEucG5n	3	Y2FtcGFpZ25zL2h1bWFuLWV4cC9sZXZlbHgwNGgtaW50cm8xLndhdg	Y2FtcGFpZ25zL2h1bWFuLWV4cC9sZXZlbHgwNGgtaW50cm8yLndhdg	Y2FtcGFpZ25zL2h1bWFuLWV4cC9sZXZlbHgwNGgtaW50cm8zLndhdg
A	dW5pdC1hbGNoZW1pc3Q	AAAAAAAAAAAAAAAA
A	dW5pdC1hbHRhci1vZi1zdG9ybXM	AAAAAAAAAAAAAAAA
A	dW5pdC1hcmNoZXI	AAAAAAAAAAAAAAAA
A	dW5pdC1hcnRob3ItbGl0ZXJpb3M	FFFFFFFFFFFFFFFF
A	dW5pdC1heGV0aHJvd2Vy	AAAAAAAAAAAAAAAA
A	dW5pdC1iYWxsaXN0YQ	AAAAAAAAAAAAAAAA
A	dW5pdC1iYWxsb29u	AAAAAAAAAAAAAAAA
A	dW5pdC1iYXR0bGVzaGlw	AAAAAAAAAAAAAAAA
A	dW5pdC1iZWFzdC1jcnk	FFFFFFFFFFFFFFFF
A	dW5pdC1iZXJzZXJrZXI	AAAAAAAAAAAAAAAA
A	dW5pdC1jYXN0bGU	AAAAAAAAAAAAAAAA
A	dW5pdC1jYXRhcHVsdA	AAAAAAAAAAAAAAAA
A	dW5pdC1jaHVyY2g	AAAAAAAAAAAAAAAA
A	dW5pdC1jaXJjbGUtb2YtcG93ZXI	FFFFFFFFFFFFFFFF
A	dW5pdC1jcml0dGVy	FFFFFFFFFFFFFFFF
A	dW5pdC1kYWVtb24	FFFFFFFFFFFFFFFF
A	dW5pdC1kYXJrLXBvcnRhbA	FFFFFFFFFFFFFFFF
A	dW5pdC1kZWFkLXNlYS1ib2R5	FFFFFFFFFFFFFFFF
A	dW5pdC1kZWF0aC1rbmlnaHQ	AAAAAAAAAAAAAAAA
A	dW5pdC1kZXN0cm95ZWQtMXgxLXBsYWNl	FFFFFFFFFFFFFFFF
A	dW5pdC1kZXN0cm95ZWQtMngyLXBsYWNl	FFFFFFFFFFFFFFFF
A	dW5pdC1kZXN0cm95ZWQtM3gzLXBsYWNl	FFFFFFFFFFFFFFFF
A	dW5pdC1kZXN0cm95ZWQtM3gzLXBsYWNlLXdhdGVy	FFFFFFFFFFFFFFFF
A	dW5pdC1kZXN0cm95ZWQtNHg0LXBsYWNl	FFFFFFFFFFFFFFFF
A	dW5pdC1kb3VibGUtaGVhZA	FFFFFFFFFFFFFFFF
A	dW5pdC1kcmFnb24	AAAAAAAAAAAAAAAA
A	dW5pdC1kcmFnb24tcm9vc3Q	AAAAAAAAAAAAAAAA
A	dW5pdC1kd2FydmVz	AAAAAAAAAAAAAAAA
A	dW5pdC1lbHZlbi1sdW1iZXItbWlsbA	AAAAAAAAAAAAAAAA
A	dW5pdC1ldmlsLWtuaWdodA	FFFFFFFFFFFFFFFF
A	dW5pdC1leWUtb2YtdmlzaW9u	FFFFFFFFFFFFFFFF
A	dW5pdC1mYWQtbWFu	FFFFFFFFFFFFFFFF
A	dW5pdC1mYXJt	AAAAAAAAAAAAAAAA
A	dW5pdC1mZW1hbGUtaGVybw	FFFFFFFFFFFFFFFF
A	dW5pdC1maXJlLWJyZWV6ZQ	FFFFFFFFFFFFFFFF
A	dW5pdC1mbHlpbmctYW5nZWw	FFFFFFFFFFFFFFFF
A	dW5pdC1mb290bWFu	AAAAAAAAAAAAAAAA
A	dW5pdC1mb3J0cmVzcw	AAAAAAAAAAAAAAAA
A	dW5pdC1nb2JsaW4tc2FwcGVycw	AAAAAAAAAAAAAAAA
A	dW5pdC1nb2xkLW1pbmU	FFFFFFFFFFFFFFFF
A	dW5pdC1ncmVhdC1oYWxs	AAAAAAAAAAAAAAAA
A	dW5pdC1ncnVudA	AAAAAAAAAAAAAAAA
A	dW5pdC1ncnlwaG9uLWF2aWFyeQ	AAAAAAAAAAAAAAAA
A	dW5pdC1ncnlwaG9uLXJpZGVy	AAAAAAAAAAAAAAAA
A	dW5pdC1odW1hbi1iYXJyYWNrcw	AAAAAAAAAAAAAAAA
A	dW5pdC1odW1hbi1ibGFja3NtaXRo	AAAAAAAAAAAAAAAA
A	dW5pdC1odW1hbi1jYW5ub24tdG93ZXI	AAAAAAAAAAAAAAAA
A	dW5pdC1odW1hbi1kZWFkLWJvZHk	FFFFFFFFFFFFFFFF
A	dW5pdC1odW1hbi1kZXN0cm95ZXI	AAAAAAAAAAAAAAAA
A	dW5pdC1odW1hbi1mb3VuZHJ5	AAAAAAAAAAAAAAAA
A	dW5pdC1odW1hbi1ndWFyZC10b3dlcg	AAAAAAAAAAAAAAAA
A	dW5pdC1odW1hbi1vaWwtcGxhdGZvcm0	AAAAAAAAAAAAAAAA
A	dW5pdC1odW1hbi1vaWwtdGFua2Vy	AAAAAAAAAAAAAAAA
A	dW5pdC1odW1hbi1yZWZpbmVyeQ	AAAAAAAAAAAAAAAA
A	dW5pdC1odW1hbi1zaGlweWFyZA	AAAAAAAAAAAAAAAA
A	dW5pdC1odW1hbi1zdGFydC1sb2NhdGlvbg	FFFFFFFFFFFFFFFF
A	dW5pdC1odW1hbi1zdWJtYXJpbmU	AAAAAAAAAAAAAAAA
A	dW5pdC1odW1hbi10cmFuc3BvcnQ	AAAAAAAAAAAAAAAA
A	dW5pdC1odW1hbi13YWxs	AAAAAAAAAAAAAAAA
A	dW5pdC1odW1hbi13YXRjaC10b3dlcg	AAAAAAAAAAAAAAAA
A	dW5pdC1pY2UtYnJpbmdlcg	FFFFFFFFFFFFFFFF
A	dW5pdC1pbnZlbnRvcg	AAAAAAAAAAAAAAAA
A	dW5pdC1rZWVw	AAAAAAAAAAAAAAAA
A	dW5pdC1rbmlnaHQ	AAAAAAAAAAAAAAAA
A	dW5pdC1rbmlnaHQtcmlkZXI	FFFFFFFFFFFFFFFF
A	dW5pdC1tYWdl	AAAAAAAAAAAAAAAA
A	dW5pdC1tYWdlLXRvd2Vy	AAAAAAAAAAAAAAAA
A	dW5pdC1tYW4tb2YtbGlnaHQ	FFFFFFFFFFFFFFFF
A	dW5pdC1vZ3Jl	AAAAAAAAAAAAAAAA
A	dW5pdC1vZ3JlLWp1Z2dlcm5hdWdodA	AAAAAAAAAAAAAAAA
A	dW5pdC1vZ3JlLW1hZ2U	AAAAAAAAAAAAAAAA
A	dW5pdC1vZ3JlLW1vdW5k	AAAAAAAAAAAAAAAA
A	dW5pdC1vaWwtcGF0Y2g	FFFFFFFFFFFFFFFF
A	dW5pdC1vcmMtYmFycmFja3M	AAAAAAAAAAAAAAAA
A	dW5pdC1vcmMtYmxhY2tzbWl0aA	AAAAAAAAAAAAAAAA
A	dW5pdC1vcmMtY2Fubm9uLXRvd2Vy	AAAAAAAAAAAAAAAA
A	dW5pdC1vcmMtZGVhZC1ib2R5	FFFFFFFFFFFFFFFF
A	dW5pdC1vcmMtZGVzdHJveWVy	AAAAAAAAAAAAAAAA
A	dW5pdC1vcmMtZm91bmRyeQ	AAAAAAAAAAAAAAAA
A	dW5pdC1vcmMtZ3VhcmQtdG93ZXI	AAAAAAAAAAAAAAAA
A	dW5pdC1vcmMtb2lsLXBsYXRmb3Jt	AAAAAAAAAAAAAAAA
A	dW5pdC1vcmMtb2lsLXRhbmtlcg	AAAAAAAAAAAAAAAA
A	dW5pdC1vcmMtcmVmaW5lcnk	AAAAAAAAAAAAAAAA
A	dW5pdC1vcmMtc2hpcHlhcmQ	AAAAAAAAAAAAAAAA
A	dW5pdC1vcmMtc3RhcnQtbG9jYXRpb24	FFFFFFFFFFFFFFFF
A	dW5pdC1vcmMtc3VibWFyaW5l	AAAAAAAAAAAAAAAA
A	dW5pdC1vcmMtdHJhbnNwb3J0	AAAAAAAAAAAAAAAA
A	dW5pdC1vcmMtd2FsbA	AAAAAAAAAAAAAAAA
A	dW5pdC1vcmMtd2F0Y2gtdG93ZXI	AAAAAAAAAAAAAAAA
A	dW5pdC1wYWxhZGlu	AAAAAAAAAAAAAAAA
A	dW5pdC1wZWFzYW50	AAAAAAAAAAAAAAAA
A	dW5pdC1wZW9u	AAAAAAAAAAAAAAAA
A	dW5pdC1waWctZmFybQ	AAAAAAAAAAAAAAAA
A	dW5pdC1xdWljay1ibGFkZQ	FFFFFFFFFFFFFFFF
A	dW5pdC1yYW5nZXI	AAAAAAAAAAAAAAAA
A	dW5pdC1ydW5lc3RvbmU	FFFFFFFFFFFFFFFF
A	dW5pdC1zaGFycC1heGU	FFFFFFFFFFFFFFFF
A	dW5pdC1za2VsZXRvbg	FFFFFFFFFFFFFFFF
A	dW5pdC1zdGFibGVz	AAAAAAAAAAAAAAAA
A	dW5pdC1zdHJvbmdob2xk	AAAAAAAAAAAAAAAA
A	dW5pdC10ZW1wbGUtb2YtdGhlLWRhbW5lZA	AAAAAAAAAAAAAAAA
A	dW5pdC10b3duLWhhbGw	AAAAAAAAAAAAAAAA
A	dW5pdC10cm9sbC1sdW1iZXItbWlsbA	AAAAAAAAAAAAAAAA
A	dW5pdC13aGl0ZS1tYWdl	FFFFFFFFFFFFFFFF
A	dW5pdC13aXNlLW1hbg	FFFFFFFFFFFFFFFF
A	dW5pdC16ZXBwZWxpbg	AAAAAAAAAAAAAAAA
A	dXBncmFkZS1hcnJvdzE	AAAAAAAAAAAAAAAA
A	dXBncmFkZS1hcnJvdzI	AAAAAAAAAAAAAAAA
A	dXBncmFkZS1iYWxsaXN0YTE	AAAAAAAAAAAAAAAA
A	dXBncmFkZS1iYWxsaXN0YTI	AAAAAAAAAAAAAAAA
A	dXBncmFkZS1iYXR0bGUtYXhlMQ	AAAAAAAAAAAAAAAA
A	dXBncmFkZS1iYXR0bGUtYXhlMg	AAAAAAAAAAAAAAAA
A	dXBncmFkZS1iZXJzZXJrZXI	AAAAAAAAAAAAAAAA
A	dXBncmFkZS1iZXJzZXJrZXItcmVnZW5lcmF0aW9u	AAAAAAAAAAAAAAAA
A	dXBncmFkZS1iZXJzZXJrZXItc2NvdXRpbmc	AAAAAAAAAAAAAAAA
A	dXBncmFkZS1ibGl6emFyZA	AAAAAAAAAAAAAAAA
A	dXBncmFkZS1ibG9vZGx1c3Q	AAAAAAAAAAAAAAAA
A	dXBncmFkZS1ibG9vZGx1c3QtZG91YmxlLWhlYWQ	RRRRRRRRRRRRRRRR
A	dXBncmFkZS1jYXRhcHVsdDE	AAAAAAAAAAAAAAAA
A	dXBncmFkZS1jYXRhcHVsdDI	AAAAAAAAAAAAAAAA
A	dXBncmFkZS1kZWF0aC1hbmQtZGVjYXk	AAAAAAAAAAAAAAAA
A	dXBncmFkZS1kZWF0aC1jb2ls	RRRRRRRRRRRRRRRR
A	dXBncmFkZS1leG9yY2lzbQ	AAAAAAAAAAAAAAAA
A	dXBncmFkZS1leWUtb2Yta2lscm9nZw	RRRRRRRRRRRRRRRR
A	dXBncmFkZS1leWUtb2Yta2lscm9nZy1kb3VibGUtaGVhZA	RRRRRRRRRRRRRRRR
A	dXBncmFkZS1maXJlYmFsbA	RRRRRRRRRRRRRRRR
A	dXBncmFkZS1mbGFtZS1zaGllbGQ	AAAAAAAAAAAAAAAA
A	dXBncmFkZS1oYXN0ZQ	AAAAAAAAAAAAAAAA
A	dXBncmFkZS1oZWFsaW5n	AAAAAAAAAAAAAAAA
A	dXBncmFkZS1ob2x5LXZpc2lvbg	RRRRRRRRRRRRRRRR
A	dXBncmFkZS1odW1hbi1zaGllbGQx	AAAAAAAAAAAAAAAA
A	dXBncmFkZS1odW1hbi1zaGllbGQy	AAAAAAAAAAAAAAAA
A	dXBncmFkZS1odW1hbi1zaGlwLWFybW9yMQ	AAAAAAAAAAAAAAAA
A	dXBncmFkZS1odW1hbi1zaGlwLWFybW9yMg	AAAAAAAAAAAAAAAA
A	dXBncmFkZS1odW1hbi1zaGlwLWNhbm5vbjE	AAAAAAAAAAAAAAAA
A	dXBncmFkZS1odW1hbi1zaGlwLWNhbm5vbjI	AAAAAAAAAAAAAAAA
A	dXBncmFkZS1pbnZpc2liaWxpdHk	AAAAAAAAAAAAAAAA
A	dXBncmFkZS1saWdodC1heGVz	AAAAAAAAAAAAAAAA
A	dXBncmFkZS1sb25nYm93	AAAAAAAAAAAAAAAA
A	dXBncmFkZS1vZ3JlLW1hZ2U	AAAAAAAAAAAAAAAA
A	dXBncmFkZS1vcmMtc2hpZWxkMQ	AAAAAAAAAAAAAAAA
A	dXBncmFkZS1vcmMtc2hpZWxkMg	AAAAAAAAAAAAAAAA
A	dXBncmFkZS1vcmMtc2hpcC1hcm1vcjE	AAAAAAAAAAAAAAAA
A	dXBncmFkZS1vcmMtc2hpcC1hcm1vcjI	AAAAAAAAAAAAAAAA
A	dXBncmFkZS1vcmMtc2hpcC1jYW5ub24x	AAAAAAAAAAAAAAAA
A	dXBncmFkZS1vcmMtc2hpcC1jYW5ub24y	AAAAAAAAAAAAAAAA
A	dXBncmFkZS1wYWxhZGlu	AAAAAAAAAAAAAAAA
A	dXBncmFkZS1wb2x5bW9ycGg	AAAAAAAAAAAAAAAA
A	dXBncmFkZS1yYWlzZS1kZWFk	AAAAAAAAAAAAAAAA
A	dXBncmFkZS1yYW5nZXI	AAAAAAAAAAAAAAAA
A	dXBncmFkZS1yYW5nZXItbWFya3NtYW5zaGlw	AAAAAAAAAAAAAAAA
A	dXBncmFkZS1yYW5nZXItc2NvdXRpbmc	AAAAAAAAAAAAAAAA
A	dXBncmFkZS1ydW5lcw	AAAAAAAAAAAAAAAA
A	dXBncmFkZS1ydW5lcy1kb3VibGUtaGVhZA	RRRRRRRRRRRRRRRR
A	dXBncmFkZS1zbG93	AAAAAAAAAAAAAAAA
A	dXBncmFkZS1zd29yZDE	AAAAAAAAAAAAAAAA
A	dXBncmFkZS1zd29yZDI	AAAAAAAAAAAAAAAA
A	dXBncmFkZS10aHJvd2luZy1heGUx	AAAAAAAAAAAAAAAA
A	dXBncmFkZS10aHJvd2luZy1heGUy	AAAAAAAAAAAAAAAA
A	dXBncmFkZS11bmhvbHktYXJtb3I	AAAAAAAAAAAAAAAA
A	dXBncmFkZS13aGlybHdpbmQ	AAAAAAAAAAAAAAAA
I	0	aHVtLWV4cC00Yg	MAP
I	5	aHVtLWV4cC00YQ	MAP
I	6	aHVtLWV4cC00Yw	MAP
I	7	d2MyLXBhc3NpdmU	MAP
T	VEhJUyBPUFBPTkVOVFMgTjAgRVEgVEhJUyBRZFc1cGRDMWpZWE4wYkdVIFVOSVRfQ09VTlQgTjEgR0UgQU5E	VklDVE9SWQ
T	VEhJUyBUT1RBTCBOMCBFUQ	REVGRUFU
E
M	Y2FtcGFpZ25zL2h1bWFuLWV4cC9sZXZlbHgwNWg	Li4vY2FtcGFpZ25zL2h1bWFuL2ludGVyZmFjZS9pbnRyb3NjcmVlbjEucG5n	2	Y2FtcGFpZ25zL2h1bWFuLWV4cC9sZXZlbHgwNWgtaW50cm8xLndhdg	Y2FtcGFpZ25zL2h1bWFuLWV4cC9sZXZlbHgwNWgtaW50cm8yLndhdg
A	dW5pdC1hbGNoZW1pc3Q	AAAAAAAAAAAAAAAA
A	dW5pdC1hbHRhci1vZi1zdG9ybXM	AAAAAAAAAAAAAAAA
A	dW5pdC1hcmNoZXI	AAAAAAAAAAAAAAAA
A	dW5pdC1hcnRob3ItbGl0ZXJpb3M	FFFFFFFFFFFFFFFF
A	dW5pdC1heGV0aHJvd2Vy	AAAAAAAAAAAAAAAA
A	dW5pdC1iYWxsaXN0YQ	AAAAAAAAAAAAAAAA
A	dW5pdC1iYWxsb29u	AAAAAAAAAAAAAAAA
A	dW5pdC1iYXR0bGVzaGlw	AAAAAAAAAAAAAAAA
A	dW5pdC1iZWFzdC1jcnk	FFFFFFFFFFFFFFFF
A	dW5pdC1iZXJzZXJrZXI	AAAAAAAAAAAAAAAA
A	dW5pdC1jYXN0bGU	AAAAAAAAAAAAAAAA
A	dW5pdC1jYXRhcHVsdA	AAAAAAAAAAAAAAAA
A	dW5pdC1jaHVyY2g	AAAAAAAAAAAAAAAA
A	dW5pdC1jaXJjbGUtb2YtcG93ZXI	FFFFFFFFFFFFFFFF
A	dW5pdC1jcml0dGVy	FFFFFFFFFFFFFFFF
A	dW5pdC1kYWVtb24	FFFFFFFFFFFFFFFF
A	dW5pdC1kYXJrLXBvcnRhbA	FFFFFFFFFFFFFFFF
A	dW5pdC1kZWFkLXNlYS1ib2R5	FFFFFFFFFFFFFFFF
A	dW5pdC1kZWF0aC1rbmlnaHQ	AAAAAAAAAAAAAAAA
A	dW5pdC1kZXN0cm95ZWQtMXgxLXBsYWNl	FFFFFFFFFFFFFFFF
A	dW5pdC1kZXN0cm95ZWQtMngyLXBsYWNl	FFFFFFFFFFFFFFFF
A	dW5pdC1kZXN0cm95ZWQtM3gzLXBsYWNl	FFFFFFFFFFFFFFFF
A	dW5pdC1kZXN0cm95ZWQtM3gzLXBsYWNlLXdhdGVy	FFFFFFFFFFFFFFFF
A	dW5pdC1kZXN0cm95ZWQtNHg0LXBsYWNl	FFFFFFFFFFFFFFFF
A	dW5pdC1kb3VibGUtaGVhZA	FFFFFFFFFFFFFFFF
A	dW5pdC1kcmFnb24	AAAAAAAAAAAAAAAA
A	dW5pdC1kcmFnb24tcm9vc3Q	AAAAAAAAAAAAAAAA
A	dW5pdC1kd2FydmVz	AAAAAAAAAAAAAAAA
A	dW5pdC1lbHZlbi1sdW1iZXItbWlsbA	AAAAAAAAAAAAAAAA
A	dW5pdC1ldmlsLWtuaWdodA	FFFFFFFFFFFFFFFF
A	dW5pdC1leWUtb2YtdmlzaW9u	FFFFFFFFFFFFFFFF
A	dW5pdC1mYWQtbWFu	FFFFFFFFFFFFFFFF
A	dW5pdC1mYXJt	AAAAAAAAAAAAAAAA
A	dW5pdC1mZW1hbGUtaGVybw	FFFFFFFFFFFFFFFF
A	dW5pdC1maXJlLWJyZWV6ZQ	FFFFFFFFFFFFFFFF
A	dW5pdC1mbHlpbmctYW5nZWw	FFFFFFFFFFFFFFFF
A	dW5pdC1mb290bWFu	AAAAAAAAAAAAAAAA
A	dW5pdC1mb3J0cmVzcw	AAAAAAAAAAAAAAAA
A	dW5pdC1nb2JsaW4tc2FwcGVycw	AAAAAAAAAAAAAAAA
A	dW5pdC1nb2xkLW1pbmU	FFFFFFFFFFFFFFFF
A	dW5pdC1ncmVhdC1oYWxs	AAAAAAAAAAAAAAAA
A	dW5pdC1ncnVudA	AAAAAAAAAAAAAAAA
A	dW5pdC1ncnlwaG9uLWF2aWFyeQ	FFFFFFFFFFFFFFFF
A	dW5pdC1ncnlwaG9uLXJpZGVy	FFFFFFFFFFFFFFFF
A	dW5pdC1odW1hbi1iYXJyYWNrcw	AAAAAAAAAAAAAAAA
A	dW5pdC1odW1hbi1ibGFja3NtaXRo	AAAAAAAAAAAAAAAA
A	dW5pdC1odW1hbi1jYW5ub24tdG93ZXI	AAAAAAAAAAAAAAAA
A	dW5pdC1odW1hbi1kZWFkLWJvZHk	FFFFFFFFFFFFFFFF
A	dW5pdC1odW1hbi1kZXN0cm95ZXI	AAAAAAAAAAAAAAAA
A	dW5pdC1odW1hbi1mb3VuZHJ5	AAAAAAAAAAAAAAAA
A	dW5pdC1odW1hbi1ndWFyZC10b3dlcg	AAAAAAAAAAAAAAAA
A	dW5pdC1odW1hbi1vaWwtcGxhdGZvcm0	AAAAAAAAAAAAAAAA
A	dW5pdC1odW1hbi1vaWwtdGFua2Vy	AAAAAAAAAAAAAAAA
A	dW5pdC1odW1hbi1yZWZpbmVyeQ	AAAAAAAAAAAAAAAA
A	dW5pdC1odW1hbi1zaGlweWFyZA	AAAAAAAAAAAAAAAA
A	dW5pdC1odW1hbi1zdGFydC1sb2NhdGlvbg	FFFFFFFFFFFFFFFF
A	dW5pdC1odW1hbi1zdWJtYXJpbmU	AAAAAAAAAAAAAAAA
A	dW5pdC1odW1hbi10cmFuc3BvcnQ	AAAAAAAAAAAAAAAA
A	dW5pdC1odW1hbi13YWxs	AAAAAAAAAAAAAAAA
A	dW5pdC1odW1hbi13YXRjaC10b3dlcg	AAAAAAAAAAAAAAAA
A	dW5pdC1pY2UtYnJpbmdlcg	FFFFFFFFFFFFFFFF
A	dW5pdC1pbnZlbnRvcg	AAAAAAAAAAAAAAAA
A	dW5pdC1rZWVw	AAAAAAAAAAAAAAAA
A	dW5pdC1rbmlnaHQ	AAAAAAAAAAAAAAAA
A	dW5pdC1rbmlnaHQtcmlkZXI	FFFFFFFFFFFFFFFF
A	dW5pdC1tYWdl	AAAAAAAAAAAAAAAA
A	dW5pdC1tYWdlLXRvd2Vy	AAAAAAAAAAAAAAAA
A	dW5pdC1tYW4tb2YtbGlnaHQ	FFFFFFFFFFFFFFFF
A	dW5pdC1vZ3Jl	AAAAAAAAAAAAAAAA
A	dW5pdC1vZ3JlLWp1Z2dlcm5hdWdodA	AAAAAAAAAAAAAAAA
A	dW5pdC1vZ3JlLW1hZ2U	AAAAAAAAAAAAAAAA
A	dW5pdC1vZ3JlLW1vdW5k	AAAAAAAAAAAAAAAA
A	dW5pdC1vaWwtcGF0Y2g	FFFFFFFFFFFFFFFF
A	dW5pdC1vcmMtYmFycmFja3M	AAAAAAAAAAAAAAAA
A	dW5pdC1vcmMtYmxhY2tzbWl0aA	AAAAAAAAAAAAAAAA
A	dW5pdC1vcmMtY2Fubm9uLXRvd2Vy	AAAAAAAAAAAAAAAA
A	dW5pdC1vcmMtZGVhZC1ib2R5	FFFFFFFFFFFFFFFF
A	dW5pdC1vcmMtZGVzdHJveWVy	AAAAAAAAAAAAAAAA
A	dW5pdC1vcmMtZm91bmRyeQ	AAAAAAAAAAAAAAAA
A	dW5pdC1vcmMtZ3VhcmQtdG93ZXI	AAAAAAAAAAAAAAAA
A	dW5pdC1vcmMtb2lsLXBsYXRmb3Jt	AAAAAAAAAAAAAAAA
A	dW5pdC1vcmMtb2lsLXRhbmtlcg	AAAAAAAAAAAAAAAA
A	dW5pdC1vcmMtcmVmaW5lcnk	AAAAAAAAAAAAAAAA
A	dW5pdC1vcmMtc2hpcHlhcmQ	AAAAAAAAAAAAAAAA
A	dW5pdC1vcmMtc3RhcnQtbG9jYXRpb24	FFFFFFFFFFFFFFFF
A	dW5pdC1vcmMtc3VibWFyaW5l	AAAAAAAAAAAAAAAA
A	dW5pdC1vcmMtdHJhbnNwb3J0	AAAAAAAAAAAAAAAA
A	dW5pdC1vcmMtd2FsbA	AAAAAAAAAAAAAAAA
A	dW5pdC1vcmMtd2F0Y2gtdG93ZXI	AAAAAAAAAAAAAAAA
A	dW5pdC1wYWxhZGlu	AAAAAAAAAAAAAAAA
A	dW5pdC1wZWFzYW50	AAAAAAAAAAAAAAAA
A	dW5pdC1wZW9u	AAAAAAAAAAAAAAAA
A	dW5pdC1waWctZmFybQ	AAAAAAAAAAAAAAAA
A	dW5pdC1xdWljay1ibGFkZQ	FFFFFFFFFFFFFFFF
A	dW5pdC1yYW5nZXI	AAAAAAAAAAAAAAAA
A	dW5pdC1ydW5lc3RvbmU	FFFFFFFFFFFFFFFF
A	dW5pdC1zaGFycC1heGU	FFFFFFFFFFFFFFFF
A	dW5pdC1za2VsZXRvbg	FFFFFFFFFFFFFFFF
A	dW5pdC1zdGFibGVz	AAAAAAAAAAAAAAAA
A	dW5pdC1zdHJvbmdob2xk	AAAAAAAAAAAAAAAA
A	dW5pdC10ZW1wbGUtb2YtdGhlLWRhbW5lZA	AAAAAAAAAAAAAAAA
A	dW5pdC10b3duLWhhbGw	AAAAAAAAAAAAAAAA
A	dW5pdC10cm9sbC1sdW1iZXItbWlsbA	AAAAAAAAAAAAAAAA
A	dW5pdC13aGl0ZS1tYWdl	FFFFFFFFFFFFFFFF
A	dW5pdC13aXNlLW1hbg	FFFFFFFFFFFFFFFF
A	dW5pdC16ZXBwZWxpbg	AAAAAAAAAAAAAAAA
A	dXBncmFkZS1hcnJvdzE	AAAAAAAAAAAAAAAA
A	dXBncmFkZS1hcnJvdzI	AAAAAAAAAAAAAAAA
A	dXBncmFkZS1iYWxsaXN0YTE	AAAAAAAAAAAAAAAA
A	dXBncmFkZS1iYWxsaXN0YTI	AAAAAAAAAAAAAAAA
A	dXBncmFkZS1iYXR0bGUtYXhlMQ	AAAAAAAAAAAAAAAA
A	dXBncmFkZS1iYXR0bGUtYXhlMg	AAAAAAAAAAAAAAAA
A	dXBncmFkZS1iZXJzZXJrZXI	AAAAAAAAAAAAAAAA
A	dXBncmFkZS1iZXJzZXJrZXItcmVnZW5lcmF0aW9u	AAAAAAAAAAAAAAAA
A	dXBncmFkZS1iZXJzZXJrZXItc2NvdXRpbmc	AAAAAAAAAAAAAAAA
A	dXBncmFkZS1ibGl6emFyZA	AAAAAAAAAAAAAAAA
A	dXBncmFkZS1ibG9vZGx1c3Q	AAAAAAAAAAAAAAAA
A	dXBncmFkZS1ibG9vZGx1c3QtZG91YmxlLWhlYWQ	RRRRRRRRRRRRRRRR
A	dXBncmFkZS1jYXRhcHVsdDE	AAAAAAAAAAAAAAAA
A	dXBncmFkZS1jYXRhcHVsdDI	AAAAAAAAAAAAAAAA
A	dXBncmFkZS1kZWF0aC1hbmQtZGVjYXk	AAAAAAAAAAAAAAAA
A	dXBncmFkZS1kZWF0aC1jb2ls	RRRRRRRRRRRRRRRR
A	dXBncmFkZS1leG9yY2lzbQ	AAAAAAAAAAAAAAAA
A	dXBncmFkZS1leWUtb2Yta2lscm9nZw	RRRRRRRRRRRRRRRR
A	dXBncmFkZS1leWUtb2Yta2lscm9nZy1kb3VibGUtaGVhZA	RRRRRRRRRRRRRRRR
A	dXBncmFkZS1maXJlYmFsbA	RRRRRRRRRRRRRRRR
A	dXBncmFkZS1mbGFtZS1zaGllbGQ	AAAAAAAAAAAAAAAA
A	dXBncmFkZS1oYXN0ZQ	AAAAAAAAAAAAAAAA
A	dXBncmFkZS1oZWFsaW5n	AAAAAAAAAAAAAAAA
A	dXBncmFkZS1ob2x5LXZpc2lvbg	RRRRRRRRRRRRRRRR
A	dXBncmFkZS1odW1hbi1zaGllbGQx	AAAAAAAAAAAAAAAA
A	dXBncmFkZS1odW1hbi1zaGllbGQy	AAAAAAAAAAAAAAAA
A	dXBncmFkZS1odW1hbi1zaGlwLWFybW9yMQ	AAAAAAAAAAAAAAAA
A	dXBncmFkZS1odW1hbi1zaGlwLWFybW9yMg	AAAAAAAAAAAAAAAA
A	dXBncmFkZS1odW1hbi1zaGlwLWNhbm5vbjE	AAAAAAAAAAAAAAAA
A	dXBncmFkZS1odW1hbi1zaGlwLWNhbm5vbjI	AAAAAAAAAAAAAAAA
A	dXBncmFkZS1pbnZpc2liaWxpdHk	AAAAAAAAAAAAAAAA
A	dXBncmFkZS1saWdodC1heGVz	AAAAAAAAAAAAAAAA
A	dXBncmFkZS1sb25nYm93	AAAAAAAAAAAAAAAA
A	dXBncmFkZS1vZ3JlLW1hZ2U	AAAAAAAAAAAAAAAA
A	dXBncmFkZS1vcmMtc2hpZWxkMQ	AAAAAAAAAAAAAAAA
A	dXBncmFkZS1vcmMtc2hpZWxkMg	AAAAAAAAAAAAAAAA
A	dXBncmFkZS1vcmMtc2hpcC1hcm1vcjE	AAAAAAAAAAAAAAAA
A	dXBncmFkZS1vcmMtc2hpcC1hcm1vcjI	AAAAAAAAAAAAAAAA
A	dXBncmFkZS1vcmMtc2hpcC1jYW5ub24x	AAAAAAAAAAAAAAAA
A	dXBncmFkZS1vcmMtc2hpcC1jYW5ub24y	AAAAAAAAAAAAAAAA
A	dXBncmFkZS1wYWxhZGlu	AAAAAAAAAAAAAAAA
A	dXBncmFkZS1wb2x5bW9ycGg	AAAAAAAAAAAAAAAA
A	dXBncmFkZS1yYWlzZS1kZWFk	AAAAAAAAAAAAAAAA
A	dXBncmFkZS1yYW5nZXI	AAAAAAAAAAAAAAAA
A	dXBncmFkZS1yYW5nZXItbWFya3NtYW5zaGlw	AAAAAAAAAAAAAAAA
A	dXBncmFkZS1yYW5nZXItc2NvdXRpbmc	AAAAAAAAAAAAAAAA
A	dXBncmFkZS1ydW5lcw	AAAAAAAAAAAAAAAA
A	dXBncmFkZS1ydW5lcy1kb3VibGUtaGVhZA	RRRRRRRRRRRRRRRR
A	dXBncmFkZS1zbG93	AAAAAAAAAAAAAAAA
A	dXBncmFkZS1zd29yZDE	AAAAAAAAAAAAAAAA
A	dXBncmFkZS1zd29yZDI	AAAAAAAAAAAAAAAA
A	dXBncmFkZS10aHJvd2luZy1heGUx	AAAAAAAAAAAAAAAA
A	dXBncmFkZS10aHJvd2luZy1heGUy	AAAAAAAAAAAAAAAA
A	dXBncmFkZS11bmhvbHktYXJtb3I	AAAAAAAAAAAAAAAA
A	dXBncmFkZS13aGlybHdpbmQ	AAAAAAAAAAAAAAAA
I	2	aHVtLWV4cC01YQ	MAP
I	3	aHVtLWV4cC01Yw	MAP
I	4	aHVtLWV4cC01Yg	MAP
I	7	aHVtLWV4cC01ZA	MAP
T	TjIgUWRXNXBkQzF2Y21NdGMyaHBjSGxoY21RIFVOSVRfQ09VTlQgTjAgRVEgTjMgUWRXNXBkQzF2Y21NdGMyaHBjSGxoY21RIFVOSVRfQ09VTlQgTjAgRVEgQU5EIE40IFFkVzVwZEMxdmNtTXRjMmhwY0hsaGNtUSBVTklUX0NPVU5UIE4wIEVRIEFORCBONyBRZFc1cGRDMXZjbU10YzJocGNIbGhjbVEgVU5JVF9DT1VOVCBOMCBFUSBBTkQgVEhJUyBRZFc1cGRDMW9kVzFoYmkxemFHbHdlV0Z5WkEgVU5JVF9DT1VOVCBOMyBHRSBBTkQ	VklDVE9SWQ
T	VEhJUyBUT1RBTCBOMCBFUQ	REVGRUFU
E
M	Y2FtcGFpZ25zL2h1bWFuLWV4cC9sZXZlbHgwNmg	Li4vY2FtcGFpZ25zL2h1bWFuL2ludGVyZmFjZS9pbnRyb3NjcmVlbjEucG5n	3	Y2FtcGFpZ25zL2h1bWFuLWV4cC9sZXZlbHgwNmgtaW50cm8xLndhdg	Y2FtcGFpZ25zL2h1bWFuLWV4cC9sZXZlbHgwNmgtaW50cm8yLndhdg	Y2FtcGFpZ25zL2h1bWFuLWV4cC9sZXZlbHgwNmgtaW50cm8zLndhdg
A	dW5pdC1hbGNoZW1pc3Q	AAAAAAAAAAAAAAAA
A	dW5pdC1hbHRhci1vZi1zdG9ybXM	AAAAAAAAAAAAAAAA
A	dW5pdC1hcmNoZXI	AAAAAAAAAAAAAAAA
A	dW5pdC1hcnRob3ItbGl0ZXJpb3M	FFFFFFFFFFFFFFFF
A	dW5pdC1heGV0aHJvd2Vy	AAAAAAAAAAAAAAAA
A	dW5pdC1iYWxsaXN0YQ	AAAAAAAAAAAAAAAA
A	dW5pdC1iYWxsb29u	AAAAAAAAAAAAAAAA
A	dW5pdC1iYXR0bGVzaGlw	AAAAAAAAAAAAAAAA
A	dW5pdC1iZWFzdC1jcnk	FFFFFFFFFFFFFFFF
A	dW5pdC1iZXJzZXJrZXI	AAAAAAAAAAAAAAAA
A	dW5pdC1jYXN0bGU	AAAAAAAAAAAAAAAA
A	dW5pdC1jYXRhcHVsdA	AAAAAAAAAAAAAAAA
A	dW5pdC1jaHVyY2g	AAAAAAAAAAAAAAAA
A	dW5pdC1jaXJjbGUtb2YtcG93ZXI	FFFFFFFFFFFFFFFF
A	dW5pdC1jcml0dGVy	FFFFFFFFFFFFFFFF
A	dW5pdC1kYWVtb24	FFFFFFFFFFFFFFFF
A	dW5pdC1kYXJrLXBvcnRhbA	FFFFFFFFFFFFFFFF
A	dW5pdC1kZWFkLXNlYS1ib2R5	FFFFFFFFFFFFFFFF
A	dW5pdC1kZWF0aC1rbmlnaHQ	AAAAAAAAAAAAAAAA
A	dW5pdC1kZXN0cm95ZWQtMXgxLXBsYWNl	FFFFFFFFFFFFFFFF
A	dW5pdC1kZXN0cm95ZWQtMngyLXBsYWNl	FFFFFFFFFFFFFFFF
A	dW5pdC1kZXN0cm95ZWQtM3gzLXBsYWNl	FFFFFFFFFFFFFFFF
A	dW5pdC1kZXN0cm95ZWQtM3gzLXBsYWNlLXdhdGVy	FFFFFFFFFFFFFFFF
A	dW5pdC1kZXN0cm95ZWQtNHg0LXBsYWNl	FFFFFFFFFFFFFFFF
A	dW5pdC1kb3VibGUtaGVhZA	FFFFFFFFFFFFFFFF
A	dW5pdC1kcmFnb24	AAAAAAAAAAAAAAAA
A	dW5pdC1kcmFnb24tcm9vc3Q	AAAAAAAAAAAAAAAA
A	dW5pdC1kd2FydmVz	AAAAAAAAAAAAAAAA
A	dW5pdC1lbHZlbi1sdW1iZXItbWlsbA	AAAAAAAAAAAAAAAA
A	dW5pdC1ldmlsLWtuaWdodA	FFFFFFFFFFFFFFFF
A	dW5pdC1leWUtb2YtdmlzaW9u	FFFFFFFFFFFFFFFF
A	dW5pdC1mYWQtbWFu	FFFFFFFFFFFFFFFF
A	dW5pdC1mYXJt	AAAAAAAAAAAAAAAA
A	dW5pdC1mZW1hbGUtaGVybw	FFFFFFFFFFFFFFFF
A	dW5pdC1maXJlLWJyZWV6ZQ	FFFFFFFFFFFFFFFF
A	dW5pdC1mbHlpbmctYW5nZWw	FFFFFFFFFFFFFFFF
A	dW5pdC1mb290bWFu	AAAAAAAAAAAAAAAA
A	dW5pdC1mb3J0cmVzcw	AAAAAAAAAAAAAAAA
A	dW5pdC1nb2JsaW4tc2FwcGVycw	AAAAAAAAAAAAAAAA
A	dW5pdC1nb2xkLW1pbmU	FFFFFFFFFFFFFFFF
A	dW5pdC1ncmVhdC1oYWxs	AAAAAAAAAAAAAAAA
A	dW5pdC1ncnVudA	AAAAAAAAAAAAAAAA
A	dW5pdC1ncnlwaG9uLWF2aWFyeQ	AAAAAAAAAAAAAAAA
A	dW5pdC1ncnlwaG9uLXJpZGVy	AAAAAAAAAAAAAAAA
A	dW5pdC1odW1hbi1iYXJyYWNrcw	AAAAAAAAAAAAAAAA
A	dW5pdC1odW1hbi1ibGFja3NtaXRo	AAAAAAAAAAAAAAAA
A	dW5pdC1odW1hbi1jYW5ub24tdG93ZXI	AAAAAAAAAAAAAAAA
A	dW5pdC1odW1hbi1kZWFkLWJvZHk	FFFFFFFFFFFFFFFF
A	dW5pdC1odW1hbi1kZXN0cm95ZXI	AAAAAAAAAAAAAAAA
A	dW5pdC1odW1hbi1mb3VuZHJ5	AAAAAAAAAAAAAAAA
A	dW5pdC1odW1hbi1ndWFyZC10b3dlcg	AAAAAAAAAAAAAAAA
A	dW5pdC1odW1hbi1vaWwtcGxhdGZvcm0	AAAAAAAAAAAAAAAA
A	dW5pdC1odW1hbi1vaWwtdGFua2Vy	AAAAAAAAAAAAAAAA
A	dW5pdC1odW1hbi1yZWZpbmVyeQ	AAAAAAAAAAAAAAAA
A	dW5pdC1odW1hbi1zaGlweWFyZA	AAAAAAAAAAAAAAAA
A	dW5pdC1odW1hbi1zdGFydC1sb2NhdGlvbg	FFFFFFFFFFFFFFFF
A	dW5pdC1odW1hbi1zdWJtYXJpbmU	AAAAAAAAAAAAAAAA
A	dW5pdC1odW1hbi10cmFuc3BvcnQ	AAAAAAAAAAAAAAAA
A	dW5pdC1odW1hbi13YWxs	AAAAAAAAAAAAAAAA
A	dW5pdC1odW1hbi13YXRjaC10b3dlcg	AAAAAAAAAAAAAAAA
A	dW5pdC1pY2UtYnJpbmdlcg	FFFFFFFFFFFFFFFF
A	dW5pdC1pbnZlbnRvcg	AAAAAAAAAAAAAAAA
A	dW5pdC1rZWVw	AAAAAAAAAAAAAAAA
A	dW5pdC1rbmlnaHQ	AAAAAAAAAAAAAAAA
A	dW5pdC1rbmlnaHQtcmlkZXI	FFFFFFFFFFFFFFFF
A	dW5pdC1tYWdl	AAAAAAAAAAAAAAAA
A	dW5pdC1tYWdlLXRvd2Vy	AAAAAAAAAAAAAAAA
A	dW5pdC1tYW4tb2YtbGlnaHQ	FFFFFFFFFFFFFFFF
A	dW5pdC1vZ3Jl	AAAAAAAAAAAAAAAA
A	dW5pdC1vZ3JlLWp1Z2dlcm5hdWdodA	AAAAAAAAAAAAAAAA
A	dW5pdC1vZ3JlLW1hZ2U	AAAAAAAAAAAAAAAA
A	dW5pdC1vZ3JlLW1vdW5k	AAAAAAAAAAAAAAAA
A	dW5pdC1vaWwtcGF0Y2g	FFFFFFFFFFFFFFFF
A	dW5pdC1vcmMtYmFycmFja3M	AAAAAAAAAAAAAAAA
A	dW5pdC1vcmMtYmxhY2tzbWl0aA	AAAAAAAAAAAAAAAA
A	dW5pdC1vcmMtY2Fubm9uLXRvd2Vy	AAAAAAAAAAAAAAAA
A	dW5pdC1vcmMtZGVhZC1ib2R5	FFFFFFFFFFFFFFFF
A	dW5pdC1vcmMtZGVzdHJveWVy	AAAAAAAAAAAAAAAA
A	dW5pdC1vcmMtZm91bmRyeQ	AAAAAAAAAAAAAAAA
A	dW5pdC1vcmMtZ3VhcmQtdG93ZXI	AAAAAAAAAAAAAAAA
A	dW5pdC1vcmMtb2lsLXBsYXRmb3Jt	AAAAAAAAAAAAAAAA
A	dW5pdC1vcmMtb2lsLXRhbmtlcg	AAAAAAAAAAAAAAAA
A	dW5pdC1vcmMtcmVmaW5lcnk	AAAAAAAAAAAAAAAA
A	dW5pdC1vcmMtc2hpcHlhcmQ	AAAAAAAAAAAAAAAA
A	dW5pdC1vcmMtc3RhcnQtbG9jYXRpb24	FFFFFFFFFFFFFFFF
A	dW5pdC1vcmMtc3VibWFyaW5l	AAAAAAAAAAAAAAAA
A	dW5pdC1vcmMtdHJhbnNwb3J0	AAAAAAAAAAAAAAAA
A	dW5pdC1vcmMtd2FsbA	AAAAAAAAAAAAAAAA
A	dW5pdC1vcmMtd2F0Y2gtdG93ZXI	AAAAAAAAAAAAAAAA
A	dW5pdC1wYWxhZGlu	AAAAAAAAAAAAAAAA
A	dW5pdC1wZWFzYW50	AAAAAAAAAAAAAAAA
A	dW5pdC1wZW9u	AAAAAAAAAAAAAAAA
A	dW5pdC1waWctZmFybQ	AAAAAAAAAAAAAAAA
A	dW5pdC1xdWljay1ibGFkZQ	FFFFFFFFFFFFFFFF
A	dW5pdC1yYW5nZXI	AAAAAAAAAAAAAAAA
A	dW5pdC1ydW5lc3RvbmU	FFFFFFFFFFFFFFFF
A	dW5pdC1zaGFycC1heGU	FFFFFFFFFFFFFFFF
A	dW5pdC1za2VsZXRvbg	FFFFFFFFFFFFFFFF
A	dW5pdC1zdGFibGVz	AAAAAAAAAAAAAAAA
A	dW5pdC1zdHJvbmdob2xk	AAAAAAAAAAAAAAAA
A	dW5pdC10ZW1wbGUtb2YtdGhlLWRhbW5lZA	AAAAAAAAAAAAAAAA
A	dW5pdC10b3duLWhhbGw	AAAAAAAAAAAAAAAA
A	dW5pdC10cm9sbC1sdW1iZXItbWlsbA	AAAAAAAAAAAAAAAA
A	dW5pdC13aGl0ZS1tYWdl	FFFFFFFFFFFFFFFF
A	dW5pdC13aXNlLW1hbg	FFFFFFFFFFFFFFFF
A	dW5pdC16ZXBwZWxpbg	AAAAAAAAAAAAAAAA
A	dXBncmFkZS1hcnJvdzE	AAAAAAAAAAAAAAAA
A	dXBncmFkZS1hcnJvdzI	AAAAAAAAAAAAAAAA
A	dXBncmFkZS1iYWxsaXN0YTE	AAAAAAAAAAAAAAAA
A	dXBncmFkZS1iYWxsaXN0YTI	AAAAAAAAAAAAAAAA
A	dXBncmFkZS1iYXR0bGUtYXhlMQ	AAAAAAAAAAAAAAAA
A	dXBncmFkZS1iYXR0bGUtYXhlMg	AAAAAAAAAAAAAAAA
A	dXBncmFkZS1iZXJzZXJrZXI	AAAAAAAAAAAAAAAA
A	dXBncmFkZS1iZXJzZXJrZXItcmVnZW5lcmF0aW9u	AAAAAAAAAAAAAAAA
A	dXBncmFkZS1iZXJzZXJrZXItc2NvdXRpbmc	AAAAAAAAAAAAAAAA
A	dXBncmFkZS1ibGl6emFyZA	AAAAAAAAAAAAAAAA
A	dXBncmFkZS1ibG9vZGx1c3Q	AAAAAAAAAAAAAAAA
A	dXBncmFkZS1ibG9vZGx1c3QtZG91YmxlLWhlYWQ	RRRRRRRRRRRRRRRR
A	dXBncmFkZS1jYXRhcHVsdDE	AAAAAAAAAAAAAAAA
A	dXBncmFkZS1jYXRhcHVsdDI	AAAAAAAAAAAAAAAA
A	dXBncmFkZS1kZWF0aC1hbmQtZGVjYXk	AAAAAAAAAAAAAAAA
A	dXBncmFkZS1kZWF0aC1jb2ls	RRRRRRRRRRRRRRRR
A	dXBncmFkZS1leG9yY2lzbQ	AAAAAAAAAAAAAAAA
A	dXBncmFkZS1leWUtb2Yta2lscm9nZw	RRRRRRRRRRRRRRRR
A	dXBncmFkZS1leWUtb2Yta2lscm9nZy1kb3VibGUtaGVhZA	RRRRRRRRRRRRRRRR
A	dXBncmFkZS1maXJlYmFsbA	RRRRRRRRRRRRRRRR
A	dXBncmFkZS1mbGFtZS1zaGllbGQ	AAAAAAAAAAAAAAAA
A	dXBncmFkZS1oYXN0ZQ	AAAAAAAAAAAAAAAA
A	dXBncmFkZS1oZWFsaW5n	AAAAAAAAAAAAAAAA
A	dXBncmFkZS1ob2x5LXZpc2lvbg	RRRRRRRRRRRRRRRR
A	dXBncmFkZS1odW1hbi1zaGllbGQx	AAAAAAAAAAAAAAAA
A	dXBncmFkZS1odW1hbi1zaGllbGQy	AAAAAAAAAAAAAAAA
A	dXBncmFkZS1odW1hbi1zaGlwLWFybW9yMQ	AAAAAAAAAAAAAAAA
A	dXBncmFkZS1odW1hbi1zaGlwLWFybW9yMg	AAAAAAAAAAAAAAAA
A	dXBncmFkZS1odW1hbi1zaGlwLWNhbm5vbjE	AAAAAAAAAAAAAAAA
A	dXBncmFkZS1odW1hbi1zaGlwLWNhbm5vbjI	AAAAAAAAAAAAAAAA
A	dXBncmFkZS1pbnZpc2liaWxpdHk	AAAAAAAAAAAAAAAA
A	dXBncmFkZS1saWdodC1heGVz	AAAAAAAAAAAAAAAA
A	dXBncmFkZS1sb25nYm93	AAAAAAAAAAAAAAAA
A	dXBncmFkZS1vZ3JlLW1hZ2U	AAAAAAAAAAAAAAAA
A	dXBncmFkZS1vcmMtc2hpZWxkMQ	AAAAAAAAAAAAAAAA
A	dXBncmFkZS1vcmMtc2hpZWxkMg	AAAAAAAAAAAAAAAA
A	dXBncmFkZS1vcmMtc2hpcC1hcm1vcjE	AAAAAAAAAAAAAAAA
A	dXBncmFkZS1vcmMtc2hpcC1hcm1vcjI	AAAAAAAAAAAAAAAA
A	dXBncmFkZS1vcmMtc2hpcC1jYW5ub24x	AAAAAAAAAAAAAAAA
A	dXBncmFkZS1vcmMtc2hpcC1jYW5ub24y	AAAAAAAAAAAAAAAA
A	dXBncmFkZS1wYWxhZGlu	AAAAAAAAAAAAAAAA
A	dXBncmFkZS1wb2x5bW9ycGg	AAAAAAAAAAAAAAAA
A	dXBncmFkZS1yYWlzZS1kZWFk	AAAAAAAAAAAAAAAA
A	dXBncmFkZS1yYW5nZXI	AAAAAAAAAAAAAAAA
A	dXBncmFkZS1yYW5nZXItbWFya3NtYW5zaGlw	AAAAAAAAAAAAAAAA
A	dXBncmFkZS1yYW5nZXItc2NvdXRpbmc	AAAAAAAAAAAAAAAA
A	dXBncmFkZS1ydW5lcw	AAAAAAAAAAAAAAAA
A	dXBncmFkZS1ydW5lcy1kb3VibGUtaGVhZA	RRRRRRRRRRRRRRRR
A	dXBncmFkZS1zbG93	AAAAAAAAAAAAAAAA
A	dXBncmFkZS1zd29yZDE	AAAAAAAAAAAAAAAA
A	dXBncmFkZS1zd29yZDI	AAAAAAAAAAAAAAAA
A	dXBncmFkZS10aHJvd2luZy1heGUx	AAAAAAAAAAAAAAAA
A	dXBncmFkZS10aHJvd2luZy1heGUy	AAAAAAAAAAAAAAAA
A	dXBncmFkZS11bmhvbHktYXJtb3I	AAAAAAAAAAAAAAAA
A	dXBncmFkZS13aGlybHdpbmQ	AAAAAAAAAAAAAAAA
I	0	aHVtLWV4cC02Yw	MAP
I	2	aHVtLWV4cC02YQ	MAP
I	4	aHVtLWV4cC02ZA	MAP
I	5	aHVtLWV4cC02Yg	MAP
T	TjUgVE9UQUwgTjAgRVEgUWRHaHBjdyBRUFQwIE4xIFFkVzVwZEMxaGNuUm9iM0l0YkdsMFpYSnBiM00gUWRXNXBkQzFqYVhKamJHVXRiMll0Y0c5M1pYSSBSRVNDVUVEX05FQVIgQU5EIFFkR2hwY3cgUVBUMCBOMSBRZFc1cGRDMXJibWxuYUhRdGNtbGtaWEkgUWRXNXBkQzFqYVhKamJHVXRiMll0Y0c5M1pYSSBSRVNDVUVEX05FQVIgQU5E	VklDVE9SWQ
T	VEhJUyBRZFc1cGRDMWhjblJvYjNJdGJHbDBaWEpwYjNNIFVOSVRfQ09VTlQgTjAgRVEgTjYgUWRXNXBkQzFoY25Sb2IzSXRiR2wwWlhKcGIzTSBVTklUX0NPVU5UIE4wIEVRIEFORA	REVGRUFU
T	VEhJUyBRZFc1cGRDMXJibWxuYUhRdGNtbGtaWEkgVU5JVF9DT1VOVCBOMCBFUSBONiBRZFc1cGRDMXJibWxuYUhRdGNtbGtaWEkgVU5JVF9DT1VOVCBOMCBFUSBBTkQ	REVGRUFU
T	VEhJUyBUT1RBTCBOMCBFUQ	REVGRUFU
E
M	Y2FtcGFpZ25zL2h1bWFuLWV4cC9sZXZlbHgwN2g	Li4vY2FtcGFpZ25zL2h1bWFuL2ludGVyZmFjZS9pbnRyb3NjcmVlbjEucG5n	3	Y2FtcGFpZ25zL2h1bWFuLWV4cC9sZXZlbHgwN2gtaW50cm8xLndhdg	Y2FtcGFpZ25zL2h1bWFuLWV4cC9sZXZlbHgwN2gtaW50cm8yLndhdg	Y2FtcGFpZ25zL2h1bWFuLWV4cC9sZXZlbHgwN2gtaW50cm8zLndhdg
A	dW5pdC1hbGNoZW1pc3Q	AAAAAAAAAAAAAAAA
A	dW5pdC1hbHRhci1vZi1zdG9ybXM	AAAAAAAAAAAAAAAA
A	dW5pdC1hcmNoZXI	AAAAAAAAAAAAAAAA
A	dW5pdC1hcnRob3ItbGl0ZXJpb3M	FFFFFFFFFFFFFFFF
A	dW5pdC1heGV0aHJvd2Vy	AAAAAAAAAAAAAAAA
A	dW5pdC1iYWxsaXN0YQ	AAAAAAAAAAAAAAAA
A	dW5pdC1iYWxsb29u	AAAAAAAAAAAAAAAA
A	dW5pdC1iYXR0bGVzaGlw	AAAAAAAAAAAAAAAA
A	dW5pdC1iZWFzdC1jcnk	FFFFFFFFFFFFFFFF
A	dW5pdC1iZXJzZXJrZXI	AAAAAAAAAAAAAAAA
A	dW5pdC1jYXN0bGU	AAAAAAAAAAAAAAAA
A	dW5pdC1jYXRhcHVsdA	AAAAAAAAAAAAAAAA
A	dW5pdC1jaHVyY2g	AAAAAAAAAAAAAAAA
A	dW5pdC1jaXJjbGUtb2YtcG93ZXI	FFFFFFFFFFFFFFFF
A	dW5pdC1jcml0dGVy	FFFFFFFFFFFFFFFF
A	dW5pdC1kYWVtb24	FFFFFFFFFFFFFFFF
A	dW5pdC1kYXJrLXBvcnRhbA	FFFFFFFFFFFFFFFF
A	dW5pdC1kZWFkLXNlYS1ib2R5	FFFFFFFFFFFFFFFF
A	dW5pdC1kZWF0aC1rbmlnaHQ	AAAAAAAAAAAAAAAA
A	dW5pdC1kZXN0cm95ZWQtMXgxLXBsYWNl	FFFFFFFFFFFFFFFF
A	dW5pdC1kZXN0cm95ZWQtMngyLXBsYWNl	FFFFFFFFFFFFFFFF
A	dW5pdC1kZXN0cm95ZWQtM3gzLXBsYWNl	FFFFFFFFFFFFFFFF
A	dW5pdC1kZXN0cm95ZWQtM3gzLXBsYWNlLXdhdGVy	FFFFFFFFFFFFFFFF
A	dW5pdC1kZXN0cm95ZWQtNHg0LXBsYWNl	FFFFFFFFFFFFFFFF
A	dW5pdC1kb3VibGUtaGVhZA	FFFFFFFFFFFFFFFF
A	dW5pdC1kcmFnb24	AAAAAAAAAAAAAAAA
A	dW5pdC1kcmFnb24tcm9vc3Q	AAAAAAAAAAAAAAAA
A	dW5pdC1kd2FydmVz	AAAAAAAAAAAAAAAA
A	dW5pdC1lbHZlbi1sdW1iZXItbWlsbA	AAAAAAAAAAAAAAAA
A	dW5pdC1ldmlsLWtuaWdodA	FFFFFFFFFFFFFFFF
A	dW5pdC1leWUtb2YtdmlzaW9u	FFFFFFFFFFFFFFFF
A	dW5pdC1mYWQtbWFu	FFFFFFFFFFFFFFFF
A	dW5pdC1mYXJt	AAAAAAAAAAAAAAAA
A	dW5pdC1mZW1hbGUtaGVybw	FFFFFFFFFFFFFFFF
A	dW5pdC1maXJlLWJyZWV6ZQ	FFFFFFFFFFFFFFFF
A	dW5pdC1mbHlpbmctYW5nZWw	FFFFFFFFFFFFFFFF
A	dW5pdC1mb290bWFu	AAAAAAAAAAAAAAAA
A	dW5pdC1mb3J0cmVzcw	AAAAAAAAAAAAAAAA
A	dW5pdC1nb2JsaW4tc2FwcGVycw	AAAAAAAAAAAAAAAA
A	dW5pdC1nb2xkLW1pbmU	FFFFFFFFFFFFFFFF
A	dW5pdC1ncmVhdC1oYWxs	AAAAAAAAAAAAAAAA
A	dW5pdC1ncnVudA	AAAAAAAAAAAAAAAA
A	dW5pdC1ncnlwaG9uLWF2aWFyeQ	AAAAAAAAAAAAAAAA
A	dW5pdC1ncnlwaG9uLXJpZGVy	AAAAAAAAAAAAAAAA
A	dW5pdC1odW1hbi1iYXJyYWNrcw	FFFFFFFFFFFFFFFF
A	dW5pdC1odW1hbi1ibGFja3NtaXRo	FFFFFFFFFFFFFFFF
A	dW5pdC1odW1hbi1jYW5ub24tdG93ZXI	AAAAAAAAAAAAAAAA
A	dW5pdC1odW1hbi1kZWFkLWJvZHk	FFFFFFFFFFFFFFFF
A	dW5pdC1odW1hbi1kZXN0cm95ZXI	AAAAAAAAAAAAAAAA
A	dW5pdC1odW1hbi1mb3VuZHJ5	FFFFFFFFFFFFFFFF
A	dW5pdC1odW1hbi1ndWFyZC10b3dlcg	AAAAAAAAAAAAAAAA
A	dW5pdC1odW1hbi1vaWwtcGxhdGZvcm0	AAAAAAAAAAAAAAAA
A	dW5pdC1odW1hbi1vaWwtdGFua2Vy	AAAAAAAAAAAAAAAA
A	dW5pdC1odW1hbi1yZWZpbmVyeQ	AAAAAAAAAAAAAAAA
A	dW5pdC1odW1hbi1zaGlweWFyZA	AAAAAAAAAAAAAAAA
A	dW5pdC1odW1hbi1zdGFydC1sb2NhdGlvbg	FFFFFFFFFFFFFFFF
A	dW5pdC1odW1hbi1zdWJtYXJpbmU	AAAAAAAAAAAAAAAA
A	dW5pdC1odW1hbi10cmFuc3BvcnQ	AAAAAAAAAAAAAAAA
A	dW5pdC1odW1hbi13YWxs	AAAAAAAAAAAAAAAA
A	dW5pdC1odW1hbi13YXRjaC10b3dlcg	FFFFFFFFFFFFFFFF
A	dW5pdC1pY2UtYnJpbmdlcg	FFFFFFFFFFFFFFFF
A	dW5pdC1pbnZlbnRvcg	AAAAAAAAAAAAAAAA
A	dW5pdC1rZWVw	FFFFFFFFFFFFFFFF
A	dW5pdC1rbmlnaHQ	AAAAAAAAAAAAAAAA
A	dW5pdC1rbmlnaHQtcmlkZXI	FFFFFFFFFFFFFFFF
A	dW5pdC1tYWdl	AAAAAAAAAAAAAAAA
A	dW5pdC1tYWdlLXRvd2Vy	AAAAAAAAAAAAAAAA
A	dW5pdC1tYW4tb2YtbGlnaHQ	FFFFFFFFFFFFFFFF
A	dW5pdC1vZ3Jl	AAAAAAAAAAAAAAAA
A	dW5pdC1vZ3JlLWp1Z2dlcm5hdWdodA	AAAAAAAAAAAAAAAA
A	dW5pdC1vZ3JlLW1hZ2U	AAAAAAAAAAAAAAAA
A	dW5pdC1vZ3JlLW1vdW5k	AAAAAAAAAAAAAAAA
A	dW5pdC1vaWwtcGF0Y2g	FFFFFFFFFFFFFFFF
A	dW5pdC1vcmMtYmFycmFja3M	AAAAAAAAAAAAAAAA
A	dW5pdC1vcmMtYmxhY2tzbWl0aA	AAAAAAAAAAAAAAAA
A	dW5pdC1vcmMtY2Fubm9uLXRvd2Vy	AAAAAAAAAAAAAAAA
A	dW5pdC1vcmMtZGVhZC1ib2R5	FFFFFFFFFFFFFFFF
A	dW5pdC1vcmMtZGVzdHJveWVy	AAAAAAAAAAAAAAAA
A	dW5pdC1vcmMtZm91bmRyeQ	AAAAAAAAAAAAAAAA
A	dW5pdC1vcmMtZ3VhcmQtdG93ZXI	AAAAAAAAAAAAAAAA
A	dW5pdC1vcmMtb2lsLXBsYXRmb3Jt	AAAAAAAAAAAAAAAA
A	dW5pdC1vcmMtb2lsLXRhbmtlcg	AAAAAAAAAAAAAAAA
A	dW5pdC1vcmMtcmVmaW5lcnk	AAAAAAAAAAAAAAAA
A	dW5pdC1vcmMtc2hpcHlhcmQ	AAAAAAAAAAAAAAAA
A	dW5pdC1vcmMtc3RhcnQtbG9jYXRpb24	FFFFFFFFFFFFFFFF
A	dW5pdC1vcmMtc3VibWFyaW5l	AAAAAAAAAAAAAAAA
A	dW5pdC1vcmMtdHJhbnNwb3J0	AAAAAAAAAAAAAAAA
A	dW5pdC1vcmMtd2FsbA	AAAAAAAAAAAAAAAA
A	dW5pdC1vcmMtd2F0Y2gtdG93ZXI	AAAAAAAAAAAAAAAA
A	dW5pdC1wYWxhZGlu	AAAAAAAAAAAAAAAA
A	dW5pdC1wZWFzYW50	AAAAAAAAAAAAAAAA
A	dW5pdC1wZW9u	AAAAAAAAAAAAAAAA
A	dW5pdC1waWctZmFybQ	AAAAAAAAAAAAAAAA
A	dW5pdC1xdWljay1ibGFkZQ	FFFFFFFFFFFFFFFF
A	dW5pdC1yYW5nZXI	AAAAAAAAAAAAAAAA
A	dW5pdC1ydW5lc3RvbmU	FFFFFFFFFFFFFFFF
A	dW5pdC1zaGFycC1heGU	FFFFFFFFFFFFFFFF
A	dW5pdC1za2VsZXRvbg	FFFFFFFFFFFFFFFF
A	dW5pdC1zdGFibGVz	AAAAAAAAAAAAAAAA
A	dW5pdC1zdHJvbmdob2xk	AAAAAAAAAAAAAAAA
A	dW5pdC10ZW1wbGUtb2YtdGhlLWRhbW5lZA	AAAAAAAAAAAAAAAA
A	dW5pdC10b3duLWhhbGw	AAAAAAAAAAAAAAAA
A	dW5pdC10cm9sbC1sdW1iZXItbWlsbA	AAAAAAAAAAAAAAAA
A	dW5pdC13aGl0ZS1tYWdl	FFFFFFFFFFFFFFFF
A	dW5pdC13aXNlLW1hbg	FFFFFFFFFFFFFFFF
A	dW5pdC16ZXBwZWxpbg	AAAAAAAAAAAAAAAA
A	dXBncmFkZS1hcnJvdzE	AAAAAAAAAAAAAAAA
A	dXBncmFkZS1hcnJvdzI	AAAAAAAAAAAAAAAA
A	dXBncmFkZS1iYWxsaXN0YTE	AAAAAAAAAAAAAAAA
A	dXBncmFkZS1iYWxsaXN0YTI	AAAAAAAAAAAAAAAA
A	dXBncmFkZS1iYXR0bGUtYXhlMQ	AAAAAAAAAAAAAAAA
A	dXBncmFkZS1iYXR0bGUtYXhlMg	AAAAAAAAAAAAAAAA
A	dXBncmFkZS1iZXJzZXJrZXI	AAAAAAAAAAAAAAAA
A	dXBncmFkZS1iZXJzZXJrZXItcmVnZW5lcmF0aW9u	AAAAAAAAAAAAAAAA
A	dXBncmFkZS1iZXJzZXJrZXItc2NvdXRpbmc	AAAAAAAAAAAAAAAA
A	dXBncmFkZS1ibGl6emFyZA	RRRRRRRRRRRRRRRR
A	dXBncmFkZS1ibG9vZGx1c3Q	AAAAAAAAAAAAAAAA
A	dXBncmFkZS1ibG9vZGx1c3QtZG91YmxlLWhlYWQ	RRRRRRRRRRRRRRRR
A	dXBncmFkZS1jYXRhcHVsdDE	AAAAAAAAAAAAAAAA
A	dXBncmFkZS1jYXRhcHVsdDI	AAAAAAAAAAAAAAAA
A	dXBncmFkZS1kZWF0aC1hbmQtZGVjYXk	AAAAAAAAAAAAAAAA
A	dXBncmFkZS1kZWF0aC1jb2ls	RRRRRRRRRRRRRRRR
A	dXBncmFkZS1leG9yY2lzbQ	RRRRRRRRRRRRRRRR
A	dXBncmFkZS1leWUtb2Yta2lscm9nZw	RRRRRRRRRRRRRRRR
A	dXBncmFkZS1leWUtb2Yta2lscm9nZy1kb3VibGUtaGVhZA	RRRRRRRRRRRRRRRR
A	dXBncmFkZS1maXJlYmFsbA	RRRRRRRRRRRRRRRR
A	dXBncmFkZS1mbGFtZS1zaGllbGQ	RRRRRRRRRRRRRRRR
A	dXBncmFkZS1oYXN0ZQ	AAAAAAAAAAAAAAAA
A	dXBncmFkZS1oZWFsaW5n	RRRRRRRRRRRRRRRR
A	dXBncmFkZS1ob2x5LXZpc2lvbg	FFFFFFFFFFFFFFFF
A	dXBncmFkZS1odW1hbi1zaGllbGQx	AAAAAAAAAAAAAAAA
A	dXBncmFkZS1odW1hbi1zaGllbGQy	AAAAAAAAAAAAAAAA
A	dXBncmFkZS1odW1hbi1zaGlwLWFybW9yMQ	AAAAAAAAAAAAAAAA
A	dXBncmFkZS1odW1hbi1zaGlwLWFybW9yMg	AAAAAAAAAAAAAAAA
A	dXBncmFkZS1odW1hbi1zaGlwLWNhbm5vbjE	AAAAAAAAAAAAAAAA
A	dXBncmFkZS1odW1hbi1zaGlwLWNhbm5vbjI	AAAAAAAAAAAAAAAA
A	dXBncmFkZS1pbnZpc2liaWxpdHk	RRRRRRRRRRRRRRRR
A	dXBncmFkZS1saWdodC1heGVz	AAAAAAAAAAAAAAAA
A	dXBncmFkZS1sb25nYm93	AAAAAAAAAAAAAAAA
A	dXBncmFkZS1vZ3JlLW1hZ2U	AAAAAAAAAAAAAAAA
A	dXBncmFkZS1vcmMtc2hpZWxkMQ	AAAAAAAAAAAAAAAA
A	dXBncmFkZS1vcmMtc2hpZWxkMg	AAAAAAAAAAAAAAAA
A	dXBncmFkZS1vcmMtc2hpcC1hcm1vcjE	AAAAAAAAAAAAAAAA
A	dXBncmFkZS1vcmMtc2hpcC1hcm1vcjI	AAAAAAAAAAAAAAAA
A	dXBncmFkZS1vcmMtc2hpcC1jYW5ub24x	AAAAAAAAAAAAAAAA
A	dXBncmFkZS1vcmMtc2hpcC1jYW5ub24y	AAAAAAAAAAAAAAAA
A	dXBncmFkZS1wYWxhZGlu	RRRRRRRRRRRRRRRR
A	dXBncmFkZS1wb2x5bW9ycGg	AAAAAAAAAAAAAAAA
A	dXBncmFkZS1yYWlzZS1kZWFk	AAAAAAAAAAAAAAAA
A	dXBncmFkZS1yYW5nZXI	FFFFFFFFFFFFFFFF
A	dXBncmFkZS1yYW5nZXItbWFya3NtYW5zaGlw	AAAAAAAAAAAAAAAA
A	dXBncmFkZS1yYW5nZXItc2NvdXRpbmc	AAAAAAAAAAAAAAAA
A	dXBncmFkZS1ydW5lcw	AAAAAAAAAAAAAAAA
A	dXBncmFkZS1ydW5lcy1kb3VibGUtaGVhZA	RRRRRRRRRRRRRRRR
A	dXBncmFkZS1zbG93	RRRRRRRRRRRRRRRR
A	dXBncmFkZS1zd29yZDE	AAAAAAAAAAAAAAAA
A	dXBncmFkZS1zd29yZDI	AAAAAAAAAAAAAAAA
A	dXBncmFkZS10aHJvd2luZy1heGUx	AAAAAAAAAAAAAAAA
A	dXBncmFkZS10aHJvd2luZy1heGUy	AAAAAAAAAAAAAAAA
A	dXBncmFkZS11bmhvbHktYXJtb3I	AAAAAAAAAAAAAAAA
A	dXBncmFkZS13aGlybHdpbmQ	AAAAAAAAAAAAAAAA
I	0	d2MyLXBhc3NpdmU	MAP
I	2	d2MyLXBhc3NpdmU	MAP
I	5	aHVtLWV4cC03YQ	MAP
I	6	d2MyLXBhc3NpdmU	MAP
T	TjIgUWRXNXBkQzFtYVhKbExXSnlaV1Y2WlEgVU5JVF9DT1VOVCBOMCBFUSBONSBRZFc1cGRDMW1hWEpsTFdKeVpXVjZaUSBVTklUX0NPVU5UIE4wIEVRIEFORCBONiBRZFc1cGRDMW1hWEpsTFdKeVpXVjZaUSBVTklUX0NPVU5UIE4wIEVRIEFORCBOMiBRZFc1cGRDMWtjbUZuYjI0dGNtOXZjM1EgVU5JVF9DT1VOVCBOMCBFUSBBTkQgTjUgUWRXNXBkQzFrY21GbmIyNHRjbTl2YzNRIFVOSVRfQ09VTlQgTjAgRVEgQU5EIE42IFFkVzVwZEMxa2NtRm5iMjR0Y205dmMzUSBVTklUX0NPVU5UIE4wIEVRIEFORA	VklDVE9SWQ
T	VEhJUyBRZFc1cGRDMTNhR2wwWlMxdFlXZGwgVU5JVF9DT1VOVCBOMCBFUSBONCBRZFc1cGRDMTNhR2wwWlMxdFlXZGwgVU5JVF9DT1VOVCBOMCBFUSBBTkQ	REVGRUFU
T	VEhJUyBRZFc1cGRDMW1aVzFoYkdVdGFHVnlidyBVTklUX0NPVU5UIE4wIEVRIE40IFFkVzVwZEMxbVpXMWhiR1V0YUdWeWJ3IFVOSVRfQ09VTlQgTjAgRVEgQU5E	REVGRUFU
T	VEhJUyBRZFc1cGRDMW1iSGxwYm1jdFlXNW5aV3cgVU5JVF9DT1VOVCBOMCBFUSBONCBRZFc1cGRDMW1iSGxwYm1jdFlXNW5aV3cgVU5JVF9DT1VOVCBOMCBFUSBBTkQ	REVGRUFU
T	VEhJUyBUT1RBTCBOMCBFUQ	REVGRUFU
E
M	Y2FtcGFpZ25zL2h1bWFuLWV4cC9sZXZlbHgwOGg	Li4vY2FtcGFpZ25zL2h1bWFuL2ludGVyZmFjZS9pbnRyb3NjcmVlbjEucG5n	2	Y2FtcGFpZ25zL2h1bWFuLWV4cC9sZXZlbHgwOGgtaW50cm8xLndhdg	Y2FtcGFpZ25zL2h1bWFuLWV4cC9sZXZlbHgwOGgtaW50cm8yLndhdg
A	dW5pdC1hbGNoZW1pc3Q	AAAAAAAAAAAAAAAA
A	dW5pdC1hbHRhci1vZi1zdG9ybXM	AAAAAAAAAAAAAAAA
A	dW5pdC1hcmNoZXI	AAAAAAAAAAAAAAAA
A	dW5pdC1hcnRob3ItbGl0ZXJpb3M	FFFFFFFFFFFFFFFF
A	dW5pdC1heGV0aHJvd2Vy	AAAAAAAAAAAAAAAA
A	dW5pdC1iYWxsaXN0YQ	AAAAAAAAAAAAAAAA
A	dW5pdC1iYWxsb29u	AAAAAAAAAAAAAAAA
A	dW5pdC1iYXR0bGVzaGlw	AAAAAAAAAAAAAAAA
A	dW5pdC1iZWFzdC1jcnk	FFFFFFFFFFFFFFFF
A	dW5pdC1iZXJzZXJrZXI	AAAAAAAAAAAAAAAA
A	dW5pdC1jYXN0bGU	AAAAAAAAAAAAAAAA
A	dW5pdC1jYXRhcHVsdA	AAAAAAAAAAAAAAAA
A	dW5pdC1jaHVyY2g	AAAAAAAAAAAAAAAA
A	dW5pdC1jaXJjbGUtb2YtcG93ZXI	FFFFFFFFFFFFFFFF
A	dW5pdC1jcml0dGVy	FFFFFFFFFFFFFFFF
A	dW5pdC1kYWVtb24	FFFFFFFFFFFFFFFF
A	dW5pdC1kYXJrLXBvcnRhbA	FFFFFFFFFFFFFFFF
A	dW5pdC1kZWFkLXNlYS1ib2R5	FFFFFFFFFFFFFFFF
A	dW5pdC1kZWF0aC1rbmlnaHQ	AAAAAAAAAAAAAAAA
A	dW5pdC1kZXN0cm95ZWQtMXgxLXBsYWNl	FFFFFFFFFFFFFFFF
A	dW5pdC1kZXN0cm95ZWQtMngyLXBsYWNl	FFFFFFFFFFFFFFFF
A	dW5pdC1kZXN0cm95ZWQtM3gzLXBsYWNl	FFFFFFFFFFFFFFFF
A	dW5pdC1kZXN0cm95ZWQtM3gzLXBsYWNlLXdhdGVy	FFFFFFFFFFFFFFFF
A	dW5pdC1kZXN0cm95ZWQtNHg0LXBsYWNl	FFFFFFFFFFFFFFFF
A	dW5pdC1kb3VibGUtaGVhZA	FFFFFFFFFFFFFFFF
A	dW5pdC1kcmFnb24	AAAAAAAAAAAAAAAA
A	dW5pdC1kcmFnb24tcm9vc3Q	AAAAAAAAAAAAAAAA
A	dW5pdC1kd2FydmVz	AAAAAAAAAAAAAAAA
A	dW5pdC1lbHZlbi1sdW1iZXItbWlsbA	AAAAAAAAAAAAAAAA
A	dW5pdC1ldmlsLWtuaWdodA	FFFFFFFFFFFFFFFF
A	dW5pdC1leWUtb2YtdmlzaW9u	FFFFFFFFFFFFFFFF
A	dW5pdC1mYWQtbWFu	FFFFFFFFFFFFFFFF
A	dW5pdC1mYXJt	AAAAAAAAAAAAAAAA
A	dW5pdC1mZW1hbGUtaGVybw	FFFFFFFFFFFFFFFF
A	dW5pdC1maXJlLWJyZWV6ZQ	FFFFFFFFFFFFFFFF
A	dW5pdC1mbHlpbmctYW5nZWw	FFFFFFFFFFFFFFFF
A	dW5pdC1mb290bWFu	AAAAAAAAAAAAAAAA
A	dW5pdC1mb3J0cmVzcw	AAAAAAAAAAAAAAAA
A	dW5pdC1nb2JsaW4tc2FwcGVycw	AAAAAAAAAAAAAAAA
A	dW5pdC1nb2xkLW1pbmU	FFFFFFFFFFFFFFFF
A	dW5pdC1ncmVhdC1oYWxs	AAAAAAAAAAAAAAAA
A	dW5pdC1ncnVudA	AAAAAAAAAAAAAAAA
A	dW5pdC1ncnlwaG9uLWF2aWFyeQ	AAAAAAAAAAAAAAAA
A	dW5pdC1ncnlwaG9uLXJpZGVy	AAAAAAAAAAAAAAAA
A	dW5pdC1odW1hbi1iYXJyYWNrcw	AAAAAAAAAAAAAAAA
A	dW5pdC1odW1hbi1ibGFja3NtaXRo	AAAAAAAAAAAAAAAA
A	dW5pdC1odW1hbi1jYW5ub24tdG93ZXI	AAAAAAAAAAAAAAAA
A	dW5pdC1odW1hbi1kZWFkLWJvZHk	FFFFFFFFFFFFFFFF
A	dW5pdC1odW1hbi1kZXN0cm95ZXI	AAAAAAAAAAAAAAAA
A	dW5pdC1odW1hbi1mb3VuZHJ5	AAAAAAAAAAAAAAAA
A	dW5pdC1odW1hbi1ndWFyZC10b3dlcg	AAAAAAAAAAAAAAAA
A	dW5pdC1odW1hbi1vaWwtcGxhdGZvcm0	AAAAAAAAAAAAAAAA
A	dW5pdC1odW1hbi1vaWwtdGFua2Vy	AAAAAAAAAAAAAAAA
A	dW5pdC1odW1hbi1yZWZpbmVyeQ	AAAAAAAAAAAAAAAA
A	dW5pdC1odW1hbi1zaGlweWFyZA	AAAAAAAAAAAAAAAA
A	dW5pdC1odW1hbi1zdGFydC1sb2NhdGlvbg	FFFFFFFFFFFFFFFF
A	dW5pdC1odW1hbi1zdWJtYXJpbmU	AAAAAAAAAAAAAAAA
A	dW5pdC1odW1hbi10cmFuc3BvcnQ	AAAAAAAAAAAAAAAA
A	dW5pdC1odW1hbi13YWxs	AAAAAAAAAAAAAAAA
A	dW5pdC1odW1hbi13YXRjaC10b3dlcg	AAAAAAAAAAAAAAAA
A	dW5pdC1pY2UtYnJpbmdlcg	FFFFFFFFFFFFFFFF
A	dW5pdC1pbnZlbnRvcg	AAAAAAAAAAAAAAAA
A	dW5pdC1rZWVw	AAAAAAAAAAAAAAAA
A	dW5pdC1rbmlnaHQ	AAAAAAAAAAAAAAAA
A	dW5pdC1rbmlnaHQtcmlkZXI	FFFFFFFFFFFFFFFF
A	dW5pdC1tYWdl	AAAAAAAAAAAAAAAA
A	dW5pdC1tYWdlLXRvd2Vy	AAAAAAAAAAAAAAAA
A	dW5pdC1tYW4tb2YtbGlnaHQ	FFFFFFFFFFFFFFFF
A	dW5pdC1vZ3Jl	AAAAAAAAAAAAAAAA
A	dW5pdC1vZ3JlLWp1Z2dlcm5hdWdodA	AAAAAAAAAAAAAAAA
A	dW5pdC1vZ3JlLW1hZ2U	AAAAAAAAAAAAAAAA
A	dW5pdC1vZ3JlLW1vdW5k	AAAAAAAAAAAAAAAA
A	dW5pdC1vaWwtcGF0Y2g	FFFFFFFFFFFFFFFF
A	dW5pdC1vcmMtYmFycmFja3M	AAAAAAAAAAAAAAAA
A	dW5pdC1vcmMtYmxhY2tzbWl0aA	AAAAAAAAAAAAAAAA
A	dW5pdC1vcmMtY2Fubm9uLXRvd2Vy	AAAAAAAAAAAAAAAA
A	dW5pdC1vcmMtZGVhZC1ib2R5	FFFFFFFFFFFFFFFF
A	dW5pdC1vcmMtZGVzdHJveWVy	AAAAAAAAAAAAAAAA
A	dW5pdC1vcmMtZm91bmRyeQ	AAAAAAAAAAAAAAAA
A	dW5pdC1vcmMtZ3VhcmQtdG93ZXI	AAAAAAAAAAAAAAAA
A	dW5pdC1vcmMtb2lsLXBsYXRmb3Jt	AAAAAAAAAAAAAAAA
A	dW5pdC1vcmMtb2lsLXRhbmtlcg	AAAAAAAAAAAAAAAA
A	dW5pdC1vcmMtcmVmaW5lcnk	AAAAAAAAAAAAAAAA
A	dW5pdC1vcmMtc2hpcHlhcmQ	AAAAAAAAAAAAAAAA
A	dW5pdC1vcmMtc3RhcnQtbG9jYXRpb24	FFFFFFFFFFFFFFFF
A	dW5pdC1vcmMtc3VibWFyaW5l	AAAAAAAAAAAAAAAA
A	dW5pdC1vcmMtdHJhbnNwb3J0	AAAAAAAAAAAAAAAA
A	dW5pdC1vcmMtd2FsbA	AAAAAAAAAAAAAAAA
A	dW5pdC1vcmMtd2F0Y2gtdG93ZXI	AAAAAAAAAAAAAAAA
A	dW5pdC1wYWxhZGlu	AAAAAAAAAAAAAAAA
A	dW5pdC1wZWFzYW50	AAAAAAAAAAAAAAAA
A	dW5pdC1wZW9u	AAAAAAAAAAAAAAAA
A	dW5pdC1waWctZmFybQ	AAAAAAAAAAAAAAAA
A	dW5pdC1xdWljay1ibGFkZQ	FFFFFFFFFFFFFFFF
A	dW5pdC1yYW5nZXI	AAAAAAAAAAAAAAAA
A	dW5pdC1ydW5lc3RvbmU	FFFFFFFFFFFFFFFF
A	dW5pdC1zaGFycC1heGU	FFFFFFFFFFFFFFFF
A	dW5pdC1za2VsZXRvbg	FFFFFFFFFFFFFFFF
A	dW5pdC1zdGFibGVz	AAAAAAAAAAAAAAAA
A	dW5pdC1zdHJvbmdob2xk	AAAAAAAAAAAAAAAA
A	dW5pdC10ZW1wbGUtb2YtdGhlLWRhbW5lZA	AAAAAAAAAAAAAAAA
A	dW5pdC10b3duLWhhbGw	AAAAAAAAAAAAAAAA
A	dW5pdC10cm9sbC1sdW1iZXItbWlsbA	AAAAAAAAAAAAAAAA
A	dW5pdC13aGl0ZS1tYWdl	FFFFFFFFFFFFFFFF
A	dW5pdC13aXNlLW1hbg	FFFFFFFFFFFFFFFF
A	dW5pdC16ZXBwZWxpbg	AAAAAAAAAAAAAAAA
A	dXBncmFkZS1hcnJvdzE	AAAAAAAAAAAAAAAA
A	dXBncmFkZS1hcnJvdzI	AAAAAAAAAAAAAAAA
A	dXBncmFkZS1iYWxsaXN0YTE	AAAAAAAAAAAAAAAA
A	dXBncmFkZS1iYWxsaXN0YTI	AAAAAAAAAAAAAAAA
A	dXBncmFkZS1iYXR0bGUtYXhlMQ	AAAAAAAAAAAAAAAA
A	dXBncmFkZS1iYXR0bGUtYXhlMg	AAAAAAAAAAAAAAAA
A	dXBncmFkZS1iZXJzZXJrZXI	AAAAAAAAAAAAAAAA
A	dXBncmFkZS1iZXJzZXJrZXItcmVnZW5lcmF0aW9u	AAAAAAAAAAAAAAAA
A	dXBncmFkZS1iZXJzZXJrZXItc2NvdXRpbmc	AAAAAAAAAAAAAAAA
A	dXBncmFkZS1ibGl6emFyZA	AAAAAAAAAAAAAAAA
A	dXBncmFkZS1ibG9vZGx1c3Q	AAAAAAAAAAAAAAAA
A	dXBncmFkZS1ibG9vZGx1c3QtZG91YmxlLWhlYWQ	RRRRRRRRRRRRRRRR
A	dXBncmFkZS1jYXRhcHVsdDE	AAAAAAAAAAAAAAAA
A	dXBncmFkZS1jYXRhcHVsdDI	AAAAAAAAAAAAAAAA
A	dXBncmFkZS1kZWF0aC1hbmQtZGVjYXk	AAAAAAAAAAAAAAAA
A	dXBncmFkZS1kZWF0aC1jb2ls	RRRRRRRRRRRRRRRR
A	dXBncmFkZS1leG9yY2lzbQ	AAAAAAAAAAAAAAAA
A	dXBncmFkZS1leWUtb2Yta2lscm9nZw	RRRRRRRRRRRRRRRR
A	dXBncmFkZS1leWUtb2Yta2lscm9nZy1kb3VibGUtaGVhZA	RRRRRRRRRRRRRRRR
A	dXBncmFkZS1maXJlYmFsbA	RRRRRRRRRRRRRRRR
A	dXBncmFkZS1mbGFtZS1zaGllbGQ	AAAAAAAAAAAAAAAA
A	dXBncmFkZS1oYXN0ZQ	AAAAAAAAAAAAAAAA
A	dXBncmFkZS1oZWFsaW5n	AAAAAAAAAAAAAAAA
A	dXBncmFkZS1ob2x5LXZpc2lvbg	RRRRRRRRRRRRRRRR
A	dXBncmFkZS1odW1hbi1zaGllbGQx	AAAAAAAAAAAAAAAA
A	dXBncmFkZS1odW1hbi1zaGllbGQy	AAAAAAAAAAAAAAAA
A	dXBncmFkZS1odW1hbi1zaGlwLWFybW9yMQ	AAAAAAAAAAAAAAAA
A	dXBncmFkZS1odW1hbi1zaGlwLWFybW9yMg	AAAAAAAAAAAAAAAA
A	dXBncmFkZS1odW1hbi1zaGlwLWNhbm5vbjE	AAAAAAAAAAAAAAAA
A	dXBncmFkZS1odW1hbi1zaGlwLWNhbm5vbjI	AAAAAAAAAAAAAAAA
A	dXBncmFkZS1pbnZpc2liaWxpdHk	AAAAAAAAAAAAAAAA
A	dXBncmFkZS1saWdodC1heGVz	AAAAAAAAAAAAAAAA
A	dXBncmFkZS1sb25nYm93	AAAAAAAAAAAAAAAA
A	dXBncmFkZS1vZ3JlLW1hZ2U	AAAAAAAAAAAAAAAA
A	dXBncmFkZS1vcmMtc2hpZWxkMQ	AAAAAAAAAAAAAAAA
A	dXBncmFkZS1vcmMtc2hpZWxkMg	AAAAAAAAAAAAAAAA
A	dXBncmFkZS1vcmMtc2hpcC1hcm1vcjE	AAAAAAAAAAAAAAAA
A	dXBncmFkZS1vcmMtc2hpcC1hcm1vcjI	AAAAAAAAAAAAAAAA
A	dXBncmFkZS1vcmMtc2hpcC1jYW5ub24x	AAAAAAAAAAAAAAAA
A	dXBncmFkZS1vcmMtc2hpcC1jYW5ub24y	AAAAAAAAAAAAAAAA
A	dXBncmFkZS1wYWxhZGlu	AAAAAAAAAAAAAAAA
A	dXBncmFkZS1wb2x5bW9ycGg	AAAAAAAAAAAAAAAA
A	dXBncmFkZS1yYWlzZS1kZWFk	AAAAAAAAAAAAAAAA
A	dXBncmFkZS1yYW5nZXI	AAAAAAAAAAAAAAAA
A	dXBncmFkZS1yYW5nZXItbWFya3NtYW5zaGlw	AAAAAAAAAAAAAAAA
A	dXBncmFkZS1yYW5nZXItc2NvdXRpbmc	AAAAAAAAAAAAAAAA
A	dXBncmFkZS1ydW5lcw	AAAAAAAAAAAAAAAA
A	dXBncmFkZS1ydW5lcy1kb3VibGUtaGVhZA	RRRRRRRRRRRRRRRR
A	dXBncmFkZS1zbG93	AAAAAAAAAAAAAAAA
A	dXBncmFkZS1zd29yZDE	AAAAAAAAAAAAAAAA
A	dXBncmFkZS1zd29yZDI	AAAAAAAAAAAAAAAA
A	dXBncmFkZS10aHJvd2luZy1heGUx	AAAAAAAAAAAAAAAA
A	dXBncmFkZS10aHJvd2luZy1heGUy	AAAAAAAAAAAAAAAA
A	dXBncmFkZS11bmhvbHktYXJtb3I	AAAAAAAAAAAAAAAA
A	dXBncmFkZS13aGlybHdpbmQ	AAAAAAAAAAAAAAAA
I	3	aHVtLWV4cC04Yw	MAP
I	6	aHVtLWV4cC04YQ	MAP
I	7	aHVtLWV4cC04Yg	MAP
T	TjMgVE9UQUwgTjAgRVEgTjYgVE9UQUwgTjAgRVEgQU5EIE43IFRPVEFMIE4wIEVRIEFORA	VklDVE9SWQ
T	VEhJUyBUT1RBTCBOMCBFUQ	REVGRUFU
E
M	Y2FtcGFpZ25zL2h1bWFuLWV4cC9sZXZlbHgwOWg	Li4vY2FtcGFpZ25zL2h1bWFuL2ludGVyZmFjZS9pbnRyb3NjcmVlbjEucG5n	2	Y2FtcGFpZ25zL2h1bWFuLWV4cC9sZXZlbHgwOWgtaW50cm8xLndhdg	Y2FtcGFpZ25zL2h1bWFuLWV4cC9sZXZlbHgwOWgtaW50cm8yLndhdg
A	dW5pdC1hbGNoZW1pc3Q	AAAAAAAAAAAAAAAA
A	dW5pdC1hbHRhci1vZi1zdG9ybXM	AAAAAAAAAAAAAAAA
A	dW5pdC1hcmNoZXI	AAAAAAAAAAAAAAAA
A	dW5pdC1hcnRob3ItbGl0ZXJpb3M	FFFFFFFFFFFFFFFF
A	dW5pdC1heGV0aHJvd2Vy	AAAAAAAAAAAAAAAA
A	dW5pdC1iYWxsaXN0YQ	AAAAAAAAAAAAAAAA
A	dW5pdC1iYWxsb29u	AAAAAAAAAAAAAAAA
A	dW5pdC1iYXR0bGVzaGlw	AAAAAAAAAAAAAAAA
A	dW5pdC1iZWFzdC1jcnk	FFFFFFFFFFFFFFFF
A	dW5pdC1iZXJzZXJrZXI	AAAAAAAAAAAAAAAA
A	dW5pdC1jYXN0bGU	AAAAAAAAAAAAAAAA
A	dW5pdC1jYXRhcHVsdA	AAAAAAAAAAAAAAAA
A	dW5pdC1jaHVyY2g	AAAAAAAAAAAAAAAA
A	dW5pdC1jaXJjbGUtb2YtcG93ZXI	FFFFFFFFFFFFFFFF
A	dW5pdC1jcml0dGVy	FFFFFFFFFFFFFFFF
A	dW5pdC1kYWVtb24	FFFFFFFFFFFFFFFF
A	dW5pdC1kYXJrLXBvcnRhbA	FFFFFFFFFFFFFFFF
A	dW5pdC1kZWFkLXNlYS1ib2R5	FFFFFFFFFFFFFFFF
A	dW5pdC1kZWF0aC1rbmlnaHQ	AAAAAAAAAAAAAAAA
A	dW5pdC1kZXN0cm95ZWQtMXgxLXBsYWNl	FFFFFFFFFFFFFFFF
A	dW5pdC1kZXN0cm95ZWQtMngyLXBsYWNl	FFFFFFFFFFFFFFFF
A	dW5pdC1kZXN0cm95ZWQtM3gzLXBsYWNl	FFFFFFFFFFFFFFFF
A	dW5pdC1kZXN0cm95ZWQtM3gzLXBsYWNlLXdhdGVy	FFFFFFFFFFFFFFFF
A	dW5pdC1kZXN0cm95ZWQtNHg0LXBsYWNl	FFFFFFFFFFFFFFFF
A	dW5pdC1kb3VibGUtaGVhZA	FFFFFFFFFFFFFFFF
A	dW5pdC1kcmFnb24	AAAAAAAAAAAAAAAA
A	dW5pdC1kcmFnb24tcm9vc3Q	AAAAAAAAAAAAAAAA
A	dW5pdC1kd2FydmVz	AAAAAAAAAAAAAAAA
A	dW5pdC1lbHZlbi1sdW1iZXItbWlsbA	AAAAAAAAAAAAAAAA
A	dW5pdC1ldmlsLWtuaWdodA	FFFFFFFFFFFFFFFF
A	dW5pdC1leWUtb2YtdmlzaW9u	FFFFFFFFFFFFFFFF
A	dW5pdC1mYWQtbWFu	FFFFFFFFFFFFFFFF
A	dW5pdC1mYXJt	AAAAAAAAAAAAAAAA
A	dW5pdC1mZW1hbGUtaGVybw	FFFFFFFFFFFFFFFF
A	dW5pdC1maXJlLWJyZWV6ZQ	FFFFFFFFFFFFFFFF
A	dW5pdC1mbHlpbmctYW5nZWw	FFFFFFFFFFFFFFFF
A	dW5pdC1mb290bWFu	AAAAAAAAAAAAAAAA
A	dW5pdC1mb3J0cmVzcw	AAAAAAAAAAAAAAAA
A	dW5pdC1nb2JsaW4tc2FwcGVycw	AAAAAAAAAAAAAAAA
A	dW5pdC1nb2xkLW1pbmU	FFFFFFFFFFFFFFFF
A	dW5pdC1ncmVhdC1oYWxs	AAAAAAAAAAAAAAAA
A	dW5pdC1ncnVudA	AAAAAAAAAAAAAAAA
A	dW5pdC1ncnlwaG9uLWF2aWFyeQ	AAAAAAAAAAAAAAAA
A	dW5pdC1ncnlwaG9uLXJpZGVy	AAAAAAAAAAAAAAAA
A	dW5pdC1odW1hbi1iYXJyYWNrcw	AAAAAAAAAAAAAAAA
A	dW5pdC1odW1hbi1ibGFja3NtaXRo	AAAAAAAAAAAAAAAA
A	dW5pdC1odW1hbi1jYW5ub24tdG93ZXI	AAAAAAAAAAAAAAAA
A	dW5pdC1odW1hbi1kZWFkLWJvZHk	FFFFFFFFFFFFFFFF
A	dW5pdC1odW1hbi1kZXN0cm95ZXI	AAAAAAAAAAAAAAAA
A	dW5pdC1odW1hbi1mb3VuZHJ5	AAAAAAAAAAAAAAAA
A	dW5pdC1odW1hbi1ndWFyZC10b3dlcg	AAAAAAAAAAAAAAAA
A	dW5pdC1odW1hbi1vaWwtcGxhdGZvcm0	AAAAAAAAAAAAAAAA
A	dW5pdC1odW1hbi1vaWwtdGFua2Vy	AAAAAAAAAAAAAAAA
A	dW5pdC1odW1hbi1yZWZpbmVyeQ	AAAAAAAAAAAAAAAA
A	dW5pdC1odW1hbi1zaGlweWFyZA	AAAAAAAAAAAAAAAA
A	dW5pdC1odW1hbi1zdGFydC1sb2NhdGlvbg	FFFFFFFFFFFFFFFF
A	dW5pdC1odW1hbi1zdWJtYXJpbmU	AAAAAAAAAAAAAAAA
A	dW5pdC1odW1hbi10cmFuc3BvcnQ	AAAAAAAAAAAAAAAA
A	dW5pdC1odW1hbi13YWxs	AAAAAAAAAAAAAAAA
A	dW5pdC1odW1hbi13YXRjaC10b3dlcg	AAAAAAAAAAAAAAAA
A	dW5pdC1pY2UtYnJpbmdlcg	FFFFFFFFFFFFFFFF
A	dW5pdC1pbnZlbnRvcg	AAAAAAAAAAAAAAAA
A	dW5pdC1rZWVw	AAAAAAAAAAAAAAAA
A	dW5pdC1rbmlnaHQ	AAAAAAAAAAAAAAAA
A	dW5pdC1rbmlnaHQtcmlkZXI	FFFFFFFFFFFFFFFF
A	dW5pdC1tYWdl	AAAAAAAAAAAAAAAA
A	dW5pdC1tYWdlLXRvd2Vy	AAAAAAAAAAAAAAAA
A	dW5pdC1tYW4tb2YtbGlnaHQ	FFFFFFFFFFFFFFFF
A	dW5pdC1vZ3Jl	AAAAAAAAAAAAAAAA
A	dW5pdC1vZ3JlLWp1Z2dlcm5hdWdodA	AAAAAAAAAAAAAAAA
A	dW5pdC1vZ3JlLW1hZ2U	AAAAAAAAAAAAAAAA
A	dW5pdC1vZ3JlLW1vdW5k	AAAAAAAAAAAAAAAA
A	dW5pdC1vaWwtcGF0Y2g	FFFFFFFFFFFFFFFF
A	dW5pdC1vcmMtYmFycmFja3M	AAAAAAAAAAAAAAAA
A	dW5pdC1vcmMtYmxhY2tzbWl0aA	AAAAAAAAAAAAAAAA
A	dW5pdC1vcmMtY2Fubm9uLXRvd2Vy	AAAAAAAAAAAAAAAA
A	dW5pdC1vcmMtZGVhZC1ib2R5	FFFFFFFFFFFFFFFF
A	dW5pdC1vcmMtZGVzdHJveWVy	AAAAAAAAAAAAAAAA
A	dW5pdC1vcmMtZm91bmRyeQ	AAAAAAAAAAAAAAAA
A	dW5pdC1vcmMtZ3VhcmQtdG93ZXI	AAAAAAAAAAAAAAAA
A	dW5pdC1vcmMtb2lsLXBsYXRmb3Jt	AAAAAAAAAAAAAAAA
A	dW5pdC1vcmMtb2lsLXRhbmtlcg	AAAAAAAAAAAAAAAA
A	dW5pdC1vcmMtcmVmaW5lcnk	AAAAAAAAAAAAAAAA
A	dW5pdC1vcmMtc2hpcHlhcmQ	AAAAAAAAAAAAAAAA
A	dW5pdC1vcmMtc3RhcnQtbG9jYXRpb24	FFFFFFFFFFFFFFFF
A	dW5pdC1vcmMtc3VibWFyaW5l	AAAAAAAAAAAAAAAA
A	dW5pdC1vcmMtdHJhbnNwb3J0	AAAAAAAAAAAAAAAA
A	dW5pdC1vcmMtd2FsbA	AAAAAAAAAAAAAAAA
A	dW5pdC1vcmMtd2F0Y2gtdG93ZXI	AAAAAAAAAAAAAAAA
A	dW5pdC1wYWxhZGlu	AAAAAAAAAAAAAAAA
A	dW5pdC1wZWFzYW50	AAAAAAAAAAAAAAAA
A	dW5pdC1wZW9u	AAAAAAAAAAAAAAAA
A	dW5pdC1waWctZmFybQ	AAAAAAAAAAAAAAAA
A	dW5pdC1xdWljay1ibGFkZQ	FFFFFFFFFFFFFFFF
A	dW5pdC1yYW5nZXI	AAAAAAAAAAAAAAAA
A	dW5pdC1ydW5lc3RvbmU	FFFFFFFFFFFFFFFF
A	dW5pdC1zaGFycC1heGU	FFFFFFFFFFFFFFFF
A	dW5pdC1za2VsZXRvbg	FFFFFFFFFFFFFFFF
A	dW5pdC1zdGFibGVz	AAAAAAAAAAAAAAAA
A	dW5pdC1zdHJvbmdob2xk	AAAAAAAAAAAAAAAA
A	dW5pdC10ZW1wbGUtb2YtdGhlLWRhbW5lZA	AAAAAAAAAAAAAAAA
A	dW5pdC10b3duLWhhbGw	AAAAAAAAAAAAAAAA
A	dW5pdC10cm9sbC1sdW1iZXItbWlsbA	AAAAAAAAAAAAAAAA
A	dW5pdC13aGl0ZS1tYWdl	FFFFFFFFFFFFFFFF
A	dW5pdC13aXNlLW1hbg	FFFFFFFFFFFFFFFF
A	dW5pdC16ZXBwZWxpbg	AAAAAAAAAAAAAAAA
A	dXBncmFkZS1hcnJvdzE	AAAAAAAAAAAAAAAA
A	dXBncmFkZS1hcnJvdzI	AAAAAAAAAAAAAAAA
A	dXBncmFkZS1iYWxsaXN0YTE	AAAAAAAAAAAAAAAA
A	dXBncmFkZS1iYWxsaXN0YTI	AAAAAAAAAAAAAAAA
A	dXBncmFkZS1iYXR0bGUtYXhlMQ	AAAAAAAAAAAAAAAA
A	dXBncmFkZS1iYXR0bGUtYXhlMg	AAAAAAAAAAAAAAAA
A	dXBncmFkZS1iZXJzZXJrZXI	AAAAAAAAAAAAAAAA
A	dXBncmFkZS1iZXJzZXJrZXItcmVnZW5lcmF0aW9u	AAAAAAAAAAAAAAAA
A	dXBncmFkZS1iZXJzZXJrZXItc2NvdXRpbmc	AAAAAAAAAAAAAAAA
A	dXBncmFkZS1ibGl6emFyZA	AAAAAAAAAAAAAAAA
A	dXBncmFkZS1ibG9vZGx1c3Q	AAAAAAAAAAAAAAAA
A	dXBncmFkZS1ibG9vZGx1c3QtZG91YmxlLWhlYWQ	RRRRRRRRRRRRRRRR
A	dXBncmFkZS1jYXRhcHVsdDE	AAAAAAAAAAAAAAAA
A	dXBncmFkZS1jYXRhcHVsdDI	AAAAAAAAAAAAAAAA
A	dXBncmFkZS1kZWF0aC1hbmQtZGVjYXk	AAAAAAAAAAAAAAAA
A	dXBncmFkZS1kZWF0aC1jb2ls	RRRRRRRRRRRRRRRR
A	dXBncmFkZS1leG9yY2lzbQ	AAAAAAAAAAAAAAAA
A	dXBncmFkZS1leWUtb2Yta2lscm9nZw	RRRRRRRRRRRRRRRR
A	dXBncmFkZS1leWUtb2Yta2lscm9nZy1kb3VibGUtaGVhZA	RRRRRRRRRRRRRRRR
A	dXBncmFkZS1maXJlYmFsbA	RRRRRRRRRRRRRRRR
A	dXBncmFkZS1mbGFtZS1zaGllbGQ	AAAAAAAAAAAAAAAA
A	dXBncmFkZS1oYXN0ZQ	AAAAAAAAAAAAAAAA
A	dXBncmFkZS1oZWFsaW5n	AAAAAAAAAAAAAAAA
A	dXBncmFkZS1ob2x5LXZpc2lvbg	RRRRRRRRRRRRRRRR
A	dXBncmFkZS1odW1hbi1zaGllbGQx	AAAAAAAAAAAAAAAA
A	dXBncmFkZS1odW1hbi1zaGllbGQy	AAAAAAAAAAAAAAAA
A	dXBncmFkZS1odW1hbi1zaGlwLWFybW9yMQ	AAAAAAAAAAAAAAAA
A	dXBncmFkZS1odW1hbi1zaGlwLWFybW9yMg	AAAAAAAAAAAAAAAA
A	dXBncmFkZS1odW1hbi1zaGlwLWNhbm5vbjE	AAAAAAAAAAAAAAAA
A	dXBncmFkZS1odW1hbi1zaGlwLWNhbm5vbjI	AAAAAAAAAAAAAAAA
A	dXBncmFkZS1pbnZpc2liaWxpdHk	AAAAAAAAAAAAAAAA
A	dXBncmFkZS1saWdodC1heGVz	AAAAAAAAAAAAAAAA
A	dXBncmFkZS1sb25nYm93	AAAAAAAAAAAAAAAA
A	dXBncmFkZS1vZ3JlLW1hZ2U	AAAAAAAAAAAAAAAA
A	dXBncmFkZS1vcmMtc2hpZWxkMQ	AAAAAAAAAAAAAAAA
A	dXBncmFkZS1vcmMtc2hpZWxkMg	AAAAAAAAAAAAAAAA
A	dXBncmFkZS1vcmMtc2hpcC1hcm1vcjE	AAAAAAAAAAAAAAAA
A	dXBncmFkZS1vcmMtc2hpcC1hcm1vcjI	AAAAAAAAAAAAAAAA
A	dXBncmFkZS1vcmMtc2hpcC1jYW5ub24x	AAAAAAAAAAAAAAAA
A	dXBncmFkZS1vcmMtc2hpcC1jYW5ub24y	AAAAAAAAAAAAAAAA
A	dXBncmFkZS1wYWxhZGlu	AAAAAAAAAAAAAAAA
A	dXBncmFkZS1wb2x5bW9ycGg	AAAAAAAAAAAAAAAA
A	dXBncmFkZS1yYWlzZS1kZWFk	AAAAAAAAAAAAAAAA
A	dXBncmFkZS1yYW5nZXI	AAAAAAAAAAAAAAAA
A	dXBncmFkZS1yYW5nZXItbWFya3NtYW5zaGlw	AAAAAAAAAAAAAAAA
A	dXBncmFkZS1yYW5nZXItc2NvdXRpbmc	AAAAAAAAAAAAAAAA
A	dXBncmFkZS1ydW5lcw	AAAAAAAAAAAAAAAA
A	dXBncmFkZS1ydW5lcy1kb3VibGUtaGVhZA	RRRRRRRRRRRRRRRR
A	dXBncmFkZS1zbG93	AAAAAAAAAAAAAAAA
A	dXBncmFkZS1zd29yZDE	AAAAAAAAAAAAAAAA
A	dXBncmFkZS1zd29yZDI	AAAAAAAAAAAAAAAA
A	dXBncmFkZS10aHJvd2luZy1heGUx	AAAAAAAAAAAAAAAA
A	dXBncmFkZS10aHJvd2luZy1heGUy	AAAAAAAAAAAAAAAA
A	dXBncmFkZS11bmhvbHktYXJtb3I	AAAAAAAAAAAAAAAA
A	dXBncmFkZS13aGlybHdpbmQ	AAAAAAAAAAAAAAAA
I	0	aHVtLWV4cC05Yg	MAP
I	2	aHVtLWV4cC05Yw	MAP
I	4	d2MyLXBhc3NpdmU	MAP
I	5	aHVtLWV4cC05YQ	MAP
I	6	aHVtLWV4cC05ZA	MAP
T	TjQgUWRXNXBkQzF5ZFc1bGMzUnZibVUgVU5JVF9DT1VOVCBOMCBFUSBONSBRZFc1cGRDMW1iM0owY21WemN3IFVOSVRfQ09VTlQgTjAgRVEgQU5E	VklDVE9SWQ
T	VEhJUyBUT1RBTCBOMCBFUQ	REVGRUFU
E
M	Y2FtcGFpZ25zL2h1bWFuLWV4cC9sZXZlbHgxMGg	Li4vY2FtcGFpZ25zL2h1bWFuL2ludGVyZmFjZS9pbnRyb3NjcmVlbjEucG5n	3	Y2FtcGFpZ25zL2h1bWFuLWV4cC9sZXZlbHgxMGgtaW50cm8xLndhdg	Y2FtcGFpZ25zL2h1bWFuLWV4cC9sZXZlbHgxMGgtaW50cm8yLndhdg	Y2FtcGFpZ25zL2h1bWFuLWV4cC9sZXZlbHgxMGgtaW50cm8zLndhdg
A	dW5pdC1hbGNoZW1pc3Q	AAAAAAAAAAAAAAAA
A	dW5pdC1hbHRhci1vZi1zdG9ybXM	AAAAAAAAAAAAAAAA
A	dW5pdC1hcmNoZXI	AAAAAAAAAAAAAAAA
A	dW5pdC1hcnRob3ItbGl0ZXJpb3M	FFFFFFFFFFFFFFFF
A	dW5pdC1heGV0aHJvd2Vy	AAAAAAAAAAAAAAAA
A	dW5pdC1iYWxsaXN0YQ	AAAAAAAAAAAAAAAA
A	dW5pdC1iYWxsb29u	AAAAAAAAAAAAAAAA
A	dW5pdC1iYXR0bGVzaGlw	AAAAAAAAAAAAAAAA
A	dW5pdC1iZWFzdC1jcnk	FFFFFFFFFFFFFFFF
A	dW5pdC1iZXJzZXJrZXI	AAAAAAAAAAAAAAAA
A	dW5pdC1jYXN0bGU	AAAAAAAAAAAAAAAA
A	dW5pdC1jYXRhcHVsdA	AAAAAAAAAAAAAAAA
A	dW5pdC1jaHVyY2g	AAAAAAAAAAAAAAAA
A	dW5pdC1jaXJjbGUtb2YtcG93ZXI	FFFFFFFFFFFFFFFF
A	dW5pdC1jcml0dGVy	FFFFFFFFFFFFFFFF
A	dW5pdC1kYWVtb24	FFFFFFFFFFFFFFFF
A	dW5pdC1kYXJrLXBvcnRhbA	FFFFFFFFFFFFFFFF
A	dW5pdC1kZWFkLXNlYS1ib2R5	FFFFFFFFFFFFFFFF
A	dW5pdC1kZWF0aC1rbmlnaHQ	AAAAAAAAAAAAAAAA
A	dW5pdC1kZXN0cm95ZWQtMXgxLXBsYWNl	FFFFFFFFFFFFFFFF
A	dW5pdC1kZXN0cm95ZWQtMngyLXBsYWNl	FFFFFFFFFFFFFFFF
A	dW5pdC1kZXN0cm95ZWQtM3gzLXBsYWNl	FFFFFFFFFFFFFFFF
A	dW5pdC1kZXN0cm95ZWQtM3gzLXBsYWNlLXdhdGVy	FFFFFFFFFFFFFFFF
A	dW5pdC1kZXN0cm95ZWQtNHg0LXBsYWNl	FFFFFFFFFFFFFFFF
A	dW5pdC1kb3VibGUtaGVhZA	FFFFFFFFFFFFFFFF
A	dW5pdC1kcmFnb24	AAAAAAAAAAAAAAAA
A	dW5pdC1kcmFnb24tcm9vc3Q	AAAAAAAAAAAAAAAA
A	dW5pdC1kd2FydmVz	AAAAAAAAAAAAAAAA
A	dW5pdC1lbHZlbi1sdW1iZXItbWlsbA	AAAAAAAAAAAAAAAA
A	dW5pdC1ldmlsLWtuaWdodA	FFFFFFFFFFFFFFFF
A	dW5pdC1leWUtb2YtdmlzaW9u	FFFFFFFFFFFFFFFF
A	dW5pdC1mYWQtbWFu	FFFFFFFFFFFFFFFF
A	dW5pdC1mYXJt	AAAAAAAAAAAAAAAA
A	dW5pdC1mZW1hbGUtaGVybw	FFFFFFFFFFFFFFFF
A	dW5pdC1maXJlLWJyZWV6ZQ	FFFFFFFFFFFFFFFF
A	dW5pdC1mbHlpbmctYW5nZWw	FFFFFFFFFFFFFFFF
A	dW5pdC1mb290bWFu	AAAAAAAAAAAAAAAA
A	dW5pdC1mb3J0cmVzcw	AAAAAAAAAAAAAAAA
A	dW5pdC1nb2JsaW4tc2FwcGVycw	AAAAAAAAAAAAAAAA
A	dW5pdC1nb2xkLW1pbmU	FFFFFFFFFFFFFFFF
A	dW5pdC1ncmVhdC1oYWxs	AAAAAAAAAAAAAAAA
A	dW5pdC1ncnVudA	AAAAAAAAAAAAAAAA
A	dW5pdC1ncnlwaG9uLWF2aWFyeQ	AAAAAAAAAAAAAAAA
A	dW5pdC1ncnlwaG9uLXJpZGVy	AAAAAAAAAAAAAAAA
A	dW5pdC1odW1hbi1iYXJyYWNrcw	AAAAAAAAAAAAAAAA
A	dW5pdC1odW1hbi1ibGFja3NtaXRo	AAAAAAAAAAAAAAAA
A	dW5pdC1odW1hbi1jYW5ub24tdG93ZXI	AAAAAAAAAAAAAAAA
A	dW5pdC1odW1hbi1kZWFkLWJvZHk	FFFFFFFFFFFFFFFF
A	dW5pdC1odW1hbi1kZXN0cm95ZXI	AAAAAAAAAAAAAAAA
A	dW5pdC1odW1hbi1mb3VuZHJ5	AAAAAAAAAAAAAAAA
A	dW5pdC1odW1hbi1ndWFyZC10b3dlcg	AAAAAAAAAAAAAAAA
A	dW5pdC1odW1hbi1vaWwtcGxhdGZvcm0	AAAAAAAAAAAAAAAA
A	dW5pdC1odW1hbi1vaWwtdGFua2Vy	AAAAAAAAAAAAAAAA
A	dW5pdC1odW1hbi1yZWZpbmVyeQ	AAAAAAAAAAAAAAAA
A	dW5pdC1odW1hbi1zaGlweWFyZA	AAAAAAAAAAAAAAAA
A	dW5pdC1odW1hbi1zdGFydC1sb2NhdGlvbg	FFFFFFFFFFFFFFFF
A	dW5pdC1odW1hbi1zdWJtYXJpbmU	AAAAAAAAAAAAAAAA
A	dW5pdC1odW1hbi10cmFuc3BvcnQ	AAAAAAAAAAAAAAAA
A	dW5pdC1odW1hbi13YWxs	AAAAAAAAAAAAAAAA
A	dW5pdC1odW1hbi13YXRjaC10b3dlcg	AAAAAAAAAAAAAAAA
A	dW5pdC1pY2UtYnJpbmdlcg	FFFFFFFFFFFFFFFF
A	dW5pdC1pbnZlbnRvcg	AAAAAAAAAAAAAAAA
A	dW5pdC1rZWVw	AAAAAAAAAAAAAAAA
A	dW5pdC1rbmlnaHQ	AAAAAAAAAAAAAAAA
A	dW5pdC1rbmlnaHQtcmlkZXI	FFFFFFFFFFFFFFFF
A	dW5pdC1tYWdl	AAAAAAAAAAAAAAAA
A	dW5pdC1tYWdlLXRvd2Vy	AAAAAAAAAAAAAAAA
A	dW5pdC1tYW4tb2YtbGlnaHQ	FFFFFFFFFFFFFFFF
A	dW5pdC1vZ3Jl	AAAAAAAAAAAAAAAA
A	dW5pdC1vZ3JlLWp1Z2dlcm5hdWdodA	AAAAAAAAAAAAAAAA
A	dW5pdC1vZ3JlLW1hZ2U	AAAAAAAAAAAAAAAA
A	dW5pdC1vZ3JlLW1vdW5k	AAAAAAAAAAAAAAAA
A	dW5pdC1vaWwtcGF0Y2g	FFFFFFFFFFFFFFFF
A	dW5pdC1vcmMtYmFycmFja3M	AAAAAAAAAAAAAAAA
A	dW5pdC1vcmMtYmxhY2tzbWl0aA	AAAAAAAAAAAAAAAA
A	dW5pdC1vcmMtY2Fubm9uLXRvd2Vy	AAAAAAAAAAAAAAAA
A	dW5pdC1vcmMtZGVhZC1ib2R5	FFFFFFFFFFFFFFFF
A	dW5pdC1vcmMtZGVzdHJveWVy	AAAAAAAAAAAAAAAA
A	dW5pdC1vcmMtZm91bmRyeQ	AAAAAAAAAAAAAAAA
A	dW5pdC1vcmMtZ3VhcmQtdG93ZXI	AAAAAAAAAAAAAAAA
A	dW5pdC1vcmMtb2lsLXBsYXRmb3Jt	AAAAAAAAAAAAAAAA
A	dW5pdC1vcmMtb2lsLXRhbmtlcg	AAAAAAAAAAAAAAAA
A	dW5pdC1vcmMtcmVmaW5lcnk	AAAAAAAAAAAAAAAA
A	dW5pdC1vcmMtc2hpcHlhcmQ	AAAAAAAAAAAAAAAA
A	dW5pdC1vcmMtc3RhcnQtbG9jYXRpb24	FFFFFFFFFFFFFFFF
A	dW5pdC1vcmMtc3VibWFyaW5l	AAAAAAAAAAAAAAAA
A	dW5pdC1vcmMtdHJhbnNwb3J0	AAAAAAAAAAAAAAAA
A	dW5pdC1vcmMtd2FsbA	AAAAAAAAAAAAAAAA
A	dW5pdC1vcmMtd2F0Y2gtdG93ZXI	AAAAAAAAAAAAAAAA
A	dW5pdC1wYWxhZGlu	AAAAAAAAAAAAAAAA
A	dW5pdC1wZWFzYW50	AAAAAAAAAAAAAAAA
A	dW5pdC1wZW9u	AAAAAAAAAAAAAAAA
A	dW5pdC1waWctZmFybQ	AAAAAAAAAAAAAAAA
A	dW5pdC1xdWljay1ibGFkZQ	FFFFFFFFFFFFFFFF
A	dW5pdC1yYW5nZXI	AAAAAAAAAAAAAAAA
A	dW5pdC1ydW5lc3RvbmU	FFFFFFFFFFFFFFFF
A	dW5pdC1zaGFycC1heGU	FFFFFFFFFFFFFFFF
A	dW5pdC1za2VsZXRvbg	FFFFFFFFFFFFFFFF
A	dW5pdC1zdGFibGVz	AAAAAAAAAAAAAAAA
A	dW5pdC1zdHJvbmdob2xk	AAAAAAAAAAAAAAAA
A	dW5pdC10ZW1wbGUtb2YtdGhlLWRhbW5lZA	AAAAAAAAAAAAAAAA
A	dW5pdC10b3duLWhhbGw	AAAAAAAAAAAAAAAA
A	dW5pdC10cm9sbC1sdW1iZXItbWlsbA	AAAAAAAAAAAAAAAA
A	dW5pdC13aGl0ZS1tYWdl	FFFFFFFFFFFFFFFF
A	dW5pdC13aXNlLW1hbg	FFFFFFFFFFFFFFFF
A	dW5pdC16ZXBwZWxpbg	AAAAAAAAAAAAAAAA
A	dXBncmFkZS1hcnJvdzE	AAAAAAAAAAAAAAAA
A	dXBncmFkZS1hcnJvdzI	AAAAAAAAAAAAAAAA
A	dXBncmFkZS1iYWxsaXN0YTE	AAAAAAAAAAAAAAAA
A	dXBncmFkZS1iYWxsaXN0YTI	AAAAAAAAAAAAAAAA
A	dXBncmFkZS1iYXR0bGUtYXhlMQ	AAAAAAAAAAAAAAAA
A	dXBncmFkZS1iYXR0bGUtYXhlMg	AAAAAAAAAAAAAAAA
A	dXBncmFkZS1iZXJzZXJrZXI	AAAAAAAAAAAAAAAA
A	dXBncmFkZS1iZXJzZXJrZXItcmVnZW5lcmF0aW9u	AAAAAAAAAAAAAAAA
A	dXBncmFkZS1iZXJzZXJrZXItc2NvdXRpbmc	AAAAAAAAAAAAAAAA
A	dXBncmFkZS1ibGl6emFyZA	AAAAAAAAAAAAAAAA
A	dXBncmFkZS1ibG9vZGx1c3Q	AAAAAAAAAAAAAAAA
A	dXBncmFkZS1ibG9vZGx1c3QtZG91YmxlLWhlYWQ	RRRRRRRRRRRRRRRR
A	dXBncmFkZS1jYXRhcHVsdDE	AAAAAAAAAAAAAAAA
A	dXBncmFkZS1jYXRhcHVsdDI	AAAAAAAAAAAAAAAA
A	dXBncmFkZS1kZWF0aC1hbmQtZGVjYXk	AAAAAAAAAAAAAAAA
A	dXBncmFkZS1kZWF0aC1jb2ls	RRRRRRRRRRRRRRRR
A	dXBncmFkZS1leG9yY2lzbQ	RRRRRRRRRRRRRRRR
A	dXBncmFkZS1leWUtb2Yta2lscm9nZw	RRRRRRRRRRRRRRRR
A	dXBncmFkZS1leWUtb2Yta2lscm9nZy1kb3VibGUtaGVhZA	RRRRRRRRRRRRRRRR
A	dXBncmFkZS1maXJlYmFsbA	RRRRRRRRRRRRRRRR
A	dXBncmFkZS1mbGFtZS1zaGllbGQ	AAAAAAAAAAAAAAAA
A	dXBncmFkZS1oYXN0ZQ	AAAAAAAAAAAAAAAA
A	dXBncmFkZS1oZWFsaW5n	RRRRRRRRRRRRRRRR
A	dXBncmFkZS1ob2x5LXZpc2lvbg	RRRRRRRRRRRRRRRR
A	dXBncmFkZS1odW1hbi1zaGllbGQx	AAAAAAAAAAAAAAAA
A	dXBncmFkZS1odW1hbi1zaGllbGQy	AAAAAAAAAAAAAAAA
A	dXBncmFkZS1odW1hbi1zaGlwLWFybW9yMQ	AAAAAAAAAAAAAAAA
A	dXBncmFkZS1odW1hbi1zaGlwLWFybW9yMg	AAAAAAAAAAAAAAAA
A	dXBncmFkZS1odW1hbi1zaGlwLWNhbm5vbjE	AAAAAAAAAAAAAAAA
A	dXBncmFkZS1odW1hbi1zaGlwLWNhbm5vbjI	AAAAAAAAAAAAAAAA
A	dXBncmFkZS1pbnZpc2liaWxpdHk	AAAAAAAAAAAAAAAA
A	dXBncmFkZS1saWdodC1heGVz	AAAAAAAAAAAAAAAA
A	dXBncmFkZS1sb25nYm93	AAAAAAAAAAAAAAAA
A	dXBncmFkZS1vZ3JlLW1hZ2U	AAAAAAAAAAAAAAAA
A	dXBncmFkZS1vcmMtc2hpZWxkMQ	AAAAAAAAAAAAAAAA
A	dXBncmFkZS1vcmMtc2hpZWxkMg	AAAAAAAAAAAAAAAA
A	dXBncmFkZS1vcmMtc2hpcC1hcm1vcjE	AAAAAAAAAAAAAAAA
A	dXBncmFkZS1vcmMtc2hpcC1hcm1vcjI	AAAAAAAAAAAAAAAA
A	dXBncmFkZS1vcmMtc2hpcC1jYW5ub24x	AAAAAAAAAAAAAAAA
A	dXBncmFkZS1vcmMtc2hpcC1jYW5ub24y	AAAAAAAAAAAAAAAA
A	dXBncmFkZS1wYWxhZGlu	AAAAAAAAAAAAAAAA
A	dXBncmFkZS1wb2x5bW9ycGg	AAAAAAAAAAAAAAAA
A	dXBncmFkZS1yYWlzZS1kZWFk	AAAAAAAAAAAAAAAA
A	dXBncmFkZS1yYW5nZXI	AAAAAAAAAAAAAAAA
A	dXBncmFkZS1yYW5nZXItbWFya3NtYW5zaGlw	AAAAAAAAAAAAAAAA
A	dXBncmFkZS1yYW5nZXItc2NvdXRpbmc	AAAAAAAAAAAAAAAA
A	dXBncmFkZS1ydW5lcw	AAAAAAAAAAAAAAAA
A	dXBncmFkZS1ydW5lcy1kb3VibGUtaGVhZA	RRRRRRRRRRRRRRRR
A	dXBncmFkZS1zbG93	AAAAAAAAAAAAAAAA
A	dXBncmFkZS1zd29yZDE	AAAAAAAAAAAAAAAA
A	dXBncmFkZS1zd29yZDI	AAAAAAAAAAAAAAAA
A	dXBncmFkZS10aHJvd2luZy1heGUx	AAAAAAAAAAAAAAAA
A	dXBncmFkZS10aHJvd2luZy1heGUy	AAAAAAAAAAAAAAAA
A	dXBncmFkZS11bmhvbHktYXJtb3I	AAAAAAAAAAAAAAAA
A	dXBncmFkZS13aGlybHdpbmQ	AAAAAAAAAAAAAAAA
I	2	aHVtLWV4cC0xMGI	MAP
I	3	aHVtLWV4cC0xMGE	MAP
I	6	aHVtLWV4cC0xMGM	MAP
T	TjIgVE9UQUwgTjAgRVEgTjMgVE9UQUwgTjAgRVEgQU5EIE42IFRPVEFMIE4wIEVRIEFORA	VklDVE9SWQ
T	VEhJUyBUT1RBTCBOMCBFUQ	REVGRUFU
T	VEhJUyBRZFc1cGRDMTNhR2wwWlMxdFlXZGwgVU5JVF9DT1VOVCBOMCBFUSBOMCBRZFc1cGRDMTNhR2wwWlMxdFlXZGwgVU5JVF9DT1VOVCBOMCBFUSBBTkQ	REVGRUFU
T	VEhJUyBRZFc1cGRDMW1aVzFoYkdVdGFHVnlidyBVTklUX0NPVU5UIE4wIEVRIE4wIFFkVzVwZEMxbVpXMWhiR1V0YUdWeWJ3IFVOSVRfQ09VTlQgTjAgRVEgQU5E	REVGRUFU
T	VEhJUyBRZFc1cGRDMW1iSGxwYm1jdFlXNW5aV3cgVU5JVF9DT1VOVCBOMCBFUSBOMCBRZFc1cGRDMW1iSGxwYm1jdFlXNW5aV3cgVU5JVF9DT1VOVCBOMCBFUSBBTkQ	REVGRUFU
T	VEhJUyBRZFc1cGRDMWhjblJvYjNJdGJHbDBaWEpwYjNNIFVOSVRfQ09VTlQgTjAgRVEgTjAgUWRXNXBkQzFoY25Sb2IzSXRiR2wwWlhKcGIzTSBVTklUX0NPVU5UIE4wIEVRIEFORA	REVGRUFU
T	VEhJUyBRZFc1cGRDMXJibWxuYUhRdGNtbGtaWEkgVU5JVF9DT1VOVCBOMCBFUSBOMCBRZFc1cGRDMXJibWxuYUhRdGNtbGtaWEkgVU5JVF9DT1VOVCBOMCBFUSBBTkQ	REVGRUFU
E
M	Y2FtcGFpZ25zL2h1bWFuLWV4cC9sZXZlbHgxMWg	Li4vY2FtcGFpZ25zL2h1bWFuL2ludGVyZmFjZS9pbnRyb3NjcmVlbjEucG5n	2	Y2FtcGFpZ25zL2h1bWFuLWV4cC9sZXZlbHgxMWgtaW50cm8xLndhdg	Y2FtcGFpZ25zL2h1bWFuLWV4cC9sZXZlbHgxMWgtaW50cm8yLndhdg
A	dW5pdC1hbGNoZW1pc3Q	AAAAAAAAAAAAAAAA
A	dW5pdC1hbHRhci1vZi1zdG9ybXM	AAAAAAAAAAAAAAAA
A	dW5pdC1hcmNoZXI	AAAAAAAAAAAAAAAA
A	dW5pdC1hcnRob3ItbGl0ZXJpb3M	FFFFFFFFFFFFFFFF
A	dW5pdC1heGV0aHJvd2Vy	AAAAAAAAAAAAAAAA
A	dW5pdC1iYWxsaXN0YQ	AAAAAAAAAAAAAAAA
A	dW5pdC1iYWxsb29u	AAAAAAAAAAAAAAAA
A	dW5pdC1iYXR0bGVzaGlw	AAAAAAAAAAAAAAAA
A	dW5pdC1iZWFzdC1jcnk	FFFFFFFFFFFFFFFF
A	dW5pdC1iZXJzZXJrZXI	AAAAAAAAAAAAAAAA
A	dW5pdC1jYXN0bGU	AAAAAAAAAAAAAAAA
A	dW5pdC1jYXRhcHVsdA	AAAAAAAAAAAAAAAA
A	dW5pdC1jaHVyY2g	AAAAAAAAAAAAAAAA
A	dW5pdC1jaXJjbGUtb2YtcG93ZXI	FFFFFFFFFFFFFFFF
A	dW5pdC1jcml0dGVy	FFFFFFFFFFFFFFFF
A	dW5pdC1kYWVtb24	FFFFFFFFFFFFFFFF
A	dW5pdC1kYXJrLXBvcnRhbA	FFFFFFFFFFFFFFFF
A	dW5pdC1kZWFkLXNlYS1ib2R5	FFFFFFFFFFFFFFFF
A	dW5pdC1kZWF0aC1rbmlnaHQ	AAAAAAAAAAAAAAAA
A	dW5pdC1kZXN0cm95ZWQtMXgxLXBsYWNl	FFFFFFFFFFFFFFFF
A	dW5pdC1kZXN0cm95ZWQtMngyLXBsYWNl	FFFFFFFFFFFFFFFF
A	dW5pdC1kZXN0cm95ZWQtM3gzLXBsYWNl	FFFFFFFFFFFFFFFF
A	dW5pdC1kZXN0cm95ZWQtM3gzLXBsYWNlLXdhdGVy	FFFFFFFFFFFFFFFF
A	dW5pdC1kZXN0cm95ZWQtNHg0LXBsYWNl	FFFFFFFFFFFFFFFF
A	dW5pdC1kb3VibGUtaGVhZA	FFFFFFFFFFFFFFFF
A	dW5pdC1kcmFnb24	AAAAAAAAAAAAAAAA
A	dW5pdC1kcmFnb24tcm9vc3Q	AAAAAAAAAAAAAAAA
A	dW5pdC1kd2FydmVz	AAAAAAAAAAAAAAAA
A	dW5pdC1lbHZlbi1sdW1iZXItbWlsbA	AAAAAAAAAAAAAAAA
A	dW5pdC1ldmlsLWtuaWdodA	FFFFFFFFFFFFFFFF
A	dW5pdC1leWUtb2YtdmlzaW9u	FFFFFFFFFFFFFFFF
A	dW5pdC1mYWQtbWFu	FFFFFFFFFFFFFFFF
A	dW5pdC1mYXJt	AAAAAAAAAAAAAAAA
A	dW5pdC1mZW1hbGUtaGVybw	FFFFFFFFFFFFFFFF
A	dW5pdC1maXJlLWJyZWV6ZQ	FFFFFFFFFFFFFFFF
A	dW5pdC1mbHlpbmctYW5nZWw	FFFFFFFFFFFFFFFF
A	dW5pdC1mb290bWFu	AAAAAAAAAAAAAAAA
A	dW5pdC1mb3J0cmVzcw	AAAAAAAAAAAAAAAA
A	dW5pdC1nb2JsaW4tc2FwcGVycw	AAAAAAAAAAAAAAAA
A	dW5pdC1nb2xkLW1pbmU	FFFFFFFFFFFFFFFF
A	dW5pdC1ncmVhdC1oYWxs	AAAAAAAAAAAAAAAA
A	dW5pdC1ncnVudA	AAAAAAAAAAAAAAAA
A	dW5pdC1ncnlwaG9uLWF2aWFyeQ	AAAAAAAAAAAAAAAA
A	dW5pdC1ncnlwaG9uLXJpZGVy	AAAAAAAAAAAAAAAA
A	dW5pdC1odW1hbi1iYXJyYWNrcw	AAAAAAAAAAAAAAAA
A	dW5pdC1odW1hbi1ibGFja3NtaXRo	AAAAAAAAAAAAAAAA
A	dW5pdC1odW1hbi1jYW5ub24tdG93ZXI	AAAAAAAAAAAAAAAA
A	dW5pdC1odW1hbi1kZWFkLWJvZHk	FFFFFFFFFFFFFFFF
A	dW5pdC1odW1hbi1kZXN0cm95ZXI	AAAAAAAAAAAAAAAA
A	dW5pdC1odW1hbi1mb3VuZHJ5	AAAAAAAAAAAAAAAA
A	dW5pdC1odW1hbi1ndWFyZC10b3dlcg	AAAAAAAAAAAAAAAA
A	dW5pdC1odW1hbi1vaWwtcGxhdGZvcm0	AAAAAAAAAAAAAAAA
A	dW5pdC1odW1hbi1vaWwtdGFua2Vy	AAAAAAAAAAAAAAAA
A	dW5pdC1odW1hbi1yZWZpbmVyeQ	AAAAAAAAAAAAAAAA
A	dW5pdC1odW1hbi1zaGlweWFyZA	AAAAAAAAAAAAAAAA
A	dW5pdC1odW1hbi1zdGFydC1sb2NhdGlvbg	FFFFFFFFFFFFFFFF
A	dW5pdC1odW1hbi1zdWJtYXJpbmU	AAAAAAAAAAAAAAAA
A	dW5pdC1odW1hbi10cmFuc3BvcnQ	AAAAAAAAAAAAAAAA
A	dW5pdC1odW1hbi13YWxs	AAAAAAAAAAAAAAAA
A	dW5pdC1odW1hbi13YXRjaC10b3dlcg	AAAAAAAAAAAAAAAA
A	dW5pdC1pY2UtYnJpbmdlcg	FFFFFFFFFFFFFFFF
A	dW5pdC1pbnZlbnRvcg	AAAAAAAAAAAAAAAA
A	dW5pdC1rZWVw	AAAAAAAAAAAAAAAA
A	dW5pdC1rbmlnaHQ	AAAAAAAAAAAAAAAA
A	dW5pdC1rbmlnaHQtcmlkZXI	FFFFFFFFFFFFFFFF
A	dW5pdC1tYWdl	AAAAAAAAAAAAAAAA
A	dW5pdC1tYWdlLXRvd2Vy	AAAAAAAAAAAAAAAA
A	dW5pdC1tYW4tb2YtbGlnaHQ	FFFFFFFFFFFFFFFF
A	dW5pdC1vZ3Jl	AAAAAAAAAAAAAAAA
A	dW5pdC1vZ3JlLWp1Z2dlcm5hdWdodA	AAAAAAAAAAAAAAAA
A	dW5pdC1vZ3JlLW1hZ2U	AAAAAAAAAAAAAAAA
A	dW5pdC1vZ3JlLW1vdW5k	AAAAAAAAAAAAAAAA
A	dW5pdC1vaWwtcGF0Y2g	FFFFFFFFFFFFFFFF
A	dW5pdC1vcmMtYmFycmFja3M	AAAAAAAAAAAAAAAA
A	dW5pdC1vcmMtYmxhY2tzbWl0aA	AAAAAAAAAAAAAAAA
A	dW5pdC1vcmMtY2Fubm9uLXRvd2Vy	AAAAAAAAAAAAAAAA
A	dW5pdC1vcmMtZGVhZC1ib2R5	FFFFFFFFFFFFFFFF
A	dW5pdC1vcmMtZGVzdHJveWVy	AAAAAAAAAAAAAAAA
A	dW5pdC1vcmMtZm91bmRyeQ	AAAAAAAAAAAAAAAA
A	dW5pdC1vcmMtZ3VhcmQtdG93ZXI	AAAAAAAAAAAAAAAA
A	dW5pdC1vcmMtb2lsLXBsYXRmb3Jt	AAAAAAAAAAAAAAAA
A	dW5pdC1vcmMtb2lsLXRhbmtlcg	AAAAAAAAAAAAAAAA
A	dW5pdC1vcmMtcmVmaW5lcnk	AAAAAAAAAAAAAAAA
A	dW5pdC1vcmMtc2hpcHlhcmQ	AAAAAAAAAAAAAAAA
A	dW5pdC1vcmMtc3RhcnQtbG9jYXRpb24	FFFFFFFFFFFFFFFF
A	dW5pdC1vcmMtc3VibWFyaW5l	AAAAAAAAAAAAAAAA
A	dW5pdC1vcmMtdHJhbnNwb3J0	AAAAAAAAAAAAAAAA
A	dW5pdC1vcmMtd2FsbA	AAAAAAAAAAAAAAAA
A	dW5pdC1vcmMtd2F0Y2gtdG93ZXI	AAAAAAAAAAAAAAAA
A	dW5pdC1wYWxhZGlu	AAAAAAAAAAAAAAAA
A	dW5pdC1wZWFzYW50	AAAAAAAAAAAAAAAA
A	dW5pdC1wZW9u	AAAAAAAAAAAAAAAA
A	dW5pdC1waWctZmFybQ	AAAAAAAAAAAAAAAA
A	dW5pdC1xdWljay1ibGFkZQ	FFFFFFFFFFFFFFFF
A	dW5pdC1yYW5nZXI	AAAAAAAAAAAAAAAA
A	dW5pdC1ydW5lc3RvbmU	FFFFFFFFFFFFFFFF
A	dW5pdC1zaGFycC1heGU	FFFFFFFFFFFFFFFF
A	dW5pdC1za2VsZXRvbg	FFFFFFFFFFFFFFFF
A	dW5pdC1zdGFibGVz	AAAAAAAAAAAAAAAA
A	dW5pdC1zdHJvbmdob2xk	AAAAAAAAAAAAAAAA
A	dW5pdC10ZW1wbGUtb2YtdGhlLWRhbW5lZA	AAAAAAAAAAAAAAAA
A	dW5pdC10b3duLWhhbGw	AAAAAAAAAAAAAAAA
A	dW5pdC10cm9sbC1sdW1iZXItbWlsbA	AAAAAAAAAAAAAAAA
A	dW5pdC13aGl0ZS1tYWdl	FFFFFFFFFFFFFFFF
A	dW5pdC13aXNlLW1hbg	FFFFFFFFFFFFFFFF
A	dW5pdC16ZXBwZWxpbg	AAAAAAAAAAAAAAAA
A	dXBncmFkZS1hcnJvdzE	AAAAAAAAAAAAAAAA
A	dXBncmFkZS1hcnJvdzI	AAAAAAAAAAAAAAAA
A	dXBncmFkZS1iYWxsaXN0YTE	AAAAAAAAAAAAAAAA
A	dXBncmFkZS1iYWxsaXN0YTI	AAAAAAAAAAAAAAAA
A	dXBncmFkZS1iYXR0bGUtYXhlMQ	AAAAAAAAAAAAAAAA
A	dXBncmFkZS1iYXR0bGUtYXhlMg	AAAAAAAAAAAAAAAA
A	dXBncmFkZS1iZXJzZXJrZXI	AAAAAAAAAAAAAAAA
A	dXBncmFkZS1iZXJzZXJrZXItcmVnZW5lcmF0aW9u	AAAAAAAAAAAAAAAA
A	dXBncmFkZS1iZXJzZXJrZXItc2NvdXRpbmc	AAAAAAAAAAAAAAAA
A	dXBncmFkZS1ibGl6emFyZA	RRRRRRRRRRRRRRRR
A	dXBncmFkZS1ibG9vZGx1c3Q	AAAAAAAAAAAAAAAA
A	dXBncmFkZS1ibG9vZGx1c3QtZG91YmxlLWhlYWQ	RRRRRRRRRRRRRRRR
A	dXBncmFkZS1jYXRhcHVsdDE	AAAAAAAAAAAAAAAA
A	dXBncmFkZS1jYXRhcHVsdDI	AAAAAAAAAAAAAAAA
A	dXBncmFkZS1kZWF0aC1hbmQtZGVjYXk	AAAAAAAAAAAAAAAA
A	dXBncmFkZS1kZWF0aC1jb2ls	RRRRRRRRRRRRRRRR
A	dXBncmFkZS1leG9yY2lzbQ	RRRRRRRRRRRRRRRR
A	dXBncmFkZS1leWUtb2Yta2lscm9nZw	RRRRRRRRRRRRRRRR
A	dXBncmFkZS1leWUtb2Yta2lscm9nZy1kb3VibGUtaGVhZA	RRRRRRRRRRRRRRRR
A	dXBncmFkZS1maXJlYmFsbA	RRRRRRRRRRRRRRRR
A	dXBncmFkZS1mbGFtZS1zaGllbGQ	RRRRRRRRRRRRRRRR
A	dXBncmFkZS1oYXN0ZQ	AAAAAAAAAAAAAAAA
A	dXBncmFkZS1oZWFsaW5n	RRRRRRRRRRRRRRRR
A	dXBncmFkZS1ob2x5LXZpc2lvbg	RRRRRRRRRRRRRRRR
A	dXBncmFkZS1odW1hbi1zaGllbGQx	AAAAAAAAAAAAAAAA
A	dXBncmFkZS1odW1hbi1zaGllbGQy	AAAAAAAAAAAAAAAA
A	dXBncmFkZS1odW1hbi1zaGlwLWFybW9yMQ	AAAAAAAAAAAAAAAA
A	dXBncmFkZS1odW1hbi1zaGlwLWFybW9yMg	AAAAAAAAAAAAAAAA
A	dXBncmFkZS1odW1hbi1zaGlwLWNhbm5vbjE	AAAAAAAAAAAAAAAA
A	dXBncmFkZS1odW1hbi1zaGlwLWNhbm5vbjI	AAAAAAAAAAAAAAAA
A	dXBncmFkZS1pbnZpc2liaWxpdHk	RRRRRRRRRRRRRRRR
A	dXBncmFkZS1saWdodC1heGVz	AAAAAAAAAAAAAAAA
A	dXBncmFkZS1sb25nYm93	AAAAAAAAAAAAAAAA
A	dXBncmFkZS1vZ3JlLW1hZ2U	AAAAAAAAAAAAAAAA
A	dXBncmFkZS1vcmMtc2hpZWxkMQ	AAAAAAAAAAAAAAAA
A	dXBncmFkZS1vcmMtc2hpZWxkMg	AAAAAAAAAAAAAAAA
A	dXBncmFkZS1vcmMtc2hpcC1hcm1vcjE	AAAAAAAAAAAAAAAA
A	dXBncmFkZS1vcmMtc2hpcC1hcm1vcjI	AAAAAAAAAAAAAAAA
A	dXBncmFkZS1vcmMtc2hpcC1jYW5ub24x	AAAAAAAAAAAAAAAA
A	dXBncmFkZS1vcmMtc2hpcC1jYW5ub24y	AAAAAAAAAAAAAAAA
A	dXBncmFkZS1wYWxhZGlu	AAAAAAAAAAAAAAAA
A	dXBncmFkZS1wb2x5bW9ycGg	RRRRRRRRRRRRRRRR
A	dXBncmFkZS1yYWlzZS1kZWFk	AAAAAAAAAAAAAAAA
A	dXBncmFkZS1yYW5nZXI	AAAAAAAAAAAAAAAA
A	dXBncmFkZS1yYW5nZXItbWFya3NtYW5zaGlw	AAAAAAAAAAAAAAAA
A	dXBncmFkZS1yYW5nZXItc2NvdXRpbmc	AAAAAAAAAAAAAAAA
A	dXBncmFkZS1ydW5lcw	AAAAAAAAAAAAAAAA
A	dXBncmFkZS1ydW5lcy1kb3VibGUtaGVhZA	RRRRRRRRRRRRRRRR
A	dXBncmFkZS1zbG93	RRRRRRRRRRRRRRRR
A	dXBncmFkZS1zd29yZDE	AAAAAAAAAAAAAAAA
A	dXBncmFkZS1zd29yZDI	AAAAAAAAAAAAAAAA
A	dXBncmFkZS10aHJvd2luZy1heGUx	AAAAAAAAAAAAAAAA
A	dXBncmFkZS10aHJvd2luZy1heGUy	AAAAAAAAAAAAAAAA
A	dXBncmFkZS11bmhvbHktYXJtb3I	AAAAAAAAAAAAAAAA
A	dXBncmFkZS13aGlybHdpbmQ	AAAAAAAAAAAAAAAA
I	2	aHVtLWV4cC0xMWI	MAP
I	3	aHVtLWV4cC0xMWE	MAP
T	TjIgVE9UQUwgTjAgRVEgTjMgVE9UQUwgTjAgRVEgQU5E	VklDVE9SWQ
T	VEhJUyBUT1RBTCBOMCBFUQ	REVGRUFU
T	VEhJUyBRZFc1cGRDMTNhR2wwWlMxdFlXZGwgVU5JVF9DT1VOVCBOMCBFUSBOMCBRZFc1cGRDMTNhR2wwWlMxdFlXZGwgVU5JVF9DT1VOVCBOMCBFUSBBTkQ	REVGRUFU
T	VEhJUyBRZFc1cGRDMW1aVzFoYkdVdGFHVnlidyBVTklUX0NPVU5UIE4wIEVRIE4wIFFkVzVwZEMxbVpXMWhiR1V0YUdWeWJ3IFVOSVRfQ09VTlQgTjAgRVEgQU5E	REVGRUFU
T	VEhJUyBRZFc1cGRDMXJibWxuYUhRdGNtbGtaWEkgVU5JVF9DT1VOVCBOMCBFUSBOMCBRZFc1cGRDMXJibWxuYUhRdGNtbGtaWEkgVU5JVF9DT1VOVCBOMCBFUSBBTkQ	REVGRUFU
E
M	Y2FtcGFpZ25zL2h1bWFuLWV4cC9sZXZlbHgxMmg	Li4vY2FtcGFpZ25zL2h1bWFuL2ludGVyZmFjZS9pbnRyb3NjcmVlbjEucG5n	2	Y2FtcGFpZ25zL2h1bWFuLWV4cC9sZXZlbHgxMmgtaW50cm8xLndhdg	Y2FtcGFpZ25zL2h1bWFuLWV4cC9sZXZlbHgxMmgtaW50cm8yLndhdg
A	dW5pdC1hbGNoZW1pc3Q	AAAAAAAAAAAAAAAA
A	dW5pdC1hbHRhci1vZi1zdG9ybXM	AAAAAAAAAAAAAAAA
A	dW5pdC1hcmNoZXI	AAAAAAAAAAAAAAAA
A	dW5pdC1hcnRob3ItbGl0ZXJpb3M	FFFFFFFFFFFFFFFF
A	dW5pdC1heGV0aHJvd2Vy	AAAAAAAAAAAAAAAA
A	dW5pdC1iYWxsaXN0YQ	AAAAAAAAAAAAAAAA
A	dW5pdC1iYWxsb29u	AAAAAAAAAAAAAAAA
A	dW5pdC1iYXR0bGVzaGlw	AAAAAAAAAAAAAAAA
A	dW5pdC1iZWFzdC1jcnk	FFFFFFFFFFFFFFFF
A	dW5pdC1iZXJzZXJrZXI	AAAAAAAAAAAAAAAA
A	dW5pdC1jYXN0bGU	AAAAAAAAAAAAAAAA
A	dW5pdC1jYXRhcHVsdA	AAAAAAAAAAAAAAAA
A	dW5pdC1jaHVyY2g	AAAAAAAAAAAAAAAA
A	dW5pdC1jaXJjbGUtb2YtcG93ZXI	FFFFFFFFFFFFFFFF
A	dW5pdC1jcml0dGVy	FFFFFFFFFFFFFFFF
A	dW5pdC1kYWVtb24	FFFFFFFFFFFFFFFF
A	dW5pdC1kYXJrLXBvcnRhbA	FFFFFFFFFFFFFFFF
A	dW5pdC1kZWFkLXNlYS1ib2R5	FFFFFFFFFFFFFFFF
A	dW5pdC1kZWF0aC1rbmlnaHQ	AAAAAAAAAAAAAAAA
A	dW5pdC1kZXN0cm95ZWQtMXgxLXBsYWNl	FFFFFFFFFFFFFFFF
A	dW5pdC1kZXN0cm95ZWQtMngyLXBsYWNl	FFFFFFFFFFFFFFFF
A	dW5pdC1kZXN0cm95ZWQtM3gzLXBsYWNl	FFFFFFFFFFFFFFFF
A	dW5pdC1kZXN0cm95ZWQtM3gzLXBsYWNlLXdhdGVy	FFFFFFFFFFFFFFFF
A	dW5pdC1kZXN0cm95ZWQtNHg0LXBsYWNl	FFFFFFFFFFFFFFFF
A	dW5pdC1kb3VibGUtaGVhZA	FFFFFFFFFFFFFFFF
A	dW5pdC1kcmFnb24	AAAAAAAAAAAAAAAA
A	dW5pdC1kcmFnb24tcm9vc3Q	AAAAAAAAAAAAAAAA
A	dW5pdC1kd2FydmVz	AAAAAAAAAAAAAAAA
A	dW5pdC1lbHZlbi1sdW1iZXItbWlsbA	AAAAAAAAAAAAAAAA
A	dW5pdC1ldmlsLWtuaWdodA	FFFFFFFFFFFFFFFF
A	dW5pdC1leWUtb2YtdmlzaW9u	FFFFFFFFFFFFFFFF
A	dW5pdC1mYWQtbWFu	FFFFFFFFFFFFFFFF
A	dW5pdC1mYXJt	AAAAAAAAAAAAAAAA
A	dW5pdC1mZW1hbGUtaGVybw	FFFFFFFFFFFFFFFF
A	dW5pdC1maXJlLWJyZWV6ZQ	FFFFFFFFFFFFFFFF
A	dW5pdC1mbHlpbmctYW5nZWw	FFFFFFFFFFFFFFFF
A	dW5pdC1mb290bWFu	AAAAAAAAAAAAAAAA
A	dW5pdC1mb3J0cmVzcw	AAAAAAAAAAAAAAAA
A	dW5pdC1nb2JsaW4tc2FwcGVycw	AAAAAAAAAAAAAAAA
A	dW5pdC1nb2xkLW1pbmU	FFFFFFFFFFFFFFFF
A	dW5pdC1ncmVhdC1oYWxs	AAAAAAAAAAAAAAAA
A	dW5pdC1ncnVudA	AAAAAAAAAAAAAAAA
A	dW5pdC1ncnlwaG9uLWF2aWFyeQ	AAAAAAAAAAAAAAAA
A	dW5pdC1ncnlwaG9uLXJpZGVy	AAAAAAAAAAAAAAAA
A	dW5pdC1odW1hbi1iYXJyYWNrcw	AAAAAAAAAAAAAAAA
A	dW5pdC1odW1hbi1ibGFja3NtaXRo	AAAAAAAAAAAAAAAA
A	dW5pdC1odW1hbi1jYW5ub24tdG93ZXI	AAAAAAAAAAAAAAAA
A	dW5pdC1odW1hbi1kZWFkLWJvZHk	FFFFFFFFFFFFFFFF
A	dW5pdC1odW1hbi1kZXN0cm95ZXI	AAAAAAAAAAAAAAAA
A	dW5pdC1odW1hbi1mb3VuZHJ5	AAAAAAAAAAAAAAAA
A	dW5pdC1odW1hbi1ndWFyZC10b3dlcg	AAAAAAAAAAAAAAAA
A	dW5pdC1odW1hbi1vaWwtcGxhdGZvcm0	AAAAAAAAAAAAAAAA
A	dW5pdC1odW1hbi1vaWwtdGFua2Vy	AAAAAAAAAAAAAAAA
A	dW5pdC1odW1hbi1yZWZpbmVyeQ	AAAAAAAAAAAAAAAA
A	dW5pdC1odW1hbi1zaGlweWFyZA	AAAAAAAAAAAAAAAA
A	dW5pdC1odW1hbi1zdGFydC1sb2NhdGlvbg	FFFFFFFFFFFFFFFF
A	dW5pdC1odW1hbi1zdWJtYXJpbmU	AAAAAAAAAAAAAAAA
A	dW5pdC1odW1hbi10cmFuc3BvcnQ	AAAAAAAAAAAAAAAA
A	dW5pdC1odW1hbi13YWxs	AAAAAAAAAAAAAAAA
A	dW5pdC1odW1hbi13YXRjaC10b3dlcg	AAAAAAAAAAAAAAAA
A	dW5pdC1pY2UtYnJpbmdlcg	FFFFFFFFFFFFFFFF
A	dW5pdC1pbnZlbnRvcg	AAAAAAAAAAAAAAAA
A	dW5pdC1rZWVw	AAAAAAAAAAAAAAAA
A	dW5pdC1rbmlnaHQ	AAAAAAAAAAAAAAAA
A	dW5pdC1rbmlnaHQtcmlkZXI	FFFFFFFFFFFFFFFF
A	dW5pdC1tYWdl	AAAAAAAAAAAAAAAA
A	dW5pdC1tYWdlLXRvd2Vy	AAAAAAAAAAAAAAAA
A	dW5pdC1tYW4tb2YtbGlnaHQ	FFFFFFFFFFFFFFFF
A	dW5pdC1vZ3Jl	AAAAAAAAAAAAAAAA
A	dW5pdC1vZ3JlLWp1Z2dlcm5hdWdodA	AAAAAAAAAAAAAAAA
A	dW5pdC1vZ3JlLW1hZ2U	AAAAAAAAAAAAAAAA
A	dW5pdC1vZ3JlLW1vdW5k	AAAAAAAAAAAAAAAA
A	dW5pdC1vaWwtcGF0Y2g	FFFFFFFFFFFFFFFF
A	dW5pdC1vcmMtYmFycmFja3M	AAAAAAAAAAAAAAAA
A	dW5pdC1vcmMtYmxhY2tzbWl0aA	AAAAAAAAAAAAAAAA
A	dW5pdC1vcmMtY2Fubm9uLXRvd2Vy	AAAAAAAAAAAAAAAA
A	dW5pdC1vcmMtZGVhZC1ib2R5	FFFFFFFFFFFFFFFF
A	dW5pdC1vcmMtZGVzdHJveWVy	AAAAAAAAAAAAAAAA
A	dW5pdC1vcmMtZm91bmRyeQ	AAAAAAAAAAAAAAAA
A	dW5pdC1vcmMtZ3VhcmQtdG93ZXI	AAAAAAAAAAAAAAAA
A	dW5pdC1vcmMtb2lsLXBsYXRmb3Jt	AAAAAAAAAAAAAAAA
A	dW5pdC1vcmMtb2lsLXRhbmtlcg	AAAAAAAAAAAAAAAA
A	dW5pdC1vcmMtcmVmaW5lcnk	AAAAAAAAAAAAAAAA
A	dW5pdC1vcmMtc2hpcHlhcmQ	AAAAAAAAAAAAAAAA
A	dW5pdC1vcmMtc3RhcnQtbG9jYXRpb24	FFFFFFFFFFFFFFFF
A	dW5pdC1vcmMtc3VibWFyaW5l	AAAAAAAAAAAAAAAA
A	dW5pdC1vcmMtdHJhbnNwb3J0	AAAAAAAAAAAAAAAA
A	dW5pdC1vcmMtd2FsbA	AAAAAAAAAAAAAAAA
A	dW5pdC1vcmMtd2F0Y2gtdG93ZXI	AAAAAAAAAAAAAAAA
A	dW5pdC1wYWxhZGlu	AAAAAAAAAAAAAAAA
A	dW5pdC1wZWFzYW50	AAAAAAAAAAAAAAAA
A	dW5pdC1wZW9u	AAAAAAAAAAAAAAAA
A	dW5pdC1waWctZmFybQ	AAAAAAAAAAAAAAAA
A	dW5pdC1xdWljay1ibGFkZQ	FFFFFFFFFFFFFFFF
A	dW5pdC1yYW5nZXI	AAAAAAAAAAAAAAAA
A	dW5pdC1ydW5lc3RvbmU	FFFFFFFFFFFFFFFF
A	dW5pdC1zaGFycC1heGU	FFFFFFFFFFFFFFFF
A	dW5pdC1za2VsZXRvbg	FFFFFFFFFFFFFFFF
A	dW5pdC1zdGFibGVz	AAAAAAAAAAAAAAAA
A	dW5pdC1zdHJvbmdob2xk	AAAAAAAAAAAAAAAA
A	dW5pdC10ZW1wbGUtb2YtdGhlLWRhbW5lZA	AAAAAAAAAAAAAAAA
A	dW5pdC10b3duLWhhbGw	AAAAAAAAAAAAAAAA
A	dW5pdC10cm9sbC1sdW1iZXItbWlsbA	AAAAAAAAAAAAAAAA
A	dW5pdC13aGl0ZS1tYWdl	FFFFFFFFFFFFFFFF
A	dW5pdC13aXNlLW1hbg	FFFFFFFFFFFFFFFF
A	dW5pdC16ZXBwZWxpbg	AAAAAAAAAAAAAAAA
A	dXBncmFkZS1hcnJvdzE	AAAAAAAAAAAAAAAA
A	dXBncmFkZS1hcnJvdzI	AAAAAAAAAAAAAAAA
A	dXBncmFkZS1iYWxsaXN0YTE	AAAAAAAAAAAAAAAA
A	dXBncmFkZS1iYWxsaXN0YTI	AAAAAAAAAAAAAAAA
A	dXBncmFkZS1iYXR0bGUtYXhlMQ	AAAAAAAAAAAAAAAA
A	dXBncmFkZS1iYXR0bGUtYXhlMg	AAAAAAAAAAAAAAAA
A	dXBncmFkZS1iZXJzZXJrZXI	AAAAAAAAAAAAAAAA
A	dXBncmFkZS1iZXJzZXJrZXItcmVnZW5lcmF0aW9u	AAAAAAAAAAAAAAAA
A	dXBncmFkZS1iZXJzZXJrZXItc2NvdXRpbmc	AAAAAAAAAAAAAAAA
A	dXBncmFkZS1ibGl6emFyZA	AAAAAAAAAAAAAAAA
A	dXBncmFkZS1ibG9vZGx1c3Q	AAAAAAAAAAAAAAAA
A	dXBncmFkZS1ibG9vZGx1c3QtZG91YmxlLWhlYWQ	RRRRRRRRRRRRRRRR
A	dXBncmFkZS1jYXRhcHVsdDE	AAAAAAAAAAAAAAAA
A	dXBncmFkZS1jYXRhcHVsdDI	AAAAAAAAAAAAAAAA
A	dXBncmFkZS1kZWF0aC1hbmQtZGVjYXk	AAAAAAAAAAAAAAAA
A	dXBncmFkZS1kZWF0aC1jb2ls	RRRRRRRRRRRRRRRR
A	dXBncmFkZS1leG9yY2lzbQ	RRRRRRRRRRRRRRRR
A	dXBncmFkZS1leWUtb2Yta2lscm9nZw	RRRRRRRRRRRRRRRR
A	dXBncmFkZS1leWUtb2Yta2lscm9nZy1kb3VibGUtaGVhZA	RRRRRRRRRRRRRRRR
A	dXBncmFkZS1maXJlYmFsbA	RRRRRRRRRRRRRRRR
A	dXBncmFkZS1mbGFtZS1zaGllbGQ	AAAAAAAAAAAAAAAA
A	dXBncmFkZS1oYXN0ZQ	AAAAAAAAAAAAAAAA
A	dXBncmFkZS1oZWFsaW5n	RRRRRRRRRRRRRRRR
A	dXBncmFkZS1ob2x5LXZpc2lvbg	RRRRRRRRRRRRRRRR
A	dXBncmFkZS1odW1hbi1zaGllbGQx	AAAAAAAAAAAAAAAA
A	dXBncmFkZS1odW1hbi1zaGllbGQy	AAAAAAAAAAAAAAAA
A	dXBncmFkZS1odW1hbi1zaGlwLWFybW9yMQ	AAAAAAAAAAAAAAAA
A	dXBncmFkZS1odW1hbi1zaGlwLWFybW9yMg	AAAAAAAAAAAAAAAA
A	dXBncmFkZS1odW1hbi1zaGlwLWNhbm5vbjE	AAAAAAAAAAAAAAAA
A	dXBncmFkZS1odW1hbi1zaGlwLWNhbm5vbjI	AAAAAAAAAAAAAAAA
A	dXBncmFkZS1pbnZpc2liaWxpdHk	AAAAAAAAAAAAAAAA
A	dXBncmFkZS1saWdodC1heGVz	AAAAAAAAAAAAAAAA
A	dXBncmFkZS1sb25nYm93	AAAAAAAAAAAAAAAA
A	dXBncmFkZS1vZ3JlLW1hZ2U	AAAAAAAAAAAAAAAA
A	dXBncmFkZS1vcmMtc2hpZWxkMQ	AAAAAAAAAAAAAAAA
A	dXBncmFkZS1vcmMtc2hpZWxkMg	AAAAAAAAAAAAAAAA
A	dXBncmFkZS1vcmMtc2hpcC1hcm1vcjE	AAAAAAAAAAAAAAAA
A	dXBncmFkZS1vcmMtc2hpcC1hcm1vcjI	AAAAAAAAAAAAAAAA
A	dXBncmFkZS1vcmMtc2hpcC1jYW5ub24x	AAAAAAAAAAAAAAAA
A	dXBncmFkZS1vcmMtc2hpcC1jYW5ub24y	AAAAAAAAAAAAAAAA
A	dXBncmFkZS1wYWxhZGlu	AAAAAAAAAAAAAAAA
A	dXBncmFkZS1wb2x5bW9ycGg	AAAAAAAAAAAAAAAA
A	dXBncmFkZS1yYWlzZS1kZWFk	AAAAAAAAAAAAAAAA
A	dXBncmFkZS1yYW5nZXI	AAAAAAAAAAAAAAAA
A	dXBncmFkZS1yYW5nZXItbWFya3NtYW5zaGlw	AAAAAAAAAAAAAAAA
A	dXBncmFkZS1yYW5nZXItc2NvdXRpbmc	AAAAAAAAAAAAAAAA
A	dXBncmFkZS1ydW5lcw	AAAAAAAAAAAAAAAA
A	dXBncmFkZS1ydW5lcy1kb3VibGUtaGVhZA	RRRRRRRRRRRRRRRR
A	dXBncmFkZS1zbG93	AAAAAAAAAAAAAAAA
A	dXBncmFkZS1zd29yZDE	AAAAAAAAAAAAAAAA
A	dXBncmFkZS1zd29yZDI	AAAAAAAAAAAAAAAA
A	dXBncmFkZS10aHJvd2luZy1heGUx	AAAAAAAAAAAAAAAA
A	dXBncmFkZS10aHJvd2luZy1heGUy	AAAAAAAAAAAAAAAA
A	dXBncmFkZS11bmhvbHktYXJtb3I	AAAAAAAAAAAAAAAA
A	dXBncmFkZS13aGlybHdpbmQ	AAAAAAAAAAAAAAAA
I	0	aHVtLWV4cC0xMGM	MAP
I	2	aHVtLWV4cC0xMmE	MAP
I	5	aHVtLWV4cC05Yg	MAP
I	6	d2MyLWxhbmQtYXR0YWNr	MAP
T	TjE1IFFkVzVwZEMxa1lYSnJMWEJ2Y25SaGJBIFVOSVRfQ09VTlQgTjAgRVE	VklDVE9SWQ
T	VEhJUyBUT1RBTCBOMCBFUQ	REVGRUFU
T	VEhJUyBRZFc1cGRDMTNhR2wwWlMxdFlXZGwgVU5JVF9DT1VOVCBOMCBFUSBONCBRZFc1cGRDMTNhR2wwWlMxdFlXZGwgVU5JVF9DT1VOVCBOMCBFUSBBTkQ	REVGRUFU
E
M	Y2FtcGFpZ25zL29yYy1leHAvbGV2ZWx4MDFv	Li4vY2FtcGFpZ25zL29yYy9pbnRlcmZhY2UvaW50cm9zY3JlZW41LnBuZw	3	Y2FtcGFpZ25zL29yYy1leHAvbGV2ZWx4MDFvLWludHJvMS53YXY	Y2FtcGFpZ25zL29yYy1leHAvbGV2ZWx4MDFvLWludHJvMi53YXY	Y2FtcGFpZ25zL29yYy1leHAvbGV2ZWx4MDFvLWludHJvMy53YXY
A	dW5pdC1hbGNoZW1pc3Q	AAAAAAAAAAAAAAAA
A	dW5pdC1hbHRhci1vZi1zdG9ybXM	AAAAAAAAAAAAAAAA
A	dW5pdC1hcmNoZXI	AAAAAAAAAAAAAAAA
A	dW5pdC1hcnRob3ItbGl0ZXJpb3M	FFFFFFFFFFFFFFFF
A	dW5pdC1heGV0aHJvd2Vy	AAAAAAAAAAAAAAAA
A	dW5pdC1iYWxsaXN0YQ	AAAAAAAAAAAAAAAA
A	dW5pdC1iYWxsb29u	AAAAAAAAAAAAAAAA
A	dW5pdC1iYXR0bGVzaGlw	AAAAAAAAAAAAAAAA
A	dW5pdC1iZWFzdC1jcnk	FFFFFFFFFFFFFFFF
A	dW5pdC1iZXJzZXJrZXI	AAAAAAAAAAAAAAAA
A	dW5pdC1jYXN0bGU	AAAAAAAAAAAAAAAA
A	dW5pdC1jYXRhcHVsdA	AAAAAAAAAAAAAAAA
A	dW5pdC1jaHVyY2g	AAAAAAAAAAAAAAAA
A	dW5pdC1jaXJjbGUtb2YtcG93ZXI	FFFFFFFFFFFFFFFF
A	dW5pdC1jcml0dGVy	FFFFFFFFFFFFFFFF
A	dW5pdC1kYWVtb24	FFFFFFFFFFFFFFFF
A	dW5pdC1kYXJrLXBvcnRhbA	FFFFFFFFFFFFFFFF
A	dW5pdC1kZWFkLXNlYS1ib2R5	FFFFFFFFFFFFFFFF
A	dW5pdC1kZWF0aC1rbmlnaHQ	AAAAAAAAAAAAAAAA
A	dW5pdC1kZXN0cm95ZWQtMXgxLXBsYWNl	FFFFFFFFFFFFFFFF
A	dW5pdC1kZXN0cm95ZWQtMngyLXBsYWNl	FFFFFFFFFFFFFFFF
A	dW5pdC1kZXN0cm95ZWQtM3gzLXBsYWNl	FFFFFFFFFFFFFFFF
A	dW5pdC1kZXN0cm95ZWQtM3gzLXBsYWNlLXdhdGVy	FFFFFFFFFFFFFFFF
A	dW5pdC1kZXN0cm95ZWQtNHg0LXBsYWNl	FFFFFFFFFFFFFFFF
A	dW5pdC1kb3VibGUtaGVhZA	FFFFFFFFFFFFFFFF
A	dW5pdC1kcmFnb24	AAAAAAAAAAAAAAAA
A	dW5pdC1kcmFnb24tcm9vc3Q	AAAAAAAAAAAAAAAA
A	dW5pdC1kd2FydmVz	AAAAAAAAAAAAAAAA
A	dW5pdC1lbHZlbi1sdW1iZXItbWlsbA	AAAAAAAAAAAAAAAA
A	dW5pdC1ldmlsLWtuaWdodA	FFFFFFFFFFFFFFFF
A	dW5pdC1leWUtb2YtdmlzaW9u	FFFFFFFFFFFFFFFF
A	dW5pdC1mYWQtbWFu	FFFFFFFFFFFFFFFF
A	dW5pdC1mYXJt	AAAAAAAAAAAAAAAA
A	dW5pdC1mZW1hbGUtaGVybw	FFFFFFFFFFFFFFFF
A	dW5pdC1maXJlLWJyZWV6ZQ	FFFFFFFFFFFFFFFF
A	dW5pdC1mbHlpbmctYW5nZWw	FFFFFFFFFFFFFFFF
A	dW5pdC1mb290bWFu	AAAAAAAAAAAAAAAA
A	dW5pdC1mb3J0cmVzcw	AAAAAAAAAAAAAAAA
A	dW5pdC1nb2JsaW4tc2FwcGVycw	AAAAAAAAAAAAAAAA
A	dW5pdC1nb2xkLW1pbmU	FFFFFFFFFFFFFFFF
A	dW5pdC1ncmVhdC1oYWxs	AAAAAAAAAAAAAAAA
A	dW5pdC1ncnVudA	AAAAAAAAAAAAAAAA
A	dW5pdC1ncnlwaG9uLWF2aWFyeQ	AAAAAAAAAAAAAAAA
A	dW5pdC1ncnlwaG9uLXJpZGVy	AAAAAAAAAAAAAAAA
A	dW5pdC1odW1hbi1iYXJyYWNrcw	AAAAAAAAAAAAAAAA
A	dW5pdC1odW1hbi1ibGFja3NtaXRo	AAAAAAAAAAAAAAAA
A	dW5pdC1odW1hbi1jYW5ub24tdG93ZXI	AAAAAAAAAAAAAAAA
A	dW5pdC1odW1hbi1kZWFkLWJvZHk	FFFFFFFFFFFFFFFF
A	dW5pdC1odW1hbi1kZXN0cm95ZXI	AAAAAAAAAAAAAAAA
A	dW5pdC1odW1hbi1mb3VuZHJ5	AAAAAAAAAAAAAAAA
A	dW5pdC1odW1hbi1ndWFyZC10b3dlcg	AAAAAAAAAAAAAAAA
A	dW5pdC1odW1hbi1vaWwtcGxhdGZvcm0	AAAAAAAAAAAAAAAA
A	dW5pdC1odW1hbi1vaWwtdGFua2Vy	AAAAAAAAAAAAAAAA
A	dW5pdC1odW1hbi1yZWZpbmVyeQ	AAAAAAAAAAAAAAAA
A	dW5pdC1odW1hbi1zaGlweWFyZA	AAAAAAAAAAAAAAAA
A	dW5pdC1odW1hbi1zdGFydC1sb2NhdGlvbg	FFFFFFFFFFFFFFFF
A	dW5pdC1odW1hbi1zdWJtYXJpbmU	AAAAAAAAAAAAAAAA
A	dW5pdC1odW1hbi10cmFuc3BvcnQ	AAAAAAAAAAAAAAAA
A	dW5pdC1odW1hbi13YWxs	AAAAAAAAAAAAAAAA
A	dW5pdC1odW1hbi13YXRjaC10b3dlcg	AAAAAAAAAAAAAAAA
A	dW5pdC1pY2UtYnJpbmdlcg	FFFFFFFFFFFFFFFF
A	dW5pdC1pbnZlbnRvcg	AAAAAAAAAAAAAAAA
A	dW5pdC1rZWVw	AAAAAAAAAAAAAAAA
A	dW5pdC1rbmlnaHQ	AAAAAAAAAAAAAAAA
A	dW5pdC1rbmlnaHQtcmlkZXI	FFFFFFFFFFFFFFFF
A	dW5pdC1tYWdl	AAAAAAAAAAAAAAAA
A	dW5pdC1tYWdlLXRvd2Vy	AAAAAAAAAAAAAAAA
A	dW5pdC1tYW4tb2YtbGlnaHQ	FFFFFFFFFFFFFFFF
A	dW5pdC1vZ3Jl	AAAAAAAAAAAAAAAA
A	dW5pdC1vZ3JlLWp1Z2dlcm5hdWdodA	AAAAAAAAAAAAAAAA
A	dW5pdC1vZ3JlLW1hZ2U	AAAAAAAAAAAAAAAA
A	dW5pdC1vZ3JlLW1vdW5k	AAAAAAAAAAAAAAAA
A	dW5pdC1vaWwtcGF0Y2g	FFFFFFFFFFFFFFFF
A	dW5pdC1vcmMtYmFycmFja3M	AAAAAAAAAAAAAAAA
A	dW5pdC1vcmMtYmxhY2tzbWl0aA	AAAAAAAAAAAAAAAA
A	dW5pdC1vcmMtY2Fubm9uLXRvd2Vy	AAAAAAAAAAAAAAAA
A	dW5pdC1vcmMtZGVhZC1ib2R5	FFFFFFFFFFFFFFFF
A	dW5pdC1vcmMtZGVzdHJveWVy	AAAAAAAAAAAAAAAA
A	dW5pdC1vcmMtZm91bmRyeQ	AAAAAAAAAAAAAAAA
A	dW5pdC1vcmMtZ3VhcmQtdG93ZXI	AAAAAAAAAAAAAAAA
A	dW5pdC1vcmMtb2lsLXBsYXRmb3Jt	AAAAAAAAAAAAAAAA
A	dW5pdC1vcmMtb2lsLXRhbmtlcg	AAAAAAAAAAAAAAAA
A	dW5pdC1vcmMtcmVmaW5lcnk	AAAAAAAAAAAAAAAA
A	dW5pdC1vcmMtc2hpcHlhcmQ	AAAAAAAAAAAAAAAA
A	dW5pdC1vcmMtc3RhcnQtbG9jYXRpb24	FFFFFFFFFFFFFFFF
A	dW5pdC1vcmMtc3VibWFyaW5l	AAAAAAAAAAAAAAAA
A	dW5pdC1vcmMtdHJhbnNwb3J0	AAAAAAAAAAAAAAAA
A	dW5pdC1vcmMtd2FsbA	AAAAAAAAAAAAAAAA
A	dW5pdC1vcmMtd2F0Y2gtdG93ZXI	AAAAAAAAAAAAAAAA
A	dW5pdC1wYWxhZGlu	AAAAAAAAAAAAAAAA
A	dW5pdC1wZWFzYW50	AAAAAAAAAAAAAAAA
A	dW5pdC1wZW9u	AAAAAAAAAAAAAAAA
A	dW5pdC1waWctZmFybQ	AAAAAAAAAAAAAAAA
A	dW5pdC1xdWljay1ibGFkZQ	FFFFFFFFFFFFFFFF
A	dW5pdC1yYW5nZXI	AAAAAAAAAAAAAAAA
A	dW5pdC1ydW5lc3RvbmU	FFFFFFFFFFFFFFFF
A	dW5pdC1zaGFycC1heGU	FFFFFFFFFFFFFFFF
A	dW5pdC1za2VsZXRvbg	FFFFFFFFFFFFFFFF
A	dW5pdC1zdGFibGVz	AAAAAAAAAAAAAAAA
A	dW5pdC1zdHJvbmdob2xk	AAAAAAAAAAAAAAAA
A	dW5pdC10ZW1wbGUtb2YtdGhlLWRhbW5lZA	AAAAAAAAAAAAAAAA
A	dW5pdC10b3duLWhhbGw	AAAAAAAAAAAAAAAA
A	dW5pdC10cm9sbC1sdW1iZXItbWlsbA	AAAAAAAAAAAAAAAA
A	dW5pdC13aGl0ZS1tYWdl	FFFFFFFFFFFFFFFF
A	dW5pdC13aXNlLW1hbg	FFFFFFFFFFFFFFFF
A	dW5pdC16ZXBwZWxpbg	AAAAAAAAAAAAAAAA
A	dXBncmFkZS1hcnJvdzE	AAAAAAAAAAAAAAAA
A	dXBncmFkZS1hcnJvdzI	AAAAAAAAAAAAAAAA
A	dXBncmFkZS1iYWxsaXN0YTE	AAAAAAAAAAAAAAAA
A	dXBncmFkZS1iYWxsaXN0YTI	AAAAAAAAAAAAAAAA
A	dXBncmFkZS1iYXR0bGUtYXhlMQ	AAAAAAAAAAAAAAAA
A	dXBncmFkZS1iYXR0bGUtYXhlMg	AAAAAAAAAAAAAAAA
A	dXBncmFkZS1iZXJzZXJrZXI	AAAAAAAAAAAAAAAA
A	dXBncmFkZS1iZXJzZXJrZXItcmVnZW5lcmF0aW9u	AAAAAAAAAAAAAAAA
A	dXBncmFkZS1iZXJzZXJrZXItc2NvdXRpbmc	AAAAAAAAAAAAAAAA
A	dXBncmFkZS1ibGl6emFyZA	AAAAAAAAAAAAAAAA
A	dXBncmFkZS1ibG9vZGx1c3Q	AAAAAAAAAAAAAAAA
A	dXBncmFkZS1ibG9vZGx1c3QtZG91YmxlLWhlYWQ	RRRRRRRRRRRRRRRR
A	dXBncmFkZS1jYXRhcHVsdDE	AAAAAAAAAAAAAAAA
A	dXBncmFkZS1jYXRhcHVsdDI	AAAAAAAAAAAAAAAA
A	dXBncmFkZS1kZWF0aC1hbmQtZGVjYXk	AAAAAAAAAAAAAAAA
A	dXBncmFkZS1kZWF0aC1jb2ls	RRRRRRRRRRRRRRRR
A	dXBncmFkZS1leG9yY2lzbQ	AAAAAAAAAAAAAAAA
A	dXBncmFkZS1leWUtb2Yta2lscm9nZw	RRRRRRRRRRRRRRRR
A	dXBncmFkZS1leWUtb2Yta2lscm9nZy1kb3VibGUtaGVhZA	RRRRRRRRRRRRRRRR
A	dXBncmFkZS1maXJlYmFsbA	RRRRRRRRRRRRRRRR
A	dXBncmFkZS1mbGFtZS1zaGllbGQ	AAAAAAAAAAAAAAAA
A	dXBncmFkZS1oYXN0ZQ	AAAAAAAAAAAAAAAA
A	dXBncmFkZS1oZWFsaW5n	AAAAAAAAAAAAAAAA
A	dXBncmFkZS1ob2x5LXZpc2lvbg	RRRRRRRRRRRRRRRR
A	dXBncmFkZS1odW1hbi1zaGllbGQx	AAAAAAAAAAAAAAAA
A	dXBncmFkZS1odW1hbi1zaGllbGQy	AAAAAAAAAAAAAAAA
A	dXBncmFkZS1odW1hbi1zaGlwLWFybW9yMQ	AAAAAAAAAAAAAAAA
A	dXBncmFkZS1odW1hbi1zaGlwLWFybW9yMg	AAAAAAAAAAAAAAAA
A	dXBncmFkZS1odW1hbi1zaGlwLWNhbm5vbjE	AAAAAAAAAAAAAAAA
A	dXBncmFkZS1odW1hbi1zaGlwLWNhbm5vbjI	AAAAAAAAAAAAAAAA
A	dXBncmFkZS1pbnZpc2liaWxpdHk	AAAAAAAAAAAAAAAA
A	dXBncmFkZS1saWdodC1heGVz	AAAAAAAAAAAAAAAA
A	dXBncmFkZS1sb25nYm93	AAAAAAAAAAAAAAAA
A	dXBncmFkZS1vZ3JlLW1hZ2U	AAAAAAAAAAAAAAAA
A	dXBncmFkZS1vcmMtc2hpZWxkMQ	AAAAAAAAAAAAAAAA
A	dXBncmFkZS1vcmMtc2hpZWxkMg	AAAAAAAAAAAAAAAA
A	dXBncmFkZS1vcmMtc2hpcC1hcm1vcjE	AAAAAAAAAAAAAAAA
A	dXBncmFkZS1vcmMtc2hpcC1hcm1vcjI	AAAAAAAAAAAAAAAA
A	dXBncmFkZS1vcmMtc2hpcC1jYW5ub24x	AAAAAAAAAAAAAAAA
A	dXBncmFkZS1vcmMtc2hpcC1jYW5ub24y	AAAAAAAAAAAAAAAA
A	dXBncmFkZS1wYWxhZGlu	AAAAAAAAAAAAAAAA
A	dXBncmFkZS1wb2x5bW9ycGg	AAAAAAAAAAAAAAAA
A	dXBncmFkZS1yYWlzZS1kZWFk	AAAAAAAAAAAAAAAA
A	dXBncmFkZS1yYW5nZXI	AAAAAAAAAAAAAAAA
A	dXBncmFkZS1yYW5nZXItbWFya3NtYW5zaGlw	AAAAAAAAAAAAAAAA
A	dXBncmFkZS1yYW5nZXItc2NvdXRpbmc	AAAAAAAAAAAAAAAA
A	dXBncmFkZS1ydW5lcw	AAAAAAAAAAAAAAAA
A	dXBncmFkZS1ydW5lcy1kb3VibGUtaGVhZA	RRRRRRRRRRRRRRRR
A	dXBncmFkZS1zbG93	AAAAAAAAAAAAAAAA
A	dXBncmFkZS1zd29yZDE	AAAAAAAAAAAAAAAA
A	dXBncmFkZS1zd29yZDI	AAAAAAAAAAAAAAAA
A	dXBncmFkZS10aHJvd2luZy1heGUx	AAAAAAAAAAAAAAAA
A	dXBncmFkZS10aHJvd2luZy1heGUy	AAAAAAAAAAAAAAAA
A	dXBncmFkZS11bmhvbHktYXJtb3I	AAAAAAAAAAAAAAAA
A	dXBncmFkZS13aGlybHdpbmQ	AAAAAAAAAAAAAAAA
I	6	d2MyLWxhbmQtYXR0YWNr	MAP
T	VEhJUyBRZFc1cGRDMWlaV0Z6ZEMxamNuayBVTklUX0NPVU5UIE4xIEVRIE42IFFkVzVwZEMxa1pXRjBhQzFyYm1sbmFIUSBVTklUX0NPVU5UIE4wIEVRIEFORCBONiBRZFc1cGRDMTBaVzF3YkdVdGIyWXRkR2hsTFdSaGJXNWxaQSBVTklUX0NPVU5UIE4wIEVRIEFORA	VklDVE9SWQ
T	VEhJUyBRZFc1cGRDMWlaV0Z6ZEMxamNuayBVTklUX0NPVU5UIE4wIEVRIE4wIFFkVzVwZEMxaVpXRnpkQzFqY25rIFVOSVRfQ09VTlQgTjAgRVEgQU5E	REVGRUFU
T	VEhJUyBUT1RBTCBOMCBFUQ	REVGRUFU
E
M	Y2FtcGFpZ25zL29yYy1leHAvbGV2ZWx4MDJv	Li4vY2FtcGFpZ25zL29yYy9pbnRlcmZhY2UvaW50cm9zY3JlZW41LnBuZw	2	Y2FtcGFpZ25zL29yYy1leHAvbGV2ZWx4MDJvLWludHJvMS53YXY	Y2FtcGFpZ25zL29yYy1leHAvbGV2ZWx4MDJvLWludHJvMi53YXY
A	dW5pdC1hbGNoZW1pc3Q	AAAAAAAAAAAAAAAA
A	dW5pdC1hbHRhci1vZi1zdG9ybXM	AAAAAAAAAAAAAAAA
A	dW5pdC1hcmNoZXI	AAAAAAAAAAAAAAAA
A	dW5pdC1hcnRob3ItbGl0ZXJpb3M	FFFFFFFFFFFFFFFF
A	dW5pdC1heGV0aHJvd2Vy	AAAAAAAAAAAAAAAA
A	dW5pdC1iYWxsaXN0YQ	AAAAAAAAAAAAAAAA
A	dW5pdC1iYWxsb29u	AAAAAAAAAAAAAAAA
A	dW5pdC1iYXR0bGVzaGlw	AAAAAAAAAAAAAAAA
A	dW5pdC1iZWFzdC1jcnk	FFFFFFFFFFFFFFFF
A	dW5pdC1iZXJzZXJrZXI	AAAAAAAAAAAAAAAA
A	dW5pdC1jYXN0bGU	AAAAAAAAAAAAAAAA
A	dW5pdC1jYXRhcHVsdA	AAAAAAAAAAAAAAAA
A	dW5pdC1jaHVyY2g	AAAAAAAAAAAAAAAA
A	dW5pdC1jaXJjbGUtb2YtcG93ZXI	FFFFFFFFFFFFFFFF
A	dW5pdC1jcml0dGVy	FFFFFFFFFFFFFFFF
A	dW5pdC1kYWVtb24	FFFFFFFFFFFFFFFF
A	dW5pdC1kYXJrLXBvcnRhbA	FFFFFFFFFFFFFFFF
A	dW5pdC1kZWFkLXNlYS1ib2R5	FFFFFFFFFFFFFFFF
A	dW5pdC1kZWF0aC1rbmlnaHQ	AAAAAAAAAAAAAAAA
A	dW5pdC1kZXN0cm95ZWQtMXgxLXBsYWNl	FFFFFFFFFFFFFFFF
A	dW5pdC1kZXN0cm95ZWQtMngyLXBsYWNl	FFFFFFFFFFFFFFFF
A	dW5pdC1kZXN0cm95ZWQtM3gzLXBsYWNl	FFFFFFFFFFFFFFFF
A	dW5pdC1kZXN0cm95ZWQtM3gzLXBsYWNlLXdhdGVy	FFFFFFFFFFFFFFFF
A	dW5pdC1kZXN0cm95ZWQtNHg0LXBsYWNl	FFFFFFFFFFFFFFFF
A	dW5pdC1kb3VibGUtaGVhZA	FFFFFFFFFFFFFFFF
A	dW5pdC1kcmFnb24	FFFFFFFFFFFFFFFF
A	dW5pdC1kcmFnb24tcm9vc3Q	FFFFFFFFFFFFFFFF
A	dW5pdC1kd2FydmVz	AAAAAAAAAAAAAAAA
A	dW5pdC1lbHZlbi1sdW1iZXItbWlsbA	AAAAAAAAAAAAAAAA
A	dW5pdC1ldmlsLWtuaWdodA	FFFFFFFFFFFFFFFF
A	dW5pdC1leWUtb2YtdmlzaW9u	FFFFFFFFFFFFFFFF
A	dW5pdC1mYWQtbWFu	FFFFFFFFFFFFFFFF
A	dW5pdC1mYXJt	AAAAAAAAAAAAAAAA
A	dW5pdC1mZW1hbGUtaGVybw	FFFFFFFFFFFFFFFF
A	dW5pdC1maXJlLWJyZWV6ZQ	FFFFFFFFFFFFFFFF
A	dW5pdC1mbHlpbmctYW5nZWw	FFFFFFFFFFFFFFFF
A	dW5pdC1mb290bWFu	AAAAAAAAAAAAAAAA
A	dW5pdC1mb3J0cmVzcw	AAAAAAAAAAAAAAAA
A	dW5pdC1nb2JsaW4tc2FwcGVycw	AAAAAAAAAAAAAAAA
A	dW5pdC1nb2xkLW1pbmU	FFFFFFFFFFFFFFFF
A	dW5pdC1ncmVhdC1oYWxs	AAAAAAAAAAAAAAAA
A	dW5pdC1ncnVudA	AAAAAAAAAAAAAAAA
A	dW5pdC1ncnlwaG9uLWF2aWFyeQ	AAAAAAAAAAAAAAAA
A	dW5pdC1ncnlwaG9uLXJpZGVy	AAAAAAAAAAAAAAAA
A	dW5pdC1odW1hbi1iYXJyYWNrcw	AAAAAAAAAAAAAAAA
A	dW5pdC1odW1hbi1ibGFja3NtaXRo	AAAAAAAAAAAAAAAA
A	dW5pdC1odW1hbi1jYW5ub24tdG93ZXI	AAAAAAAAAAAAAAAA
A	dW5pdC1odW1hbi1kZWFkLWJvZHk	FFFFFFFFFFFFFFFF
A	dW5pdC1odW1hbi1kZXN0cm95ZXI	AAAAAAAAAAAAAAAA
A	dW5pdC1odW1hbi1mb3VuZHJ5	AAAAAAAAAAAAAAAA
A	dW5pdC1odW1hbi1ndWFyZC10b3dlcg	AAAAAAAAAAAAAAAA
A	dW5pdC1odW1hbi1vaWwtcGxhdGZvcm0	AAAAAAAAAAAAAAAA
A	dW5pdC1odW1hbi1vaWwtdGFua2Vy	AAAAAAAAAAAAAAAA
A	dW5pdC1odW1hbi1yZWZpbmVyeQ	AAAAAAAAAAAAAAAA
A	dW5pdC1odW1hbi1zaGlweWFyZA	AAAAAAAAAAAAAAAA
A	dW5pdC1odW1hbi1zdGFydC1sb2NhdGlvbg	FFFFFFFFFFFFFFFF
A	dW5pdC1odW1hbi1zdWJtYXJpbmU	AAAAAAAAAAAAAAAA
A	dW5pdC1odW1hbi10cmFuc3BvcnQ	AAAAAAAAAAAAAAAA
A	dW5pdC1odW1hbi13YWxs	AAAAAAAAAAAAAAAA
A	dW5pdC1odW1hbi13YXRjaC10b3dlcg	AAAAAAAAAAAAAAAA
A	dW5pdC1pY2UtYnJpbmdlcg	FFFFFFFFFFFFFFFF
A	dW5pdC1pbnZlbnRvcg	AAAAAAAAAAAAAAAA
A	dW5pdC1rZWVw	AAAAAAAAAAAAAAAA
A	dW5pdC1rbmlnaHQ	AAAAAAAAAAAAAAAA
A	dW5pdC1rbmlnaHQtcmlkZXI	FFFFFFFFFFFFFFFF
A	dW5pdC1tYWdl	AAAAAAAAAAAAAAAA
A	dW5pdC1tYWdlLXRvd2Vy	AAAAAAAAAAAAAAAA
A	dW5pdC1tYW4tb2YtbGlnaHQ	FFFFFFFFFFFFFFFF
A	dW5pdC1vZ3Jl	AAAAAAAAAAAAAAAA
A	dW5pdC1vZ3JlLWp1Z2dlcm5hdWdodA	AAAAAAAAAAAAAAAA
A	dW5pdC1vZ3JlLW1hZ2U	AAAAAAAAAAAAAAAA
A	dW5pdC1vZ3JlLW1vdW5k	AAAAAAAAAAAAAAAA
A	dW5pdC1vaWwtcGF0Y2g	FFFFFFFFFFFFFFFF
A	dW5pdC1vcmMtYmFycmFja3M	AAAAAAAAAAAAAAAA
A	dW5pdC1vcmMtYmxhY2tzbWl0aA	AAAAAAAAAAAAAAAA
A	dW5pdC1vcmMtY2Fubm9uLXRvd2Vy	AAAAAAAAAAAAAAAA
A	dW5pdC1vcmMtZGVhZC1ib2R5	FFFFFFFFFFFFFFFF
A	dW5pdC1vcmMtZGVzdHJveWVy	AAAAAAAAAAAAAAAA
A	dW5pdC1vcmMtZm91bmRyeQ	AAAAAAAAAAAAAAAA
A	dW5pdC1vcmMtZ3VhcmQtdG93ZXI	AAAAAAAAAAAAAAAA
A	dW5pdC1vcmMtb2lsLXBsYXRmb3Jt	AAAAAAAAAAAAAAAA
A	dW5pdC1vcmMtb2lsLXRhbmtlcg	AAAAAAAAAAAAAAAA
A	dW5pdC1vcmMtcmVmaW5lcnk	AAAAAAAAAAAAAAAA
A	dW5pdC1vcmMtc2hpcHlhcmQ	AAAAAAAAAAAAAAAA
A	dW5pdC1vcmMtc3RhcnQtbG9jYXRpb24	FFFFFFFFFFFFFFFF
A	dW5pdC1vcmMtc3VibWFyaW5l	AAAAAAAAAAAAAAAA
A	dW5pdC1vcmMtdHJhbnNwb3J0	AAAAAAAAAAAAAAAA
A	dW5pdC1vcmMtd2FsbA	AAAAAAAAAAAAAAAA
A	dW5pdC1vcmMtd2F0Y2gtdG93ZXI	AAAAAAAAAAAAAAAA
A	dW5pdC1wYWxhZGlu	AAAAAAAAAAAAAAAA
A	dW5pdC1wZWFzYW50	AAAAAAAAAAAAAAAA
A	dW5pdC1wZW9u	AAAAAAAAAAAAAAAA
A	dW5pdC1waWctZmFybQ	AAAAAAAAAAAAAAAA
A	dW5pdC1xdWljay1ibGFkZQ	FFFFFFFFFFFFFFFF
A	dW5pdC1yYW5nZXI	AAAAAAAAAAAAAAAA
A	dW5pdC1ydW5lc3RvbmU	FFFFFFFFFFFFFFFF
A	dW5pdC1zaGFycC1heGU	FFFFFFFFFFFFFFFF
A	dW5pdC1za2VsZXRvbg	FFFFFFFFFFFFFFFF
A	dW5pdC1zdGFibGVz	AAAAAAAAAAAAAAAA
A	dW5pdC1zdHJvbmdob2xk	AAAAAAAAAAAAAAAA
A	dW5pdC10ZW1wbGUtb2YtdGhlLWRhbW5lZA	AAAAAAAAAAAAAAAA
A	dW5pdC10b3duLWhhbGw	AAAAAAAAAAAAAAAA
A	dW5pdC10cm9sbC1sdW1iZXItbWlsbA	AAAAAAAAAAAAAAAA
A	dW5pdC13aGl0ZS1tYWdl	FFFFFFFFFFFFFFFF
A	dW5pdC13aXNlLW1hbg	FFFFFFFFFFFFFFFF
A	dW5pdC16ZXBwZWxpbg	AAAAAAAAAAAAAAAA
A	dXBncmFkZS1hcnJvdzE	AAAAAAAAAAAAAAAA
A	dXBncmFkZS1hcnJvdzI	AAAAAAAAAAAAAAAA
A	dXBncmFkZS1iYWxsaXN0YTE	AAAAAAAAAAAAAAAA
A	dXBncmFkZS1iYWxsaXN0YTI	AAAAAAAAAAAAAAAA
A	dXBncmFkZS1iYXR0bGUtYXhlMQ	AAAAAAAAAAAAAAAA
A	dXBncmFkZS1iYXR0bGUtYXhlMg	AAAAAAAAAAAAAAAA
A	dXBncmFkZS1iZXJzZXJrZXI	AAAAAAAAAAAAAAAA
A	dXBncmFkZS1iZXJzZXJrZXItcmVnZW5lcmF0aW9u	AAAAAAAAAAAAAAAA
A	dXBncmFkZS1iZXJzZXJrZXItc2NvdXRpbmc	AAAAAAAAAAAAAAAA
A	dXBncmFkZS1ibGl6emFyZA	AAAAAAAAAAAAAAAA
A	dXBncmFkZS1ibG9vZGx1c3Q	RRRRRRRRRRRRRRRR
A	dXBncmFkZS1ibG9vZGx1c3QtZG91YmxlLWhlYWQ	RRRRRRRRRRRRRRRR
A	dXBncmFkZS1jYXRhcHVsdDE	AAAAAAAAAAAAAAAA
A	dXBncmFkZS1jYXRhcHVsdDI	AAAAAAAAAAAAAAAA
A	dXBncmFkZS1kZWF0aC1hbmQtZGVjYXk	AAAAAAAAAAAAAAAA
A	dXBncmFkZS1kZWF0aC1jb2ls	RRRRRRRRRRRRRRRR
A	dXBncmFkZS1leG9yY2lzbQ	AAAAAAAAAAAAAAAA
A	dXBncmFkZS1leWUtb2Yta2lscm9nZw	RRRRRRRRRRRRRRRR
A	dXBncmFkZS1leWUtb2Yta2lscm9nZy1kb3VibGUtaGVhZA	RRRRRRRRRRRRRRRR
A	dXBncmFkZS1maXJlYmFsbA	RRRRRRRRRRRRRRRR
A	dXBncmFkZS1mbGFtZS1zaGllbGQ	AAAAAAAAAAAAAAAA
A	dXBncmFkZS1oYXN0ZQ	AAAAAAAAAAAAAAAA
A	dXBncmFkZS1oZWFsaW5n	AAAAAAAAAAAAAAAA
A	dXBncmFkZS1ob2x5LXZpc2lvbg	RRRRRRRRRRRRRRRR
A	dXBncmFkZS1odW1hbi1zaGllbGQx	AAAAAAAAAAAAAAAA
A	dXBncmFkZS1odW1hbi1zaGllbGQy	AAAAAAAAAAAAAAAA
A	dXBncmFkZS1odW1hbi1zaGlwLWFybW9yMQ	AAAAAAAAAAAAAAAA
A	dXBncmFkZS1odW1hbi1zaGlwLWFybW9yMg	AAAAAAAAAAAAAAAA
A	dXBncmFkZS1odW1hbi1zaGlwLWNhbm5vbjE	AAAAAAAAAAAAAAAA
A	dXBncmFkZS1odW1hbi1zaGlwLWNhbm5vbjI	AAAAAAAAAAAAAAAA
A	dXBncmFkZS1pbnZpc2liaWxpdHk	AAAAAAAAAAAAAAAA
A	dXBncmFkZS1saWdodC1heGVz	AAAAAAAAAAAAAAAA
A	dXBncmFkZS1sb25nYm93	AAAAAAAAAAAAAAAA
A	dXBncmFkZS1vZ3JlLW1hZ2U	AAAAAAAAAAAAAAAA
A	dXBncmFkZS1vcmMtc2hpZWxkMQ	AAAAAAAAAAAAAAAA
A	dXBncmFkZS1vcmMtc2hpZWxkMg	AAAAAAAAAAAAAAAA
A	dXBncmFkZS1vcmMtc2hpcC1hcm1vcjE	AAAAAAAAAAAAAAAA
A	dXBncmFkZS1vcmMtc2hpcC1hcm1vcjI	AAAAAAAAAAAAAAAA
A	dXBncmFkZS1vcmMtc2hpcC1jYW5ub24x	AAAAAAAAAAAAAAAA
A	dXBncmFkZS1vcmMtc2hpcC1jYW5ub24y	AAAAAAAAAAAAAAAA
A	dXBncmFkZS1wYWxhZGlu	AAAAAAAAAAAAAAAA
A	dXBncmFkZS1wb2x5bW9ycGg	AAAAAAAAAAAAAAAA
A	dXBncmFkZS1yYWlzZS1kZWFk	AAAAAAAAAAAAAAAA
A	dXBncmFkZS1yYW5nZXI	AAAAAAAAAAAAAAAA
A	dXBncmFkZS1yYW5nZXItbWFya3NtYW5zaGlw	AAAAAAAAAAAAAAAA
A	dXBncmFkZS1yYW5nZXItc2NvdXRpbmc	AAAAAAAAAAAAAAAA
A	dXBncmFkZS1ydW5lcw	AAAAAAAAAAAAAAAA
A	dXBncmFkZS1ydW5lcy1kb3VibGUtaGVhZA	RRRRRRRRRRRRRRRR
A	dXBncmFkZS1zbG93	AAAAAAAAAAAAAAAA
A	dXBncmFkZS1zd29yZDE	AAAAAAAAAAAAAAAA
A	dXBncmFkZS1zd29yZDI	AAAAAAAAAAAAAAAA
A	dXBncmFkZS10aHJvd2luZy1heGUx	AAAAAAAAAAAAAAAA
A	dXBncmFkZS10aHJvd2luZy1heGUy	AAAAAAAAAAAAAAAA
A	dXBncmFkZS11bmhvbHktYXJtb3I	AAAAAAAAAAAAAAAA
A	dXBncmFkZS13aGlybHdpbmQ	AAAAAAAAAAAAAAAA
I	2	b3JjLWV4cC0y	MAP
T	VEhJUyBRZFc1cGRDMXhkV2xqYXkxaWJHRmtaUSBVTklUX0NPVU5UIE4xIEVRIFRISVMgUWRXNXBkQzFtWVdRdGJXRnUgVU5JVF9DT1VOVCBOMSBFUSBBTkQgVEhJUyBPUFBPTkVOVFMgTjAgRVEgQU5E	VklDVE9SWQ
T	VEhJUyBRZFc1cGRDMXhkV2xqYXkxaWJHRmtaUSBVTklUX0NPVU5UIE4wIEVRIE42IFFkVzVwZEMxeGRXbGpheTFpYkdGa1pRIFVOSVRfQ09VTlQgTjAgRVEgQU5E	REVGRUFU
T	VEhJUyBRZFc1cGRDMW1ZV1F0YldGdSBVTklUX0NPVU5UIE4wIEVRIE4xIFFkVzVwZEMxbVlXUXRiV0Z1IFVOSVRfQ09VTlQgTjAgRVEgQU5E	REVGRUFU
T	VEhJUyBUT1RBTCBOMCBFUQ	REVGRUFU
E
M	Y2FtcGFpZ25zL29yYy1leHAvbGV2ZWx4MDNv	Li4vY2FtcGFpZ25zL29yYy9pbnRlcmZhY2UvaW50cm9zY3JlZW41LnBuZw	2	Y2FtcGFpZ25zL29yYy1leHAvbGV2ZWx4MDNvLWludHJvMS53YXY	Y2FtcGFpZ25zL29yYy1leHAvbGV2ZWx4MDNvLWludHJvMi53YXY
A	dW5pdC1hbGNoZW1pc3Q	AAAAAAAAAAAAAAAA
A	dW5pdC1hbHRhci1vZi1zdG9ybXM	AAAAAAAAAAAAAAAA
A	dW5pdC1hcmNoZXI	AAAAAAAAAAAAAAAA
A	dW5pdC1hcnRob3ItbGl0ZXJpb3M	FFFFFFFFFFFFFFFF
A	dW5pdC1heGV0aHJvd2Vy	AAAAAAAAAAAAAAAA
A	dW5pdC1iYWxsaXN0YQ	AAAAAAAAAAAAAAAA
A	dW5pdC1iYWxsb29u	AAAAAAAAAAAAAAAA
A	dW5pdC1iYXR0bGVzaGlw	AAAAAAAAAAAAAAAA
A	dW5pdC1iZWFzdC1jcnk	FFFFFFFFFFFFFFFF
A	dW5pdC1iZXJzZXJrZXI	AAAAAAAAAAAAAAAA
A	dW5pdC1jYXN0bGU	AAAAAAAAAAAAAAAA
A	dW5pdC1jYXRhcHVsdA	AAAAAAAAAAAAAAAA
A	dW5pdC1jaHVyY2g	AAAAAAAAAAAAAAAA
A	dW5pdC1jaXJjbGUtb2YtcG93ZXI	FFFFFFFFFFFFFFFF
A	dW5pdC1jcml0dGVy	FFFFFFFFFFFFFFFF
A	dW5pdC1kYWVtb24	FFFFFFFFFFFFFFFF
A	dW5pdC1kYXJrLXBvcnRhbA	FFFFFFFFFFFFFFFF
A	dW5pdC1kZWFkLXNlYS1ib2R5	FFFFFFFFFFFFFFFF
A	dW5pdC1kZWF0aC1rbmlnaHQ	AAAAAAAAAAAAAAAA
A	dW5pdC1kZXN0cm95ZWQtMXgxLXBsYWNl	FFFFFFFFFFFFFFFF
A	dW5pdC1kZXN0cm95ZWQtMngyLXBsYWNl	FFFFFFFFFFFFFFFF
A	dW5pdC1kZXN0cm95ZWQtM3gzLXBsYWNl	FFFFFFFFFFFFFFFF
A	dW5pdC1kZXN0cm95ZWQtM3gzLXBsYWNlLXdhdGVy	FFFFFFFFFFFFFFFF
A	dW5pdC1kZXN0cm95ZWQtNHg0LXBsYWNl	FFFFFFFFFFFFFFFF
A	dW5pdC1kb3VibGUtaGVhZA	FFFFFFFFFFFFFFFF
A	dW5pdC1kcmFnb24	FFFFFFFFFFFFFFFF
A	dW5pdC1kcmFnb24tcm9vc3Q	FFFFFFFFFFFFFFFF
A	dW5pdC1kd2FydmVz	AAAAAAAAAAAAAAAA
A	dW5pdC1lbHZlbi1sdW1iZXItbWlsbA	AAAAAAAAAAAAAAAA
A	dW5pdC1ldmlsLWtuaWdodA	FFFFFFFFFFFFFFFF
A	dW5pdC1leWUtb2YtdmlzaW9u	FFFFFFFFFFFFFFFF
A	dW5pdC1mYWQtbWFu	FFFFFFFFFFFFFFFF
A	dW5pdC1mYXJt	AAAAAAAAAAAAAAAA
A	dW5pdC1mZW1hbGUtaGVybw	FFFFFFFFFFFFFFFF
A	dW5pdC1maXJlLWJyZWV6ZQ	FFFFFFFFFFFFFFFF
A	dW5pdC1mbHlpbmctYW5nZWw	FFFFFFFFFFFFFFFF
A	dW5pdC1mb290bWFu	AAAAAAAAAAAAAAAA
A	dW5pdC1mb3J0cmVzcw	AAAAAAAAAAAAAAAA
A	dW5pdC1nb2JsaW4tc2FwcGVycw	AAAAAAAAAAAAAAAA
A	dW5pdC1nb2xkLW1pbmU	FFFFFFFFFFFFFFFF
A	dW5pdC1ncmVhdC1oYWxs	AAAAAAAAAAAAAAAA
A	dW5pdC1ncnVudA	AAAAAAAAAAAAAAAA
A	dW5pdC1ncnlwaG9uLWF2aWFyeQ	AAAAAAAAAAAAAAAA
A	dW5pdC1ncnlwaG9uLXJpZGVy	AAAAAAAAAAAAAAAA
A	dW5pdC1odW1hbi1iYXJyYWNrcw	AAAAAAAAAAAAAAAA
A	dW5pdC1odW1hbi1ibGFja3NtaXRo	AAAAAAAAAAAAAAAA
A	dW5pdC1odW1hbi1jYW5ub24tdG93ZXI	AAAAAAAAAAAAAAAA
A	dW5pdC1odW1hbi1kZWFkLWJvZHk	FFFFFFFFFFFFFFFF
A	dW5pdC1odW1hbi1kZXN0cm95ZXI	AAAAAAAAAAAAAAAA
A	dW5pdC1odW1hbi1mb3VuZHJ5	AAAAAAAAAAAAAAAA
A	dW5pdC1odW1hbi1ndWFyZC10b3dlcg	AAAAAAAAAAAAAAAA
A	dW5pdC1odW1hbi1vaWwtcGxhdGZvcm0	AAAAAAAAAAAAAAAA
A	dW5pdC1odW1hbi1vaWwtdGFua2Vy	AAAAAAAAAAAAAAAA
A	dW5pdC1odW1hbi1yZWZpbmVyeQ	AAAAAAAAAAAAAAAA
A	dW5pdC1odW1hbi1zaGlweWFyZA	AAAAAAAAAAAAAAAA
A	dW5pdC1odW1hbi1zdGFydC1sb2NhdGlvbg	FFFFFFFFFFFFFFFF
A	dW5pdC1odW1hbi1zdWJtYXJpbmU	AAAAAAAAAAAAAAAA
A	dW5pdC1odW1hbi10cmFuc3BvcnQ	AAAAAAAAAAAAAAAA
A	dW5pdC1odW1hbi13YWxs	AAAAAAAAAAAAAAAA
A	dW5pdC1odW1hbi13YXRjaC10b3dlcg	AAAAAAAAAAAAAAAA
A	dW5pdC1pY2UtYnJpbmdlcg	FFFFFFFFFFFFFFFF
A	dW5pdC1pbnZlbnRvcg	AAAAAAAAAAAAAAAA
A	dW5pdC1rZWVw	AAAAAAAAAAAAAAAA
A	dW5pdC1rbmlnaHQ	AAAAAAAAAAAAAAAA
A	dW5pdC1rbmlnaHQtcmlkZXI	FFFFFFFFFFFFFFFF
A	dW5pdC1tYWdl	AAAAAAAAAAAAAAAA
A	dW5pdC1tYWdlLXRvd2Vy	AAAAAAAAAAAAAAAA
A	dW5pdC1tYW4tb2YtbGlnaHQ	FFFFFFFFFFFFFFFF
A	dW5pdC1vZ3Jl	AAAAAAAAAAAAAAAA
A	dW5pdC1vZ3JlLWp1Z2dlcm5hdWdodA	AAAAAAAAAAAAAAAA
A	dW5pdC1vZ3JlLW1hZ2U	AAAAAAAAAAAAAAAA
A	dW5pdC1vZ3JlLW1vdW5k	AAAAAAAAAAAAAAAA
A	dW5pdC1vaWwtcGF0Y2g	FFFFFFFFFFFFFFFF
A	dW5pdC1vcmMtYmFycmFja3M	AAAAAAAAAAAAAAAA
A	dW5pdC1vcmMtYmxhY2tzbWl0aA	AAAAAAAAAAAAAAAA
A	dW5pdC1vcmMtY2Fubm9uLXRvd2Vy	AAAAAAAAAAAAAAAA
A	dW5pdC1vcmMtZGVhZC1ib2R5	FFFFFFFFFFFFFFFF
A	dW5pdC1vcmMtZGVzdHJveWVy	AAAAAAAAAAAAAAAA
A	dW5pdC1vcmMtZm91bmRyeQ	AAAAAAAAAAAAAAAA
A	dW5pdC1vcmMtZ3VhcmQtdG93ZXI	AAAAAAAAAAAAAAAA
A	dW5pdC1vcmMtb2lsLXBsYXRmb3Jt	AAAAAAAAAAAAAAAA
A	dW5pdC1vcmMtb2lsLXRhbmtlcg	AAAAAAAAAAAAAAAA
A	dW5pdC1vcmMtcmVmaW5lcnk	AAAAAAAAAAAAAAAA
A	dW5pdC1vcmMtc2hpcHlhcmQ	AAAAAAAAAAAAAAAA
A	dW5pdC1vcmMtc3RhcnQtbG9jYXRpb24	FFFFFFFFFFFFFFFF
A	dW5pdC1vcmMtc3VibWFyaW5l	AAAAAAAAAAAAAAAA
A	dW5pdC1vcmMtdHJhbnNwb3J0	AAAAAAAAAAAAAAAA
A	dW5pdC1vcmMtd2FsbA	AAAAAAAAAAAAAAAA
A	dW5pdC1vcmMtd2F0Y2gtdG93ZXI	AAAAAAAAAAAAAAAA
A	dW5pdC1wYWxhZGlu	AAAAAAAAAAAAAAAA
A	dW5pdC1wZWFzYW50	AAAAAAAAAAAAAAAA
A	dW5pdC1wZW9u	AAAAAAAAAAAAAAAA
A	dW5pdC1waWctZmFybQ	AAAAAAAAAAAAAAAA
A	dW5pdC1xdWljay1ibGFkZQ	FFFFFFFFFFFFFFFF
A	dW5pdC1yYW5nZXI	AAAAAAAAAAAAAAAA
A	dW5pdC1ydW5lc3RvbmU	FFFFFFFFFFFFFFFF
A	dW5pdC1zaGFycC1heGU	FFFFFFFFFFFFFFFF
A	dW5pdC1za2VsZXRvbg	FFFFFFFFFFFFFFFF
A	dW5pdC1zdGFibGVz	AAAAAAAAAAAAAAAA
A	dW5pdC1zdHJvbmdob2xk	AAAAAAAAAAAAAAAA
A	dW5pdC10ZW1wbGUtb2YtdGhlLWRhbW5lZA	AAAAAAAAAAAAAAAA
A	dW5pdC10b3duLWhhbGw	AAAAAAAAAAAAAAAA
A	dW5pdC10cm9sbC1sdW1iZXItbWlsbA	AAAAAAAAAAAAAAAA
A	dW5pdC13aGl0ZS1tYWdl	FFFFFFFFFFFFFFFF
A	dW5pdC13aXNlLW1hbg	FFFFFFFFFFFFFFFF
A	dW5pdC16ZXBwZWxpbg	AAAAAAAAAAAAAAAA
A	dXBncmFkZS1hcnJvdzE	AAAAAAAAAAAAAAAA
A	dXBncmFkZS1hcnJvdzI	AAAAAAAAAAAAAAAA
A	dXBncmFkZS1iYWxsaXN0YTE	AAAAAAAAAAAAAAAA
A	dXBncmFkZS1iYWxsaXN0YTI	AAAAAAAAAAAAAAAA
A	dXBncmFkZS1iYXR0bGUtYXhlMQ	AAAAAAAAAAAAAAAA
A	dXBncmFkZS1iYXR0bGUtYXhlMg	AAAAAAAAAAAAAAAA
A	dXBncmFkZS1iZXJzZXJrZXI	AAAAAAAAAAAAAAAA
A	dXBncmFkZS1iZXJzZXJrZXItcmVnZW5lcmF0aW9u	AAAAAAAAAAAAAAAA
A	dXBncmFkZS1iZXJzZXJrZXItc2NvdXRpbmc	AAAAAAAAAAAAAAAA
A	dXBncmFkZS1ibGl6emFyZA	AAAAAAAAAAAAAAAA
A	dXBncmFkZS1ibG9vZGx1c3Q	AAAAAAAAAAAAAAAA
A	dXBncmFkZS1ibG9vZGx1c3QtZG91YmxlLWhlYWQ	RRRRRRRRRRRRRRRR
A	dXBncmFkZS1jYXRhcHVsdDE	AAAAAAAAAAAAAAAA
A	dXBncmFkZS1jYXRhcHVsdDI	AAAAAAAAAAAAAAAA
A	dXBncmFkZS1kZWF0aC1hbmQtZGVjYXk	AAAAAAAAAAAAAAAA
A	dXBncmFkZS1kZWF0aC1jb2ls	RRRRRRRRRRRRRRRR
A	dXBncmFkZS1leG9yY2lzbQ	AAAAAAAAAAAAAAAA
A	dXBncmFkZS1leWUtb2Yta2lscm9nZw	RRRRRRRRRRRRRRRR
A	dXBncmFkZS1leWUtb2Yta2lscm9nZy1kb3VibGUtaGVhZA	RRRRRRRRRRRRRRRR
A	dXBncmFkZS1maXJlYmFsbA	RRRRRRRRRRRRRRRR
A	dXBncmFkZS1mbGFtZS1zaGllbGQ	AAAAAAAAAAAAAAAA
A	dXBncmFkZS1oYXN0ZQ	AAAAAAAAAAAAAAAA
A	dXBncmFkZS1oZWFsaW5n	AAAAAAAAAAAAAAAA
A	dXBncmFkZS1ob2x5LXZpc2lvbg	RRRRRRRRRRRRRRRR
A	dXBncmFkZS1odW1hbi1zaGllbGQx	AAAAAAAAAAAAAAAA
A	dXBncmFkZS1odW1hbi1zaGllbGQy	AAAAAAAAAAAAAAAA
A	dXBncmFkZS1odW1hbi1zaGlwLWFybW9yMQ	AAAAAAAAAAAAAAAA
A	dXBncmFkZS1odW1hbi1zaGlwLWFybW9yMg	AAAAAAAAAAAAAAAA
A	dXBncmFkZS1odW1hbi1zaGlwLWNhbm5vbjE	AAAAAAAAAAAAAAAA
A	dXBncmFkZS1odW1hbi1zaGlwLWNhbm5vbjI	AAAAAAAAAAAAAAAA
A	dXBncmFkZS1pbnZpc2liaWxpdHk	AAAAAAAAAAAAAAAA
A	dXBncmFkZS1saWdodC1heGVz	AAAAAAAAAAAAAAAA
A	dXBncmFkZS1sb25nYm93	AAAAAAAAAAAAAAAA
A	dXBncmFkZS1vZ3JlLW1hZ2U	AAAAAAAAAAAAAAAA
A	dXBncmFkZS1vcmMtc2hpZWxkMQ	AAAAAAAAAAAAAAAA
A	dXBncmFkZS1vcmMtc2hpZWxkMg	AAAAAAAAAAAAAAAA
A	dXBncmFkZS1vcmMtc2hpcC1hcm1vcjE	AAAAAAAAAAAAAAAA
A	dXBncmFkZS1vcmMtc2hpcC1hcm1vcjI	AAAAAAAAAAAAAAAA
A	dXBncmFkZS1vcmMtc2hpcC1jYW5ub24x	AAAAAAAAAAAAAAAA
A	dXBncmFkZS1vcmMtc2hpcC1jYW5ub24y	AAAAAAAAAAAAAAAA
A	dXBncmFkZS1wYWxhZGlu	AAAAAAAAAAAAAAAA
A	dXBncmFkZS1wb2x5bW9ycGg	AAAAAAAAAAAAAAAA
A	dXBncmFkZS1yYWlzZS1kZWFk	AAAAAAAAAAAAAAAA
A	dXBncmFkZS1yYW5nZXI	AAAAAAAAAAAAAAAA
A	dXBncmFkZS1yYW5nZXItbWFya3NtYW5zaGlw	AAAAAAAAAAAAAAAA
A	dXBncmFkZS1yYW5nZXItc2NvdXRpbmc	AAAAAAAAAAAAAAAA
A	dXBncmFkZS1ydW5lcw	AAAAAAAAAAAAAAAA
A	dXBncmFkZS1ydW5lcy1kb3VibGUtaGVhZA	RRRRRRRRRRRRRRRR
A	dXBncmFkZS1zbG93	AAAAAAAAAAAAAAAA
A	dXBncmFkZS1zd29yZDE	AAAAAAAAAAAAAAAA
A	dXBncmFkZS1zd29yZDI	AAAAAAAAAAAAAAAA
A	dXBncmFkZS10aHJvd2luZy1heGUx	AAAAAAAAAAAAAAAA
A	dXBncmFkZS10aHJvd2luZy1heGUy	AAAAAAAAAAAAAAAA
A	dXBncmFkZS11bmhvbHktYXJtb3I	AAAAAAAAAAAAAAAA
A	dXBncmFkZS13aGlybHdpbmQ	AAAAAAAAAAAAAAAA
I	2	b3JjLWV4cC0z	MAP
I	3	b3JjLWV4cC0z	MAP
T	VEhJUyBPUFBPTkVOVFMgTjAgRVE	VklDVE9SWQ
T	VEhJUyBUT1RBTCBOMCBFUQ	REVGRUFU
E
M	Y2FtcGFpZ25zL29yYy1leHAvbGV2ZWx4MDRv	Li4vY2FtcGFpZ25zL29yYy9pbnRlcmZhY2UvaW50cm9zY3JlZW41LnBuZw	2	Y2FtcGFpZ25zL29yYy1leHAvbGV2ZWx4MDRvLWludHJvMS53YXY	Y2FtcGFpZ25zL29yYy1leHAvbGV2ZWx4MDRvLWludHJvMi53YXY
A	dW5pdC1hbGNoZW1pc3Q	AAAAAAAAAAAAAAAA
A	dW5pdC1hbHRhci1vZi1zdG9ybXM	AAAAAAAAAAAAAAAA
A	dW5pdC1hcmNoZXI	AAAAAAAAAAAAAAAA
A	dW5pdC1hcnRob3ItbGl0ZXJpb3M	FFFFFFFFFFFFFFFF
A	dW5pdC1heGV0aHJvd2Vy	AAAAAAAAAAAAAAAA
A	dW5pdC1iYWxsaXN0YQ	AAAAAAAAAAAAAAAA
A	dW5pdC1iYWxsb29u	AAAAAAAAAAAAAAAA
A	dW5pdC1iYXR0bGVzaGlw	AAAAAAAAAAAAAAAA
A	dW5pdC1iZWFzdC1jcnk	FFFFFFFFFFFFFFFF
A	dW5pdC1iZXJzZXJrZXI	AAAAAAAAAAAAAAAA
A	dW5pdC1jYXN0bGU	AAAAAAAAAAAAAAAA
A	dW5pdC1jYXRhcHVsdA	AAAAAAAAAAAAAAAA
A	dW5pdC1jaHVyY2g	AAAAAAAAAAAAAAAA
A	dW5pdC1jaXJjbGUtb2YtcG93ZXI	FFFFFFFFFFFFFFFF
A	dW5pdC1jcml0dGVy	FFFFFFFFFFFFFFFF
A	dW5pdC1kYWVtb24	FFFFFFFFFFFFFFFF
A	dW5pdC1kYXJrLXBvcnRhbA	FFFFFFFFFFFFFFFF
A	dW5pdC1kZWFkLXNlYS1ib2R5	FFFFFFFFFFFFFFFF
A	dW5pdC1kZWF0aC1rbmlnaHQ	AAAAAAAAAAAAAAAA
A	dW5pdC1kZXN0cm95ZWQtMXgxLXBsYWNl	FFFFFFFFFFFFFFFF
A	dW5pdC1kZXN0cm95ZWQtMngyLXBsYWNl	FFFFFFFFFFFFFFFF
A	dW5pdC1kZXN0cm95ZWQtM3gzLXBsYWNl	FFFFFFFFFFFFFFFF
A	dW5pdC1kZXN0cm95ZWQtM3gzLXBsYWNlLXdhdGVy	FFFFFFFFFFFFFFFF
A	dW5pdC1kZXN0cm95ZWQtNHg0LXBsYWNl	FFFFFFFFFFFFFFFF
A	dW5pdC1kb3VibGUtaGVhZA	FFFFFFFFFFFFFFFF
A	dW5pdC1kcmFnb24	FFFFFFFFFFFFFFFF
A	dW5pdC1kcmFnb24tcm9vc3Q	FFFFFFFFFFFFFFFF
A	dW5pdC1kd2FydmVz	AAAAAAAAAAAAAAAA
A	dW5pdC1lbHZlbi1sdW1iZXItbWlsbA	AAAAAAAAAAAAAAAA
A	dW5pdC1ldmlsLWtuaWdodA	FFFFFFFFFFFFFFFF
A	dW5pdC1leWUtb2YtdmlzaW9u	FFFFFFFFFFFFFFFF
A	dW5pdC1mYWQtbWFu	FFFFFFFFFFFFFFFF
A	dW5pdC1mYXJt	AAAAAAAAAAAAAAAA
A	dW5pdC1mZW1hbGUtaGVybw	FFFFFFFFFFFFFFFF
A	dW5pdC1maXJlLWJyZWV6ZQ	FFFFFFFFFFFFFFFF
A	dW5pdC1mbHlpbmctYW5nZWw	FFFFFFFFFFFFFFFF
A	dW5pdC1mb290bWFu	AAAAAAAAAAAAAAAA
A	dW5pdC1mb3J0cmVzcw	AAAAAAAAAAAAAAAA
A	dW5pdC1nb2JsaW4tc2FwcGVycw	AAAAAAAAAAAAAAAA
A	dW5pdC1nb2xkLW1pbmU	FFFFFFFFFFFFFFFF
A	dW5pdC1ncmVhdC1oYWxs	AAAAAAAAAAAAAAAA
A	dW5pdC1ncnVudA	AAAAAAAAAAAAAAAA
A	dW5pdC1ncnlwaG9uLWF2aWFyeQ	AAAAAAAAAAAAAAAA
A	dW5pdC1ncnlwaG9uLXJpZGVy	AAAAAAAAAAAAAAAA
A	dW5pdC1odW1hbi1iYXJyYWNrcw	AAAAAAAAAAAAAAAA
A	dW5pdC1odW1hbi1ibGFja3NtaXRo	AAAAAAAAAAAAAAAA
A	dW5pdC1odW1hbi1jYW5ub24tdG93ZXI	AAAAAAAAAAAAAAAA
A	dW5pdC1odW1hbi1kZWFkLWJvZHk	FFFFFFFFFFFFFFFF
A	dW5pdC1odW1hbi1kZXN0cm95ZXI	AAAAAAAAAAAAAAAA
A	dW5pdC1odW1hbi1mb3VuZHJ5	AAAAAAAAAAAAAAAA
A	dW5pdC1odW1hbi1ndWFyZC10b3dlcg	AAAAAAAAAAAAAAAA
A	dW5pdC1odW1hbi1vaWwtcGxhdGZvcm0	AAAAAAAAAAAAAAAA
A	dW5pdC1odW1hbi1vaWwtdGFua2Vy	AAAAAAAAAAAAAAAA
A	dW5pdC1odW1hbi1yZWZpbmVyeQ	AAAAAAAAAAAAAAAA
A	dW5pdC1odW1hbi1zaGlweWFyZA	AAAAAAAAAAAAAAAA
A	dW5pdC1odW1hbi1zdGFydC1sb2NhdGlvbg	FFFFFFFFFFFFFFFF
A	dW5pdC1odW1hbi1zdWJtYXJpbmU	AAAAAAAAAAAAAAAA
A	dW5pdC1odW1hbi10cmFuc3BvcnQ	AAAAAAAAAAAAAAAA
A	dW5pdC1odW1hbi13YWxs	AAAAAAAAAAAAAAAA
A	dW5pdC1odW1hbi13YXRjaC10b3dlcg	AAAAAAAAAAAAAAAA
A	dW5pdC1pY2UtYnJpbmdlcg	FFFFFFFFFFFFFFFF
A	dW5pdC1pbnZlbnRvcg	AAAAAAAAAAAAAAAA
A	dW5pdC1rZWVw	AAAAAAAAAAAAAAAA
A	dW5pdC1rbmlnaHQ	AAAAAAAAAAAAAAAA
A	dW5pdC1rbmlnaHQtcmlkZXI	FFFFFFFFFFFFFFFF
A	dW5pdC1tYWdl	AAAAAAAAAAAAAAAA
A	dW5pdC1tYWdlLXRvd2Vy	AAAAAAAAAAAAAAAA
A	dW5pdC1tYW4tb2YtbGlnaHQ	FFFFFFFFFFFFFFFF
A	dW5pdC1vZ3Jl	AAAAAAAAAAAAAAAA
A	dW5pdC1vZ3JlLWp1Z2dlcm5hdWdodA	AAAAAAAAAAAAAAAA
A	dW5pdC1vZ3JlLW1hZ2U	AAAAAAAAAAAAAAAA
A	dW5pdC1vZ3JlLW1vdW5k	AAAAAAAAAAAAAAAA
A	dW5pdC1vaWwtcGF0Y2g	FFFFFFFFFFFFFFFF
A	dW5pdC1vcmMtYmFycmFja3M	AAAAAAAAAAAAAAAA
A	dW5pdC1vcmMtYmxhY2tzbWl0aA	AAAAAAAAAAAAAAAA
A	dW5pdC1vcmMtY2Fubm9uLXRvd2Vy	AAAAAAAAAAAAAAAA
A	dW5pdC1vcmMtZGVhZC1ib2R5	FFFFFFFFFFFFFFFF
A	dW5pdC1vcmMtZGVzdHJveWVy	AAAAAAAAAAAAAAAA
A	dW5pdC1vcmMtZm91bmRyeQ	AAAAAAAAAAAAAAAA
A	dW5pdC1vcmMtZ3VhcmQtdG93ZXI	AAAAAAAAAAAAAAAA
A	dW5pdC1vcmMtb2lsLXBsYXRmb3Jt	AAAAAAAAAAAAAAAA
A	dW5pdC1vcmMtb2lsLXRhbmtlcg	AAAAAAAAAAAAAAAA
A	dW5pdC1vcmMtcmVmaW5lcnk	AAAAAAAAAAAAAAAA
A	dW5pdC1vcmMtc2hpcHlhcmQ	AAAAAAAAAAAAAAAA
A	dW5pdC1vcmMtc3RhcnQtbG9jYXRpb24	FFFFFFFFFFFFFFFF
A	dW5pdC1vcmMtc3VibWFyaW5l	AAAAAAAAAAAAAAAA
A	dW5pdC1vcmMtdHJhbnNwb3J0	AAAAAAAAAAAAAAAA
A	dW5pdC1vcmMtd2FsbA	AAAAAAAAAAAAAAAA
A	dW5pdC1vcmMtd2F0Y2gtdG93ZXI	AAAAAAAAAAAAAAAA
A	dW5pdC1wYWxhZGlu	AAAAAAAAAAAAAAAA
A	dW5pdC1wZWFzYW50	AAAAAAAAAAAAAAAA
A	dW5pdC1wZW9u	AAAAAAAAAAAAAAAA
A	dW5pdC1waWctZmFybQ	AAAAAAAAAAAAAAAA
A	dW5pdC1xdWljay1ibGFkZQ	FFFFFFFFFFFFFFFF
A	dW5pdC1yYW5nZXI	AAAAAAAAAAAAAAAA
A	dW5pdC1ydW5lc3RvbmU	FFFFFFFFFFFFFFFF
A	dW5pdC1zaGFycC1heGU	FFFFFFFFFFFFFFFF
A	dW5pdC1za2VsZXRvbg	FFFFFFFFFFFFFFFF
A	dW5pdC1zdGFibGVz	AAAAAAAAAAAAAAAA
A	dW5pdC1zdHJvbmdob2xk	AAAAAAAAAAAAAAAA
A	dW5pdC10ZW1wbGUtb2YtdGhlLWRhbW5lZA	AAAAAAAAAAAAAAAA
A	dW5pdC10b3duLWhhbGw	AAAAAAAAAAAAAAAA
A	dW5pdC10cm9sbC1sdW1iZXItbWlsbA	AAAAAAAAAAAAAAAA
A	dW5pdC13aGl0ZS1tYWdl	FFFFFFFFFFFFFFFF
A	dW5pdC13aXNlLW1hbg	FFFFFFFFFFFFFFFF
A	dW5pdC16ZXBwZWxpbg	AAAAAAAAAAAAAAAA
A	dXBncmFkZS1hcnJvdzE	AAAAAAAAAAAAAAAA
A	dXBncmFkZS1hcnJvdzI	AAAAAAAAAAAAAAAA
A	dXBncmFkZS1iYWxsaXN0YTE	AAAAAAAAAAAAAAAA
A	dXBncmFkZS1iYWxsaXN0YTI	AAAAAAAAAAAAAAAA
A	dXBncmFkZS1iYXR0bGUtYXhlMQ	AAAAAAAAAAAAAAAA
A	dXBncmFkZS1iYXR0bGUtYXhlMg	AAAAAAAAAAAAAAAA
A	dXBncmFkZS1iZXJzZXJrZXI	AAAAAAAAAAAAAAAA
A	dXBncmFkZS1iZXJzZXJrZXItcmVnZW5lcmF0aW9u	AAAAAAAAAAAAAAAA
A	dXBncmFkZS1iZXJzZXJrZXItc2NvdXRpbmc	AAAAAAAAAAAAAAAA
A	dXBncmFkZS1ibGl6emFyZA	AAAAAAAAAAAAAAAA
A	dXBncmFkZS1ibG9vZGx1c3Q	AAAAAAAAAAAAAAAA
A	dXBncmFkZS1ibG9vZGx1c3QtZG91YmxlLWhlYWQ	RRRRRRRRRRRRRRRR
A	dXBncmFkZS1jYXRhcHVsdDE	AAAAAAAAAAAAAAAA
A	dXBncmFkZS1jYXRhcHVsdDI	AAAAAAAAAAAAAAAA
A	dXBncmFkZS1kZWF0aC1hbmQtZGVjYXk	AAAAAAAAAAAAAAAA
A	dXBncmFkZS1kZWF0aC1jb2ls	RRRRRRRRRRRRRRRR
A	dXBncmFkZS1leG9yY2lzbQ	AAAAAAAAAAAAAAAA
A	dXBncmFkZS1leWUtb2Yta2lscm9nZw	RRRRRRRRRRRRRRRR
A	dXBncmFkZS1leWUtb2Yta2lscm9nZy1kb3VibGUtaGVhZA	RRRRRRRRRRRRRRRR
A	dXBncmFkZS1maXJlYmFsbA	RRRRRRRRRRRRRRRR
A	dXBncmFkZS1mbGFtZS1zaGllbGQ	AAAAAAAAAAAAAAAA
A	dXBncmFkZS1oYXN0ZQ	AAAAAAAAAAAAAAAA
A	dXBncmFkZS1oZWFsaW5n	AAAAAAAAAAAAAAAA
A	dXBncmFkZS1ob2x5LXZpc2lvbg	RRRRRRRRRRRRRRRR
A	dXBncmFkZS1odW1hbi1zaGllbGQx	AAAAAAAAAAAAAAAA
A	dXBncmFkZS1odW1hbi1zaGllbGQy	AAAAAAAAAAAAAAAA
A	dXBncmFkZS1odW1hbi1zaGlwLWFybW9yMQ	AAAAAAAAAAAAAAAA
A	dXBncmFkZS1odW1hbi1zaGlwLWFybW9yMg	AAAAAAAAAAAAAAAA
A	dXBncmFkZS1odW1hbi1zaGlwLWNhbm5vbjE	AAAAAAAAAAAAAAAA
A	dXBncmFkZS1odW1hbi1zaGlwLWNhbm5vbjI	AAAAAAAAAAAAAAAA
A	dXBncmFkZS1pbnZpc2liaWxpdHk	AAAAAAAAAAAAAAAA
A	dXBncmFkZS1saWdodC1heGVz	AAAAAAAAAAAAAAAA
A	dXBncmFkZS1sb25nYm93	AAAAAAAAAAAAAAAA
A	dXBncmFkZS1vZ3JlLW1hZ2U	AAAAAAAAAAAAAAAA
A	dXBncmFkZS1vcmMtc2hpZWxkMQ	AAAAAAAAAAAAAAAA
A	dXBncmFkZS1vcmMtc2hpZWxkMg	AAAAAAAAAAAAAAAA
A	dXBncmFkZS1vcmMtc2hpcC1hcm1vcjE	AAAAAAAAAAAAAAAA
A	dXBncmFkZS1vcmMtc2hpcC1hcm1vcjI	AAAAAAAAAAAAAAAA
A	dXBncmFkZS1vcmMtc2hpcC1jYW5ub24x	AAAAAAAAAAAAAAAA
A	dXBncmFkZS1vcmMtc2hpcC1jYW5ub24y	AAAAAAAAAAAAAAAA
A	dXBncmFkZS1wYWxhZGlu	AAAAAAAAAAAAAAAA
A	dXBncmFkZS1wb2x5bW9ycGg	AAAAAAAAAAAAAAAA
A	dXBncmFkZS1yYWlzZS1kZWFk	AAAAAAAAAAAAAAAA
A	dXBncmFkZS1yYW5nZXI	AAAAAAAAAAAAAAAA
A	dXBncmFkZS1yYW5nZXItbWFya3NtYW5zaGlw	AAAAAAAAAAAAAAAA
A	dXBncmFkZS1yYW5nZXItc2NvdXRpbmc	AAAAAAAAAAAAAAAA
A	dXBncmFkZS1ydW5lcw	AAAAAAAAAAAAAAAA
A	dXBncmFkZS1ydW5lcy1kb3VibGUtaGVhZA	RRRRRRRRRRRRRRRR
A	dXBncmFkZS1zbG93	AAAAAAAAAAAAAAAA
A	dXBncmFkZS1zd29yZDE	AAAAAAAAAAAAAAAA
A	dXBncmFkZS1zd29yZDI	AAAAAAAAAAAAAAAA
A	dXBncmFkZS10aHJvd2luZy1heGUx	AAAAAAAAAAAAAAAA
A	dXBncmFkZS10aHJvd2luZy1heGUy	AAAAAAAAAAAAAAAA
A	dXBncmFkZS11bmhvbHktYXJtb3I	AAAAAAAAAAAAAAAA
A	dXBncmFkZS13aGlybHdpbmQ	AAAAAAAAAAAAAAAA
I	1	b3JjLWV4cC00	MAP
I	2	d2MyLWxhbmQtYXR0YWNr	MAP
I	3	d2MyLWxhbmQtYXR0YWNr	MAP
T	VEhJUyBRZFc1cGRDMWxkbWxzTFd0dWFXZG9kQSBVTklUX0NPVU5UIE4xIEVRIFRISVMgT1BQT05FTlRTIE4wIEVRIEFORA	VklDVE9SWQ
T	VEhJUyBRZFc1cGRDMWxkbWxzTFd0dWFXZG9kQSBVTklUX0NPVU5UIE4wIEVRIE43IFFkVzVwZEMxbGRtbHNMV3R1YVdkb2RBIFVOSVRfQ09VTlQgTjAgRVEgQU5E	REVGRUFU
T	VEhJUyBUT1RBTCBOMCBFUQ	REVGRUFU
E
M	Y2FtcGFpZ25zL29yYy1leHAvbGV2ZWx4MDVv	Li4vY2FtcGFpZ25zL29yYy9pbnRlcmZhY2UvaW50cm9zY3JlZW41LnBuZw	2	Y2FtcGFpZ25zL29yYy1leHAvbGV2ZWx4MDVvLWludHJvMS53YXY	Y2FtcGFpZ25zL29yYy1leHAvbGV2ZWx4MDVvLWludHJvMi53YXY
A	dW5pdC1hbGNoZW1pc3Q	AAAAAAAAAAAAAAAA
A	dW5pdC1hbHRhci1vZi1zdG9ybXM	AAAAAAAAAAAAAAAA
A	dW5pdC1hcmNoZXI	AAAAAAAAAAAAAAAA
A	dW5pdC1hcnRob3ItbGl0ZXJpb3M	FFFFFFFFFFFFFFFF
A	dW5pdC1heGV0aHJvd2Vy	AAAAAAAAAAAAAAAA
A	dW5pdC1iYWxsaXN0YQ	AAAAAAAAAAAAAAAA
A	dW5pdC1iYWxsb29u	AAAAAAAAAAAAAAAA
A	dW5pdC1iYXR0bGVzaGlw	AAAAAAAAAAAAAAAA
A	dW5pdC1iZWFzdC1jcnk	FFFFFFFFFFFFFFFF
A	dW5pdC1iZXJzZXJrZXI	AAAAAAAAAAAAAAAA
A	dW5pdC1jYXN0bGU	AAAAAAAAAAAAAAAA
A	dW5pdC1jYXRhcHVsdA	AAAAAAAAAAAAAAAA
A	dW5pdC1jaHVyY2g	AAAAAAAAAAAAAAAA
A	dW5pdC1jaXJjbGUtb2YtcG93ZXI	FFFFFFFFFFFFFFFF
A	dW5pdC1jcml0dGVy	FFFFFFFFFFFFFFFF
A	dW5pdC1kYWVtb24	FFFFFFFFFFFFFFFF
A	dW5pdC1kYXJrLXBvcnRhbA	FFFFFFFFFFFFFFFF
A	dW5pdC1kZWFkLXNlYS1ib2R5	FFFFFFFFFFFFFFFF
A	dW5pdC1kZWF0aC1rbmlnaHQ	AAAAAAAAAAAAAAAA
A	dW5pdC1kZXN0cm95ZWQtMXgxLXBsYWNl	FFFFFFFFFFFFFFFF
A	dW5pdC1kZXN0cm95ZWQtMngyLXBsYWNl	FFFFFFFFFFFFFFFF
A	dW5pdC1kZXN0cm95ZWQtM3gzLXBsYWNl	FFFFFFFFFFFFFFFF
A	dW5pdC1kZXN0cm95ZWQtM3gzLXBsYWNlLXdhdGVy	FFFFFFFFFFFFFFFF
A	dW5pdC1kZXN0cm95ZWQtNHg0LXBsYWNl	FFFFFFFFFFFFFFFF
A	dW5pdC1kb3VibGUtaGVhZA	FFFFFFFFFFFFFFFF
A	dW5pdC1kcmFnb24	FFFFFFFFFFFFFFFF
A	dW5pdC1kcmFnb24tcm9vc3Q	FFFFFFFFFFFFFFFF
A	dW5pdC1kd2FydmVz	AAAAAAAAAAAAAAAA
A	dW5pdC1lbHZlbi1sdW1iZXItbWlsbA	AAAAAAAAAAAAAAAA
A	dW5pdC1ldmlsLWtuaWdodA	FFFFFFFFFFFFFFFF
A	dW5pdC1leWUtb2YtdmlzaW9u	FFFFFFFFFFFFFFFF
A	dW5pdC1mYWQtbWFu	FFFFFFFFFFFFFFFF
A	dW5pdC1mYXJt	AAAAAAAAAAAAAAAA
A	dW5pdC1mZW1hbGUtaGVybw	FFFFFFFFFFFFFFFF
A	dW5pdC1maXJlLWJyZWV6ZQ	FFFFFFFFFFFFFFFF
A	dW5pdC1mbHlpbmctYW5nZWw	FFFFFFFFFFFFFFFF
A	dW5pdC1mb290bWFu	AAAAAAAAAAAAAAAA
A	dW5pdC1mb3J0cmVzcw	AAAAAAAAAAAAAAAA
A	dW5pdC1nb2JsaW4tc2FwcGVycw	AAAAAAAAAAAAAAAA
A	dW5pdC1nb2xkLW1pbmU	FFFFFFFFFFFFFFFF
A	dW5pdC1ncmVhdC1oYWxs	AAAAAAAAAAAAAAAA
A	dW5pdC1ncnVudA	AAAAAAAAAAAAAAAA
A	dW5pdC1ncnlwaG9uLWF2aWFyeQ	AAAAAAAAAAAAAAAA
A	dW5pdC1ncnlwaG9uLXJpZGVy	AAAAAAAAAAAAAAAA
A	dW5pdC1odW1hbi1iYXJyYWNrcw	AAAAAAAAAAAAAAAA
A	dW5pdC1odW1hbi1ibGFja3NtaXRo	AAAAAAAAAAAAAAAA
A	dW5pdC1odW1hbi1jYW5ub24tdG93ZXI	AAAAAAAAAAAAAAAA
A	dW5pdC1odW1hbi1kZWFkLWJvZHk	FFFFFFFFFFFFFFFF
A	dW5pdC1odW1hbi1kZXN0cm95ZXI	AAAAAAAAAAAAAAAA
A	dW5pdC1odW1hbi1mb3VuZHJ5	AAAAAAAAAAAAAAAA
A	dW5pdC1odW1hbi1ndWFyZC10b3dlcg	AAAAAAAAAAAAAAAA
A	dW5pdC1odW1hbi1vaWwtcGxhdGZvcm0	AAAAAAAAAAAAAAAA
A	dW5pdC1odW1hbi1vaWwtdGFua2Vy	AAAAAAAAAAAAAAAA
A	dW5pdC1odW1hbi1yZWZpbmVyeQ	AAAAAAAAAAAAAAAA
A	dW5pdC1odW1hbi1zaGlweWFyZA	AAAAAAAAAAAAAAAA
A	dW5pdC1odW1hbi1zdGFydC1sb2NhdGlvbg	FFFFFFFFFFFFFFFF
A	dW5pdC1odW1hbi1zdWJtYXJpbmU	AAAAAAAAAAAAAAAA
A	dW5pdC1odW1hbi10cmFuc3BvcnQ	AAAAAAAAAAAAAAAA
A	dW5pdC1odW1hbi13YWxs	AAAAAAAAAAAAAAAA
A	dW5pdC1odW1hbi13YXRjaC10b3dlcg	AAAAAAAAAAAAAAAA
A	dW5pdC1pY2UtYnJpbmdlcg	FFFFFFFFFFFFFFFF
A	dW5pdC1pbnZlbnRvcg	AAAAAAAAAAAAAAAA
A	dW5pdC1rZWVw	AAAAAAAAAAAAAAAA
A	dW5pdC1rbmlnaHQ	AAAAAAAAAAAAAAAA
A	dW5pdC1rbmlnaHQtcmlkZXI	FFFFFFFFFFFFFFFF
A	dW5pdC1tYWdl	AAAAAAAAAAAAAAAA
A	dW5pdC1tYWdlLXRvd2Vy	AAAAAAAAAAAAAAAA
A	dW5pdC1tYW4tb2YtbGlnaHQ	FFFFFFFFFFFFFFFF
A	dW5pdC1vZ3Jl	AAAAAAAAAAAAAAAA
A	dW5pdC1vZ3JlLWp1Z2dlcm5hdWdodA	AAAAAAAAAAAAAAAA
A	dW5pdC1vZ3JlLW1hZ2U	AAAAAAAAAAAAAAAA
A	dW5pdC1vZ3JlLW1vdW5k	AAAAAAAAAAAAAAAA
A	dW5pdC1vaWwtcGF0Y2g	FFFFFFFFFFFFFFFF
A	dW5pdC1vcmMtYmFycmFja3M	AAAAAAAAAAAAAAAA
A	dW5pdC1vcmMtYmxhY2tzbWl0aA	AAAAAAAAAAAAAAAA
A	dW5pdC1vcmMtY2Fubm9uLXRvd2Vy	AAAAAAAAAAAAAAAA
A	dW5pdC1vcmMtZGVhZC1ib2R5	FFFFFFFFFFFFFFFF
A	dW5pdC1vcmMtZGVzdHJveWVy	AAAAAAAAAAAAAAAA
A	dW5pdC1vcmMtZm91bmRyeQ	AAAAAAAAAAAAAAAA
A	dW5pdC1vcmMtZ3VhcmQtdG93ZXI	AAAAAAAAAAAAAAAA
A	dW5pdC1vcmMtb2lsLXBsYXRmb3Jt	AAAAAAAAAAAAAAAA
A	dW5pdC1vcmMtb2lsLXRhbmtlcg	AAAAAAAAAAAAAAAA
A	dW5pdC1vcmMtcmVmaW5lcnk	AAAAAAAAAAAAAAAA
A	dW5pdC1vcmMtc2hpcHlhcmQ	AAAAAAAAAAAAAAAA
A	dW5pdC1vcmMtc3RhcnQtbG9jYXRpb24	FFFFFFFFFFFFFFFF
A	dW5pdC1vcmMtc3VibWFyaW5l	AAAAAAAAAAAAAAAA
A	dW5pdC1vcmMtdHJhbnNwb3J0	AAAAAAAAAAAAAAAA
A	dW5pdC1vcmMtd2FsbA	AAAAAAAAAAAAAAAA
A	dW5pdC1vcmMtd2F0Y2gtdG93ZXI	AAAAAAAAAAAAAAAA
A	dW5pdC1wYWxhZGlu	AAAAAAAAAAAAAAAA
A	dW5pdC1wZWFzYW50	AAAAAAAAAAAAAAAA
A	dW5pdC1wZW9u	AAAAAAAAAAAAAAAA
A	dW5pdC1waWctZmFybQ	AAAAAAAAAAAAAAAA
A	dW5pdC1xdWljay1ibGFkZQ	FFFFFFFFFFFFFFFF
A	dW5pdC1yYW5nZXI	AAAAAAAAAAAAAAAA
A	dW5pdC1ydW5lc3RvbmU	FFFFFFFFFFFFFFFF
A	dW5pdC1zaGFycC1heGU	FFFFFFFFFFFFFFFF
A	dW5pdC1za2VsZXRvbg	FFFFFFFFFFFFFFFF
A	dW5pdC1zdGFibGVz	AAAAAAAAAAAAAAAA
A	dW5pdC1zdHJvbmdob2xk	AAAAAAAAAAAAAAAA
A	dW5pdC10ZW1wbGUtb2YtdGhlLWRhbW5lZA	AAAAAAAAAAAAAAAA
A	dW5pdC10b3duLWhhbGw	AAAAAAAAAAAAAAAA
A	dW5pdC10cm9sbC1sdW1iZXItbWlsbA	AAAAAAAAAAAAAAAA
A	dW5pdC13aGl0ZS1tYWdl	FFFFFFFFFFFFFFFF
A	dW5pdC13aXNlLW1hbg	FFFFFFFFFFFFFFFF
A	dW5pdC16ZXBwZWxpbg	AAAAAAAAAAAAAAAA
A	dXBncmFkZS1hcnJvdzE	AAAAAAAAAAAAAAAA
A	dXBncmFkZS1hcnJvdzI	AAAAAAAAAAAAAAAA
A	dXBncmFkZS1iYWxsaXN0YTE	AAAAAAAAAAAAAAAA
A	dXBncmFkZS1iYWxsaXN0YTI	AAAAAAAAAAAAAAAA
A	dXBncmFkZS1iYXR0bGUtYXhlMQ	AAAAAAAAAAAAAAAA
A	dXBncmFkZS1iYXR0bGUtYXhlMg	AAAAAAAAAAAAAAAA
A	dXBncmFkZS1iZXJzZXJrZXI	AAAAAAAAAAAAAAAA
A	dXBncmFkZS1iZXJzZXJrZXItcmVnZW5lcmF0aW9u	AAAAAAAAAAAAAAAA
A	dXBncmFkZS1iZXJzZXJrZXItc2NvdXRpbmc	AAAAAAAAAAAAAAAA
A	dXBncmFkZS1ibGl6emFyZA	AAAAAAAAAAAAAAAA
A	dXBncmFkZS1ibG9vZGx1c3Q	AAAAAAAAAAAAAAAA
A	dXBncmFkZS1ibG9vZGx1c3QtZG91YmxlLWhlYWQ	RRRRRRRRRRRRRRRR
A	dXBncmFkZS1jYXRhcHVsdDE	AAAAAAAAAAAAAAAA
A	dXBncmFkZS1jYXRhcHVsdDI	AAAAAAAAAAAAAAAA
A	dXBncmFkZS1kZWF0aC1hbmQtZGVjYXk	AAAAAAAAAAAAAAAA
A	dXBncmFkZS1kZWF0aC1jb2ls	RRRRRRRRRRRRRRRR
A	dXBncmFkZS1leG9yY2lzbQ	AAAAAAAAAAAAAAAA
A	dXBncmFkZS1leWUtb2Yta2lscm9nZw	RRRRRRRRRRRRRRRR
A	dXBncmFkZS1leWUtb2Yta2lscm9nZy1kb3VibGUtaGVhZA	RRRRRRRRRRRRRRRR
A	dXBncmFkZS1maXJlYmFsbA	RRRRRRRRRRRRRRRR
A	dXBncmFkZS1mbGFtZS1zaGllbGQ	AAAAAAAAAAAAAAAA
A	dXBncmFkZS1oYXN0ZQ	AAAAAAAAAAAAAAAA
A	dXBncmFkZS1oZWFsaW5n	AAAAAAAAAAAAAAAA
A	dXBncmFkZS1ob2x5LXZpc2lvbg	RRRRRRRRRRRRRRRR
A	dXBncmFkZS1odW1hbi1zaGllbGQx	AAAAAAAAAAAAAAAA
A	dXBncmFkZS1odW1hbi1zaGllbGQy	AAAAAAAAAAAAAAAA
A	dXBncmFkZS1odW1hbi1zaGlwLWFybW9yMQ	AAAAAAAAAAAAAAAA
A	dXBncmFkZS1odW1hbi1zaGlwLWFybW9yMg	AAAAAAAAAAAAAAAA
A	dXBncmFkZS1odW1hbi1zaGlwLWNhbm5vbjE	AAAAAAAAAAAAAAAA
A	dXBncmFkZS1odW1hbi1zaGlwLWNhbm5vbjI	AAAAAAAAAAAAAAAA
A	dXBncmFkZS1pbnZpc2liaWxpdHk	AAAAAAAAAAAAAAAA
A	dXBncmFkZS1saWdodC1heGVz	AAAAAAAAAAAAAAAA
A	dXBncmFkZS1sb25nYm93	AAAAAAAAAAAAAAAA
A	dXBncmFkZS1vZ3JlLW1hZ2U	AAAAAAAAAAAAAAAA
A	dXBncmFkZS1vcmMtc2hpZWxkMQ	AAAAAAAAAAAAAAAA
A	dXBncmFkZS1vcmMtc2hpZWxkMg	AAAAAAAAAAAAAAAA
A	dXBncmFkZS1vcmMtc2hpcC1hcm1vcjE	AAAAAAAAAAAAAAAA
A	dXBncmFkZS1vcmMtc2hpcC1hcm1vcjI	AAAAAAAAAAAAAAAA
A	dXBncmFkZS1vcmMtc2hpcC1jYW5ub24x	AAAAAAAAAAAAAAAA
A	dXBncmFkZS1vcmMtc2hpcC1jYW5ub24y	AAAAAAAAAAAAAAAA
A	dXBncmFkZS1wYWxhZGlu	AAAAAAAAAAAAAAAA
A	dXBncmFkZS1wb2x5bW9ycGg	AAAAAAAAAAAAAAAA
A	dXBncmFkZS1yYWlzZS1kZWFk	AAAAAAAAAAAAAAAA
A	dXBncmFkZS1yYW5nZXI	AAAAAAAAAAAAAAAA
A	dXBncmFkZS1yYW5nZXItbWFya3NtYW5zaGlw	AAAAAAAAAAAAAAAA
A	dXBncmFkZS1yYW5nZXItc2NvdXRpbmc	AAAAAAAAAAAAAAAA
A	dXBncmFkZS1ydW5lcw	AAAAAAAAAAAAAAAA
A	dXBncmFkZS1ydW5lcy1kb3VibGUtaGVhZA	RRRRRRRRRRRRRRRR
A	dXBncmFkZS1zbG93	AAAAAAAAAAAAAAAA
A	dXBncmFkZS1zd29yZDE	AAAAAAAAAAAAAAAA
A	dXBncmFkZS1zd29yZDI	AAAAAAAAAAAAAAAA
A	dXBncmFkZS10aHJvd2luZy1heGUx	AAAAAAAAAAAAAAAA
A	dXBncmFkZS10aHJvd2luZy1heGUy	AAAAAAAAAAAAAAAA
A	dXBncmFkZS11bmhvbHktYXJtb3I	AAAAAAAAAAAAAAAA
A	dXBncmFkZS13aGlybHdpbmQ	AAAAAAAAAAAAAAAA
I	1	b3JjLWV4cC01Yg	MAP
I	3	b3JjLWV4cC01	MAP
T	VEhJUyBRZFc1cGRDMWtjbUZuYjI0dGNtOXZjM1EgVU5JVF9DT1VOVCBOMSBFUQ	VklDVE9SWQ
T	VEhJUyBUT1RBTCBOMCBFUQ	REVGRUFU
E
M	Y2FtcGFpZ25zL29yYy1leHAvbGV2ZWx4MDZv	Li4vY2FtcGFpZ25zL29yYy9pbnRlcmZhY2UvaW50cm9zY3JlZW41LnBuZw	2	Y2FtcGFpZ25zL29yYy1leHAvbGV2ZWx4MDZvLWludHJvMS53YXY	Y2FtcGFpZ25zL29yYy1leHAvbGV2ZWx4MDZvLWludHJvMi53YXY
A	dW5pdC1hbGNoZW1pc3Q	AAAAAAAAAAAAAAAA
A	dW5pdC1hbHRhci1vZi1zdG9ybXM	AAAAAAAAAAAAAAAA
A	dW5pdC1hcmNoZXI	AAAAAAAAAAAAAAAA
A	dW5pdC1hcnRob3ItbGl0ZXJpb3M	FFFFFFFFFFFFFFFF
A	dW5pdC1heGV0aHJvd2Vy	AAAAAAAAAAAAAAAA
A	dW5pdC1iYWxsaXN0YQ	AAAAAAAAAAAAAAAA
A	dW5pdC1iYWxsb29u	AAAAAAAAAAAAAAAA
A	dW5pdC1iYXR0bGVzaGlw	AAAAAAAAAAAAAAAA
A	dW5pdC1iZWFzdC1jcnk	FFFFFFFFFFFFFFFF
A	dW5pdC1iZXJzZXJrZXI	AAAAAAAAAAAAAAAA
A	dW5pdC1jYXN0bGU	AAAAAAAAAAAAAAAA
A	dW5pdC1jYXRhcHVsdA	AAAAAAAAAAAAAAAA
A	dW5pdC1jaHVyY2g	AAAAAAAAAAAAAAAA
A	dW5pdC1jaXJjbGUtb2YtcG93ZXI	FFFFFFFFFFFFFFFF
A	dW5pdC1jcml0dGVy	FFFFFFFFFFFFFFFF
A	dW5pdC1kYWVtb24	FFFFFFFFFFFFFFFF
A	dW5pdC1kYXJrLXBvcnRhbA	FFFFFFFFFFFFFFFF
A	dW5pdC1kZWFkLXNlYS1ib2R5	FFFFFFFFFFFFFFFF
A	dW5pdC1kZWF0aC1rbmlnaHQ	AAAAAAAAAAAAAAAA
A	dW5pdC1kZXN0cm95ZWQtMXgxLXBsYWNl	FFFFFFFFFFFFFFFF
A	dW5pdC1kZXN0cm95ZWQtMngyLXBsYWNl	FFFFFFFFFFFFFFFF
A	dW5pdC1kZXN0cm95ZWQtM3gzLXBsYWNl	FFFFFFFFFFFFFFFF
A	dW5pdC1kZXN0cm95ZWQtM3gzLXBsYWNlLXdhdGVy	FFFFFFFFFFFFFFFF
A	dW5pdC1kZXN0cm95ZWQtNHg0LXBsYWNl	FFFFFFFFFFFFFFFF
A	dW5pdC1kb3VibGUtaGVhZA	FFFFFFFFFFFFFFFF
A	dW5pdC1kcmFnb24	AAAAAAAAAAAAAAAA
A	dW5pdC1kcmFnb24tcm9vc3Q	AAAAAAAAAAAAAAAA
A	dW5pdC1kd2FydmVz	AAAAAAAAAAAAAAAA
A	dW5pdC1lbHZlbi1sdW1iZXItbWlsbA	AAAAAAAAAAAAAAAA
A	dW5pdC1ldmlsLWtuaWdodA	FFFFFFFFFFFFFFFF
A	dW5pdC1leWUtb2YtdmlzaW9u	FFFFFFFFFFFFFFFF
A	dW5pdC1mYWQtbWFu	FFFFFFFFFFFFFFFF
A	dW5pdC1mYXJt	AAAAAAAAAAAAAAAA
A	dW5pdC1mZW1hbGUtaGVybw	FFFFFFFFFFFFFFFF
A	dW5pdC1maXJlLWJyZWV6ZQ	FFFFFFFFFFFFFFFF
A	dW5pdC1mbHlpbmctYW5nZWw	FFFFFFFFFFFFFFFF
A	dW5pdC1mb290bWFu	AAAAAAAAAAAAAAAA
A	dW5pdC1mb3J0cmVzcw	AAAAAAAAAAAAAAAA
A	dW5pdC1nb2JsaW4tc2FwcGVycw	AAAAAAAAAAAAAAAA
A	dW5pdC1nb2xkLW1pbmU	FFFFFFFFFFFFFFFF
A	dW5pdC1ncmVhdC1oYWxs	AAAAAAAAAAAAAAAA
A	dW5pdC1ncnVudA	AAAAAAAAAAAAAAAA
A	dW5pdC1ncnlwaG9uLWF2aWFyeQ	AAAAAAAAAAAAAAAA
A	dW5pdC1ncnlwaG9uLXJpZGVy	AAAAAAAAAAAAAAAA
A	dW5pdC1odW1hbi1iYXJyYWNrcw	AAAAAAAAAAAAAAAA
A	dW5pdC1odW1hbi1ibGFja3NtaXRo	AAAAAAAAAAAAAAAA
A	dW5pdC1odW1hbi1jYW5ub24tdG93ZXI	AAAAAAAAAAAAAAAA
A	dW5pdC1odW1hbi1kZWFkLWJvZHk	FFFFFFFFFFFFFFFF
A	dW5pdC1odW1hbi1kZXN0cm95ZXI	AAAAAAAAAAAAAAAA
A	dW5pdC1odW1hbi1mb3VuZHJ5	AAAAAAAAAAAAAAAA
A	dW5pdC1odW1hbi1ndWFyZC10b3dlcg	AAAAAAAAAAAAAAAA
A	dW5pdC1odW1hbi1vaWwtcGxhdGZvcm0	AAAAAAAAAAAAAAAA
A	dW5pdC1odW1hbi1vaWwtdGFua2Vy	AAAAAAAAAAAAAAAA
A	dW5pdC1odW1hbi1yZWZpbmVyeQ	AAAAAAAAAAAAAAAA
A	dW5pdC1odW1hbi1zaGlweWFyZA	AAAAAAAAAAAAAAAA
A	dW5pdC1odW1hbi1zdGFydC1sb2NhdGlvbg	FFFFFFFFFFFFFFFF
A	dW5pdC1odW1hbi1zdWJtYXJpbmU	AAAAAAAAAAAAAAAA
A	dW5pdC1odW1hbi10cmFuc3BvcnQ	AAAAAAAAAAAAAAAA
A	dW5pdC1odW1hbi13YWxs	AAAAAAAAAAAAAAAA
A	dW5pdC1odW1hbi13YXRjaC10b3dlcg	AAAAAAAAAAAAAAAA
A	dW5pdC1pY2UtYnJpbmdlcg	FFFFFFFFFFFFFFFF
A	dW5pdC1pbnZlbnRvcg	AAAAAAAAAAAAAAAA
A	dW5pdC1rZWVw	AAAAAAAAAAAAAAAA
A	dW5pdC1rbmlnaHQ	AAAAAAAAAAAAAAAA
A	dW5pdC1rbmlnaHQtcmlkZXI	FFFFFFFFFFFFFFFF
A	dW5pdC1tYWdl	AAAAAAAAAAAAAAAA
A	dW5pdC1tYWdlLXRvd2Vy	AAAAAAAAAAAAAAAA
A	dW5pdC1tYW4tb2YtbGlnaHQ	FFFFFFFFFFFFFFFF
A	dW5pdC1vZ3Jl	AAAAAAAAAAAAAAAA
A	dW5pdC1vZ3JlLWp1Z2dlcm5hdWdodA	AAAAAAAAAAAAAAAA
A	dW5pdC1vZ3JlLW1hZ2U	AAAAAAAAAAAAAAAA
A	dW5pdC1vZ3JlLW1vdW5k	AAAAAAAAAAAAAAAA
A	dW5pdC1vaWwtcGF0Y2g	FFFFFFFFFFFFFFFF
A	dW5pdC1vcmMtYmFycmFja3M	AAAAAAAAAAAAAAAA
A	dW5pdC1vcmMtYmxhY2tzbWl0aA	AAAAAAAAAAAAAAAA
A	dW5pdC1vcmMtY2Fubm9uLXRvd2Vy	AAAAAAAAAAAAAAAA
A	dW5pdC1vcmMtZGVhZC1ib2R5	FFFFFFFFFFFFFFFF
A	dW5pdC1vcmMtZGVzdHJveWVy	AAAAAAAAAAAAAAAA
A	dW5pdC1vcmMtZm91bmRyeQ	AAAAAAAAAAAAAAAA
A	dW5pdC1vcmMtZ3VhcmQtdG93ZXI	AAAAAAAAAAAAAAAA
A	dW5pdC1vcmMtb2lsLXBsYXRmb3Jt	AAAAAAAAAAAAAAAA
A	dW5pdC1vcmMtb2lsLXRhbmtlcg	AAAAAAAAAAAAAAAA
A	dW5pdC1vcmMtcmVmaW5lcnk	AAAAAAAAAAAAAAAA
A	dW5pdC1vcmMtc2hpcHlhcmQ	AAAAAAAAAAAAAAAA
A	dW5pdC1vcmMtc3RhcnQtbG9jYXRpb24	FFFFFFFFFFFFFFFF
A	dW5pdC1vcmMtc3VibWFyaW5l	AAAAAAAAAAAAAAAA
A	dW5pdC1vcmMtdHJhbnNwb3J0	AAAAAAAAAAAAAAAA
A	dW5pdC1vcmMtd2FsbA	AAAAAAAAAAAAAAAA
A	dW5pdC1vcmMtd2F0Y2gtdG93ZXI	AAAAAAAAAAAAAAAA
A	dW5pdC1wYWxhZGlu	AAAAAAAAAAAAAAAA
A	dW5pdC1wZWFzYW50	AAAAAAAAAAAAAAAA
A	dW5pdC1wZW9u	AAAAAAAAAAAAAAAA
A	dW5pdC1waWctZmFybQ	AAAAAAAAAAAAAAAA
A	dW5pdC1xdWljay1ibGFkZQ	FFFFFFFFFFFFFFFF
A	dW5pdC1yYW5nZXI	AAAAAAAAAAAAAAAA
A	dW5pdC1ydW5lc3RvbmU	FFFFFFFFFFFFFFFF
A	dW5pdC1zaGFycC1heGU	FFFFFFFFFFFFFFFF
A	dW5pdC1za2VsZXRvbg	FFFFFFFFFFFFFFFF
A	dW5pdC1zdGFibGVz	AAAAAAAAAAAAAAAA
A	dW5pdC1zdHJvbmdob2xk	AAAAAAAAAAAAAAAA
A	dW5pdC10ZW1wbGUtb2YtdGhlLWRhbW5lZA	AAAAAAAAAAAAAAAA
A	dW5pdC10b3duLWhhbGw	AAAAAAAAAAAAAAAA
A	dW5pdC10cm9sbC1sdW1iZXItbWlsbA	AAAAAAAAAAAAAAAA
A	dW5pdC13aGl0ZS1tYWdl	FFFFFFFFFFFFFFFF
A	dW5pdC13aXNlLW1hbg	FFFFFFFFFFFFFFFF
A	dW5pdC16ZXBwZWxpbg	AAAAAAAAAAAAAAAA
A	dXBncmFkZS1hcnJvdzE	AAAAAAAAAAAAAAAA
A	dXBncmFkZS1hcnJvdzI	AAAAAAAAAAAAAAAA
A	dXBncmFkZS1iYWxsaXN0YTE	AAAAAAAAAAAAAAAA
A	dXBncmFkZS1iYWxsaXN0YTI	AAAAAAAAAAAAAAAA
A	dXBncmFkZS1iYXR0bGUtYXhlMQ	AAAAAAAAAAAAAAAA
A	dXBncmFkZS1iYXR0bGUtYXhlMg	AAAAAAAAAAAAAAAA
A	dXBncmFkZS1iZXJzZXJrZXI	AAAAAAAAAAAAAAAA
A	dXBncmFkZS1iZXJzZXJrZXItcmVnZW5lcmF0aW9u	AAAAAAAAAAAAAAAA
A	dXBncmFkZS1iZXJzZXJrZXItc2NvdXRpbmc	AAAAAAAAAAAAAAAA
A	dXBncmFkZS1ibGl6emFyZA	AAAAAAAAAAAAAAAA
A	dXBncmFkZS1ibG9vZGx1c3Q	AAAAAAAAAAAAAAAA
A	dXBncmFkZS1ibG9vZGx1c3QtZG91YmxlLWhlYWQ	RRRRRRRRRRRRRRRR
A	dXBncmFkZS1jYXRhcHVsdDE	AAAAAAAAAAAAAAAA
A	dXBncmFkZS1jYXRhcHVsdDI	AAAAAAAAAAAAAAAA
A	dXBncmFkZS1kZWF0aC1hbmQtZGVjYXk	AAAAAAAAAAAAAAAA
A	dXBncmFkZS1kZWF0aC1jb2ls	RRRRRRRRRRRRRRRR
A	dXBncmFkZS1leG9yY2lzbQ	AAAAAAAAAAAAAAAA
A	dXBncmFkZS1leWUtb2Yta2lscm9nZw	RRRRRRRRRRRRRRRR
A	dXBncmFkZS1leWUtb2Yta2lscm9nZy1kb3VibGUtaGVhZA	RRRRRRRRRRRRRRRR
A	dXBncmFkZS1maXJlYmFsbA	RRRRRRRRRRRRRRRR
A	dXBncmFkZS1mbGFtZS1zaGllbGQ	AAAAAAAAAAAAAAAA
A	dXBncmFkZS1oYXN0ZQ	AAAAAAAAAAAAAAAA
A	dXBncmFkZS1oZWFsaW5n	AAAAAAAAAAAAAAAA
A	dXBncmFkZS1ob2x5LXZpc2lvbg	RRRRRRRRRRRRRRRR
A	dXBncmFkZS1odW1hbi1zaGllbGQx	AAAAAAAAAAAAAAAA
A	dXBncmFkZS1odW1hbi1zaGllbGQy	AAAAAAAAAAAAAAAA
A	dXBncmFkZS1odW1hbi1zaGlwLWFybW9yMQ	AAAAAAAAAAAAAAAA
A	dXBncmFkZS1odW1hbi1zaGlwLWFybW9yMg	AAAAAAAAAAAAAAAA
A	dXBncmFkZS1odW1hbi1zaGlwLWNhbm5vbjE	AAAAAAAAAAAAAAAA
A	dXBncmFkZS1odW1hbi1zaGlwLWNhbm5vbjI	AAAAAAAAAAAAAAAA
A	dXBncmFkZS1pbnZpc2liaWxpdHk	AAAAAAAAAAAAAAAA
A	dXBncmFkZS1saWdodC1heGVz	AAAAAAAAAAAAAAAA
A	dXBncmFkZS1sb25nYm93	AAAAAAAAAAAAAAAA
A	dXBncmFkZS1vZ3JlLW1hZ2U	AAAAAAAAAAAAAAAA
A	dXBncmFkZS1vcmMtc2hpZWxkMQ	AAAAAAAAAAAAAAAA
A	dXBncmFkZS1vcmMtc2hpZWxkMg	AAAAAAAAAAAAAAAA
A	dXBncmFkZS1vcmMtc2hpcC1hcm1vcjE	AAAAAAAAAAAAAAAA
A	dXBncmFkZS1vcmMtc2hpcC1hcm1vcjI	AAAAAAAAAAAAAAAA
A	dXBncmFkZS1vcmMtc2hpcC1jYW5ub24x	AAAAAAAAAAAAAAAA
A	dXBncmFkZS1vcmMtc2hpcC1jYW5ub24y	AAAAAAAAAAAAAAAA
A	dXBncmFkZS1wYWxhZGlu	AAAAAAAAAAAAAAAA
A	dXBncmFkZS1wb2x5bW9ycGg	AAAAAAAAAAAAAAAA
A	dXBncmFkZS1yYWlzZS1kZWFk	AAAAAAAAAAAAAAAA
A	dXBncmFkZS1yYW5nZXI	AAAAAAAAAAAAAAAA
A	dXBncmFkZS1yYW5nZXItbWFya3NtYW5zaGlw	AAAAAAAAAAAAAAAA
A	dXBncmFkZS1yYW5nZXItc2NvdXRpbmc	AAAAAAAAAAAAAAAA
A	dXBncmFkZS1ydW5lcw	AAAAAAAAAAAAAAAA
A	dXBncmFkZS1ydW5lcy1kb3VibGUtaGVhZA	RRRRRRRRRRRRRRRR
A	dXBncmFkZS1zbG93	AAAAAAAAAAAAAAAA
A	dXBncmFkZS1zd29yZDE	AAAAAAAAAAAAAAAA
A	dXBncmFkZS1zd29yZDI	AAAAAAAAAAAAAAAA
A	dXBncmFkZS10aHJvd2luZy1heGUx	AAAAAAAAAAAAAAAA
A	dXBncmFkZS10aHJvd2luZy1heGUy	AAAAAAAAAAAAAAAA
A	dXBncmFkZS11bmhvbHktYXJtb3I	AAAAAAAAAAAAAAAA
A	dXBncmFkZS13aGlybHdpbmQ	AAAAAAAAAAAAAAAA
I	1	b3JjLWV4cC02YQ	MAP
I	2	b3JjLWV4cC02Yg	MAP
T	VEhJUyBRZFc1cGRDMWxkbWxzTFd0dWFXZG9kQSBVTklUX0NPVU5UIE4xIEVRIFRISVMgT1BQT05FTlRTIE4wIEVRIEFORA	VklDVE9SWQ
T	VEhJUyBRZFc1cGRDMWxkbWxzTFd0dWFXZG9kQSBVTklUX0NPVU5UIE4wIEVRIE43IFFkVzVwZEMxbGRtbHNMV3R1YVdkb2RBIFVOSVRfQ09VTlQgTjAgRVEgQU5E	REVGRUFU
T	VEhJUyBUT1RBTCBOMCBFUQ	REVGRUFU
E
M	Y2FtcGFpZ25zL29yYy1leHAvbGV2ZWx4MDdv	Li4vY2FtcGFpZ25zL29yYy9pbnRlcmZhY2UvaW50cm9zY3JlZW41LnBuZw	3	Y2FtcGFpZ25zL29yYy1leHAvbGV2ZWx4MDdvLWludHJvMS53YXY	Y2FtcGFpZ25zL29yYy1leHAvbGV2ZWx4MDdvLWludHJvMi53YXY	Y2FtcGFpZ25zL29yYy1leHAvbGV2ZWx4MDdvLWludHJvMy53YXY
A	dW5pdC1hbGNoZW1pc3Q	AAAAAAAAAAAAAAAA
A	dW5pdC1hbHRhci1vZi1zdG9ybXM	AAAAAAAAAAAAAAAA
A	dW5pdC1hcmNoZXI	AAAAAAAAAAAAAAAA
A	dW5pdC1hcnRob3ItbGl0ZXJpb3M	FFFFFFFFFFFFFFFF
A	dW5pdC1heGV0aHJvd2Vy	AAAAAAAAAAAAAAAA
A	dW5pdC1iYWxsaXN0YQ	AAAAAAAAAAAAAAAA
A	dW5pdC1iYWxsb29u	AAAAAAAAAAAAAAAA
A	dW5pdC1iYXR0bGVzaGlw	AAAAAAAAAAAAAAAA
A	dW5pdC1iZWFzdC1jcnk	FFFFFFFFFFFFFFFF
A	dW5pdC1iZXJzZXJrZXI	AAAAAAAAAAAAAAAA
A	dW5pdC1jYXN0bGU	AAAAAAAAAAAAAAAA
A	dW5pdC1jYXRhcHVsdA	AAAAAAAAAAAAAAAA
A	dW5pdC1jaHVyY2g	AAAAAAAAAAAAAAAA
A	dW5pdC1jaXJjbGUtb2YtcG93ZXI	FFFFFFFFFFFFFFFF
A	dW5pdC1jcml0dGVy	FFFFFFFFFFFFFFFF
A	dW5pdC1kYWVtb24	FFFFFFFFFFFFFFFF
A	dW5pdC1kYXJrLXBvcnRhbA	FFFFFFFFFFFFFFFF
A	dW5pdC1kZWFkLXNlYS1ib2R5	FFFFFFFFFFFFFFFF
A	dW5pdC1kZWF0aC1rbmlnaHQ	AAAAAAAAAAAAAAAA
A	dW5pdC1kZXN0cm95ZWQtMXgxLXBsYWNl	FFFFFFFFFFFFFFFF
A	dW5pdC1kZXN0cm95ZWQtMngyLXBsYWNl	FFFFFFFFFFFFFFFF
A	dW5pdC1kZXN0cm95ZWQtM3gzLXBsYWNl	FFFFFFFFFFFFFFFF
A	dW5pdC1kZXN0cm95ZWQtM3gzLXBsYWNlLXdhdGVy	FFFFFFFFFFFFFFFF
A	dW5pdC1kZXN0cm95ZWQtNHg0LXBsYWNl	FFFFFFFFFFFFFFFF
A	dW5pdC1kb3VibGUtaGVhZA	FFFFFFFFFFFFFFFF
A	dW5pdC1kcmFnb24	AAAAAAAAAAAAAAAA
A	dW5pdC1kcmFnb24tcm9vc3Q	AAAAAAAAAAAAAAAA
A	dW5pdC1kd2FydmVz	AAAAAAAAAAAAAAAA
A	dW5pdC1lbHZlbi1sdW1iZXItbWlsbA	AAAAAAAAAAAAAAAA
A	dW5pdC1ldmlsLWtuaWdodA	FFFFFFFFFFFFFFFF
A	dW5pdC1leWUtb2YtdmlzaW9u	FFFFFFFFFFFFFFFF
A	dW5pdC1mYWQtbWFu	FFFFFFFFFFFFFFFF
A	dW5pdC1mYXJt	AAAAAAAAAAAAAAAA
A	dW5pdC1mZW1hbGUtaGVybw	FFFFFFFFFFFFFFFF
A	dW5pdC1maXJlLWJyZWV6ZQ	FFFFFFFFFFFFFFFF
A	dW5pdC1mbHlpbmctYW5nZWw	FFFFFFFFFFFFFFFF
A	dW5pdC1mb290bWFu	AAAAAAAAAAAAAAAA
A	dW5pdC1mb3J0cmVzcw	AAAAAAAAAAAAAAAA
A	dW5pdC1nb2JsaW4tc2FwcGVycw	AAAAAAAAAAAAAAAA
A	dW5pdC1nb2xkLW1pbmU	FFFFFFFFFFFFFFFF
A	dW5pdC1ncmVhdC1oYWxs	AAAAAAAAAAAAAAAA
A	dW5pdC1ncnVudA	AAAAAAAAAAAAAAAA
A	dW5pdC1ncnlwaG9uLWF2aWFyeQ	AAAAAAAAAAAAAAAA
A	dW5pdC1ncnlwaG9uLXJpZGVy	AAAAAAAAAAAAAAAA
A	dW5pdC1odW1hbi1iYXJyYWNrcw	AAAAAAAAAAAAAAAA
A	dW5pdC1odW1hbi1ibGFja3NtaXRo	AAAAAAAAAAAAAAAA
A	dW5pdC1odW1hbi1jYW5ub24tdG93ZXI	AAAAAAAAAAAAAAAA
A	dW5pdC1odW1hbi1kZWFkLWJvZHk	FFFFFFFFFFFFFFFF
A	dW5pdC1odW1hbi1kZXN0cm95ZXI	AAAAAAAAAAAAAAAA
A	dW5pdC1odW1hbi1mb3VuZHJ5	AAAAAAAAAAAAAAAA
A	dW5pdC1odW1hbi1ndWFyZC10b3dlcg	AAAAAAAAAAAAAAAA
A	dW5pdC1odW1hbi1vaWwtcGxhdGZvcm0	AAAAAAAAAAAAAAAA
A	dW5pdC1odW1hbi1vaWwtdGFua2Vy	AAAAAAAAAAAAAAAA
A	dW5pdC1odW1hbi1yZWZpbmVyeQ	AAAAAAAAAAAAAAAA
A	dW5pdC1odW1hbi1zaGlweWFyZA	AAAAAAAAAAAAAAAA
A	dW5pdC1odW1hbi1zdGFydC1sb2NhdGlvbg	FFFFFFFFFFFFFFFF
A	dW5pdC1odW1hbi1zdWJtYXJpbmU	AAAAAAAAAAAAAAAA
A	dW5pdC1odW1hbi10cmFuc3BvcnQ	AAAAAAAAAAAAAAAA
A	dW5pdC1odW1hbi13YWxs	AAAAAAAAAAAAAAAA
A	dW5pdC1odW1hbi13YXRjaC10b3dlcg	AAAAAAAAAAAAAAAA
A	dW5pdC1pY2UtYnJpbmdlcg	FFFFFFFFFFFFFFFF
A	dW5pdC1pbnZlbnRvcg	AAAAAAAAAAAAAAAA
A	dW5pdC1rZWVw	AAAAAAAAAAAAAAAA
A	dW5pdC1rbmlnaHQ	AAAAAAAAAAAAAAAA
A	dW5pdC1rbmlnaHQtcmlkZXI	FFFFFFFFFFFFFFFF
A	dW5pdC1tYWdl	AAAAAAAAAAAAAAAA
A	dW5pdC1tYWdlLXRvd2Vy	AAAAAAAAAAAAAAAA
A	dW5pdC1tYW4tb2YtbGlnaHQ	FFFFFFFFFFFFFFFF
A	dW5pdC1vZ3Jl	AAAAAAAAAAAAAAAA
A	dW5pdC1vZ3JlLWp1Z2dlcm5hdWdodA	AAAAAAAAAAAAAAAA
A	dW5pdC1vZ3JlLW1hZ2U	AAAAAAAAAAAAAAAA
A	dW5pdC1vZ3JlLW1vdW5k	AAAAAAAAAAAAAAAA
A	dW5pdC1vaWwtcGF0Y2g	FFFFFFFFFFFFFFFF
A	dW5pdC1vcmMtYmFycmFja3M	AAAAAAAAAAAAAAAA
A	dW5pdC1vcmMtYmxhY2tzbWl0aA	AAAAAAAAAAAAAAAA
A	dW5pdC1vcmMtY2Fubm9uLXRvd2Vy	AAAAAAAAAAAAAAAA
A	dW5pdC1vcmMtZGVhZC1ib2R5	FFFFFFFFFFFFFFFF
A	dW5pdC1vcmMtZGVzdHJveWVy	AAAAAAAAAAAAAAAA
A	dW5pdC1vcmMtZm91bmRyeQ	AAAAAAAAAAAAAAAA
A	dW5pdC1vcmMtZ3VhcmQtdG93ZXI	AAAAAAAAAAAAAAAA
A	dW5pdC1vcmMtb2lsLXBsYXRmb3Jt	AAAAAAAAAAAAAAAA
A	dW5pdC1vcmMtb2lsLXRhbmtlcg	AAAAAAAAAAAAAAAA
A	dW5pdC1vcmMtcmVmaW5lcnk	AAAAAAAAAAAAAAAA
A	dW5pdC1vcmMtc2hpcHlhcmQ	AAAAAAAAAAAAAAAA
A	dW5pdC1vcmMtc3RhcnQtbG9jYXRpb24	FFFFFFFFFFFFFFFF
A	dW5pdC1vcmMtc3VibWFyaW5l	AAAAAAAAAAAAAAAA
A	dW5pdC1vcmMtdHJhbnNwb3J0	AAAAAAAAAAAAAAAA
A	dW5pdC1vcmMtd2FsbA	AAAAAAAAAAAAAAAA
A	dW5pdC1vcmMtd2F0Y2gtdG93ZXI	AAAAAAAAAAAAAAAA
A	dW5pdC1wYWxhZGlu	AAAAAAAAAAAAAAAA
A	dW5pdC1wZWFzYW50	AAAAAAAAAAAAAAAA
A	dW5pdC1wZW9u	AAAAAAAAAAAAAAAA
A	dW5pdC1waWctZmFybQ	AAAAAAAAAAAAAAAA
A	dW5pdC1xdWljay1ibGFkZQ	FFFFFFFFFFFFFFFF
A	dW5pdC1yYW5nZXI	AAAAAAAAAAAAAAAA
A	dW5pdC1ydW5lc3RvbmU	FFFFFFFFFFFFFFFF
A	dW5pdC1zaGFycC1heGU	FFFFFFFFFFFFFFFF
A	dW5pdC1za2VsZXRvbg	FFFFFFFFFFFFFFFF
A	dW5pdC1zdGFibGVz	AAAAAAAAAAAAAAAA
A	dW5pdC1zdHJvbmdob2xk	AAAAAAAAAAAAAAAA
A	dW5pdC10ZW1wbGUtb2YtdGhlLWRhbW5lZA	AAAAAAAAAAAAAAAA
A	dW5pdC10b3duLWhhbGw	AAAAAAAAAAAAAAAA
A	dW5pdC10cm9sbC1sdW1iZXItbWlsbA	AAAAAAAAAAAAAAAA
A	dW5pdC13aGl0ZS1tYWdl	FFFFFFFFFFFFFFFF
A	dW5pdC13aXNlLW1hbg	FFFFFFFFFFFFFFFF
A	dW5pdC16ZXBwZWxpbg	AAAAAAAAAAAAAAAA
A	dXBncmFkZS1hcnJvdzE	AAAAAAAAAAAAAAAA
A	dXBncmFkZS1hcnJvdzI	AAAAAAAAAAAAAAAA
A	dXBncmFkZS1iYWxsaXN0YTE	AAAAAAAAAAAAAAAA
A	dXBncmFkZS1iYWxsaXN0YTI	AAAAAAAAAAAAAAAA
A	dXBncmFkZS1iYXR0bGUtYXhlMQ	AAAAAAAAAAAAAAAA
A	dXBncmFkZS1iYXR0bGUtYXhlMg	AAAAAAAAAAAAAAAA
A	dXBncmFkZS1iZXJzZXJrZXI	AAAAAAAAAAAAAAAA
A	dXBncmFkZS1iZXJzZXJrZXItcmVnZW5lcmF0aW9u	AAAAAAAAAAAAAAAA
A	dXBncmFkZS1iZXJzZXJrZXItc2NvdXRpbmc	AAAAAAAAAAAAAAAA
A	dXBncmFkZS1ibGl6emFyZA	AAAAAAAAAAAAAAAA
A	dXBncmFkZS1ibG9vZGx1c3Q	AAAAAAAAAAAAAAAA
A	dXBncmFkZS1ibG9vZGx1c3QtZG91YmxlLWhlYWQ	RRRRRRRRRRRRRRRR
A	dXBncmFkZS1jYXRhcHVsdDE	AAAAAAAAAAAAAAAA
A	dXBncmFkZS1jYXRhcHVsdDI	AAAAAAAAAAAAAAAA
A	dXBncmFkZS1kZWF0aC1hbmQtZGVjYXk	AAAAAAAAAAAAAAAA
A	dXBncmFkZS1kZWF0aC1jb2ls	RRRRRRRRRRRRRRRR
A	dXBncmFkZS1leG9yY2lzbQ	AAAAAAAAAAAAAAAA
A	dXBncmFkZS1leWUtb2Yta2lscm9nZw	RRRRRRRRRRRRRRRR
A	dXBncmFkZS1leWUtb2Yta2lscm9nZy1kb3VibGUtaGVhZA	RRRRRRRRRRRRRRRR
A	dXBncmFkZS1maXJlYmFsbA	RRRRRRRRRRRRRRRR
A	dXBncmFkZS1mbGFtZS1zaGllbGQ	AAAAAAAAAAAAAAAA
A	dXBncmFkZS1oYXN0ZQ	AAAAAAAAAAAAAAAA
A	dXBncmFkZS1oZWFsaW5n	AAAAAAAAAAAAAAAA
A	dXBncmFkZS1ob2x5LXZpc2lvbg	RRRRRRRRRRRRRRRR
A	dXBncmFkZS1odW1hbi1zaGllbGQx	AAAAAAAAAAAAAAAA
A	dXBncmFkZS1odW1hbi1zaGllbGQy	AAAAAAAAAAAAAAAA
A	dXBncmFkZS1odW1hbi1zaGlwLWFybW9yMQ	AAAAAAAAAAAAAAAA
A	dXBncmFkZS1odW1hbi1zaGlwLWFybW9yMg	AAAAAAAAAAAAAAAA
A	dXBncmFkZS1odW1hbi1zaGlwLWNhbm5vbjE	AAAAAAAAAAAAAAAA
A	dXBncmFkZS1odW1hbi1zaGlwLWNhbm5vbjI	AAAAAAAAAAAAAAAA
A	dXBncmFkZS1pbnZpc2liaWxpdHk	AAAAAAAAAAAAAAAA
A	dXBncmFkZS1saWdodC1heGVz	AAAAAAAAAAAAAAAA
A	dXBncmFkZS1sb25nYm93	AAAAAAAAAAAAAAAA
A	dXBncmFkZS1vZ3JlLW1hZ2U	AAAAAAAAAAAAAAAA
A	dXBncmFkZS1vcmMtc2hpZWxkMQ	AAAAAAAAAAAAAAAA
A	dXBncmFkZS1vcmMtc2hpZWxkMg	AAAAAAAAAAAAAAAA
A	dXBncmFkZS1vcmMtc2hpcC1hcm1vcjE	AAAAAAAAAAAAAAAA
A	dXBncmFkZS1vcmMtc2hpcC1hcm1vcjI	AAAAAAAAAAAAAAAA
A	dXBncmFkZS1vcmMtc2hpcC1jYW5ub24x	AAAAAAAAAAAAAAAA
A	dXBncmFkZS1vcmMtc2hpcC1jYW5ub24y	AAAAAAAAAAAAAAAA
A	dXBncmFkZS1wYWxhZGlu	AAAAAAAAAAAAAAAA
A	dXBncmFkZS1wb2x5bW9ycGg	AAAAAAAAAAAAAAAA
A	dXBncmFkZS1yYWlzZS1kZWFk	AAAAAAAAAAAAAAAA
A	dXBncmFkZS1yYW5nZXI	AAAAAAAAAAAAAAAA
A	dXBncmFkZS1yYW5nZXItbWFya3NtYW5zaGlw	AAAAAAAAAAAAAAAA
A	dXBncmFkZS1yYW5nZXItc2NvdXRpbmc	AAAAAAAAAAAAAAAA
A	dXBncmFkZS1ydW5lcw	AAAAAAAAAAAAAAAA
A	dXBncmFkZS1ydW5lcy1kb3VibGUtaGVhZA	RRRRRRRRRRRRRRRR
A	dXBncmFkZS1zbG93	AAAAAAAAAAAAAAAA
A	dXBncmFkZS1zd29yZDE	AAAAAAAAAAAAAAAA
A	dXBncmFkZS1zd29yZDI	AAAAAAAAAAAAAAAA
A	dXBncmFkZS10aHJvd2luZy1heGUx	AAAAAAAAAAAAAAAA
A	dXBncmFkZS10aHJvd2luZy1heGUy	AAAAAAAAAAAAAAAA
A	dXBncmFkZS11bmhvbHktYXJtb3I	AAAAAAAAAAAAAAAA
A	dXBncmFkZS13aGlybHdpbmQ	AAAAAAAAAAAAAAAA
I	1	b3JjLWV4cC03Yg	MAP
I	2	b3JjLWV4cC03YQ	MAP
T	VEhJUyBRZFc1cGRDMXZjbU10YzJocGNIbGhjbVEgVU5JVF9DT1VOVCBONSBHRSBOMiBRZFc1cGRDMWlZWFIwYkdWemFHbHcgVU5JVF9DT1VOVCBOMCBFUSBBTkQgTjEgUWRXNXBkQzFpWVhSMGJHVnphR2x3IFVOSVRfQ09VTlQgTjAgRVEgQU5EIE4yIFFkVzVwZEMxb2RXMWhiaTFrWlhOMGNtOTVaWEkgVU5JVF9DT1VOVCBOMCBFUSBBTkQgTjEgUWRXNXBkQzFvZFcxaGJpMWtaWE4wY205NVpYSSBVTklUX0NPVU5UIE4wIEVRIEFORCBOMiBRZFc1cGRDMW9kVzFoYmkxMGNtRnVjM0J2Y25RIFVOSVRfQ09VTlQgTjAgRVEgQU5EIE4xIFFkVzVwZEMxb2RXMWhiaTEwY21GdWMzQnZjblEgVU5JVF9DT1VOVCBOMCBFUSBBTkQ	VklDVE9SWQ
T	VEhJUyBUT1RBTCBOMCBFUQ	REVGRUFU
E
M	Y2FtcGFpZ25zL29yYy1leHAvbGV2ZWx4MDhv	Li4vY2FtcGFpZ25zL29yYy9pbnRlcmZhY2UvaW50cm9zY3JlZW41LnBuZw	1	Y2FtcGFpZ25zL29yYy1leHAvbGV2ZWx4MDhvLWludHJvMS53YXY
A	dW5pdC1hbGNoZW1pc3Q	AAAAAAAAAAAAAAAA
A	dW5pdC1hbHRhci1vZi1zdG9ybXM	AAAAAAAAAAAAAAAA
A	dW5pdC1hcmNoZXI	AAAAAAAAAAAAAAAA
A	dW5pdC1hcnRob3ItbGl0ZXJpb3M	FFFFFFFFFFFFFFFF
A	dW5pdC1heGV0aHJvd2Vy	AAAAAAAAAAAAAAAA
A	dW5pdC1iYWxsaXN0YQ	AAAAAAAAAAAAAAAA
A	dW5pdC1iYWxsb29u	AAAAAAAAAAAAAAAA
A	dW5pdC1iYXR0bGVzaGlw	AAAAAAAAAAAAAAAA
A	dW5pdC1iZWFzdC1jcnk	FFFFFFFFFFFFFFFF
A	dW5pdC1iZXJzZXJrZXI	AAAAAAAAAAAAAAAA
A	dW5pdC1jYXN0bGU	AAAAAAAAAAAAAAAA
A	dW5pdC1jYXRhcHVsdA	AAAAAAAAAAAAAAAA
A	dW5pdC1jaHVyY2g	AAAAAAAAAAAAAAAA
A	dW5pdC1jaXJjbGUtb2YtcG93ZXI	FFFFFFFFFFFFFFFF
A	dW5pdC1jcml0dGVy	FFFFFFFFFFFFFFFF
A	dW5pdC1kYWVtb24	FFFFFFFFFFFFFFFF
A	dW5pdC1kYXJrLXBvcnRhbA	FFFFFFFFFFFFFFFF
A	dW5pdC1kZWFkLXNlYS1ib2R5	FFFFFFFFFFFFFFFF
A	dW5pdC1kZWF0aC1rbmlnaHQ	AAAAAAAAAAAAAAAA
A	dW5pdC1kZXN0cm95ZWQtMXgxLXBsYWNl	FFFFFFFFFFFFFFFF
A	dW5pdC1kZXN0cm95ZWQtMngyLXBsYWNl	FFFFFFFFFFFFFFFF
A	dW5pdC1kZXN0cm95ZWQtM3gzLXBsYWNl	FFFFFFFFFFFFFFFF
A	dW5pdC1kZXN0cm95ZWQtM3gzLXBsYWNlLXdhdGVy	FFFFFFFFFFFFFFFF
A	dW5pdC1kZXN0cm95ZWQtNHg0LXBsYWNl	FFFFFFFFFFFFFFFF
A	dW5pdC1kb3VibGUtaGVhZA	FFFFFFFFFFFFFFFF
A	dW5pdC1kcmFnb24	AAAAAAAAAAAAAAAA
A	dW5pdC1kcmFnb24tcm9vc3Q	AAAAAAAAAAAAAAAA
A	dW5pdC1kd2FydmVz	AAAAAAAAAAAAAAAA
A	dW5pdC1lbHZlbi1sdW1iZXItbWlsbA	AAAAAAAAAAAAAAAA
A	dW5pdC1ldmlsLWtuaWdodA	FFFFFFFFFFFFFFFF
A	dW5pdC1leWUtb2YtdmlzaW9u	FFFFFFFFFFFFFFFF
A	dW5pdC1mYWQtbWFu	FFFFFFFFFFFFFFFF
A	dW5pdC1mYXJt	AAAAAAAAAAAAAAAA
A	dW5pdC1mZW1hbGUtaGVybw	FFFFFFFFFFFFFFFF
A	dW5pdC1maXJlLWJyZWV6ZQ	FFFFFFFFFFFFFFFF
A	dW5pdC1mbHlpbmctYW5nZWw	FFFFFFFFFFFFFFFF
A	dW5pdC1mb290bWFu	AAAAAAAAAAAAAAAA
A	dW5pdC1mb3J0cmVzcw	AAAAAAAAAAAAAAAA
A	dW5pdC1nb2JsaW4tc2FwcGVycw	AAAAAAAAAAAAAAAA
A	dW5pdC1nb2xkLW1pbmU	FFFFFFFFFFFFFFFF
A	dW5pdC1ncmVhdC1oYWxs	AAAAAAAAAAAAAAAA
A	dW5pdC1ncnVudA	AAAAAAAAAAAAAAAA
A	dW5pdC1ncnlwaG9uLWF2aWFyeQ	AAAAAAAAAAAAAAAA
A	dW5pdC1ncnlwaG9uLXJpZGVy	AAAAAAAAAAAAAAAA
A	dW5pdC1odW1hbi1iYXJyYWNrcw	AAAAAAAAAAAAAAAA
A	dW5pdC1odW1hbi1ibGFja3NtaXRo	AAAAAAAAAAAAAAAA
A	dW5pdC1odW1hbi1jYW5ub24tdG93ZXI	AAAAAAAAAAAAAAAA
A	dW5pdC1odW1hbi1kZWFkLWJvZHk	FFFFFFFFFFFFFFFF
A	dW5pdC1odW1hbi1kZXN0cm95ZXI	AAAAAAAAAAAAAAAA
A	dW5pdC1odW1hbi1mb3VuZHJ5	AAAAAAAAAAAAAAAA
A	dW5pdC1odW1hbi1ndWFyZC10b3dlcg	AAAAAAAAAAAAAAAA
A	dW5pdC1odW1hbi1vaWwtcGxhdGZvcm0	AAAAAAAAAAAAAAAA
A	dW5pdC1odW1hbi1vaWwtdGFua2Vy	AAAAAAAAAAAAAAAA
A	dW5pdC1odW1hbi1yZWZpbmVyeQ	AAAAAAAAAAAAAAAA
A	dW5pdC1odW1hbi1zaGlweWFyZA	AAAAAAAAAAAAAAAA
A	dW5pdC1odW1hbi1zdGFydC1sb2NhdGlvbg	FFFFFFFFFFFFFFFF
A	dW5pdC1odW1hbi1zdWJtYXJpbmU	AAAAAAAAAAAAAAAA
A	dW5pdC1odW1hbi10cmFuc3BvcnQ	AAAAAAAAAAAAAAAA
A	dW5pdC1odW1hbi13YWxs	AAAAAAAAAAAAAAAA
A	dW5pdC1odW1hbi13YXRjaC10b3dlcg	AAAAAAAAAAAAAAAA
A	dW5pdC1pY2UtYnJpbmdlcg	FFFFFFFFFFFFFFFF
A	dW5pdC1pbnZlbnRvcg	AAAAAAAAAAAAAAAA
A	dW5pdC1rZWVw	AAAAAAAAAAAAAAAA
A	dW5pdC1rbmlnaHQ	AAAAAAAAAAAAAAAA
A	dW5pdC1rbmlnaHQtcmlkZXI	FFFFFFFFFFFFFFFF
A	dW5pdC1tYWdl	AAAAAAAAAAAAAAAA
A	dW5pdC1tYWdlLXRvd2Vy	AAAAAAAAAAAAAAAA
A	dW5pdC1tYW4tb2YtbGlnaHQ	FFFFFFFFFFFFFFFF
A	dW5pdC1vZ3Jl	AAAAAAAAAAAAAAAA
A	dW5pdC1vZ3JlLWp1Z2dlcm5hdWdodA	AAAAAAAAAAAAAAAA
A	dW5pdC1vZ3JlLW1hZ2U	AAAAAAAAAAAAAAAA
A	dW5pdC1vZ3JlLW1vdW5k	AAAAAAAAAAAAAAAA
A	dW5pdC1vaWwtcGF0Y2g	FFFFFFFFFFFFFFFF
A	dW5pdC1vcmMtYmFycmFja3M	AAAAAAAAAAAAAAAA
A	dW5pdC1vcmMtYmxhY2tzbWl0aA	AAAAAAAAAAAAAAAA
A	dW5pdC1vcmMtY2Fubm9uLXRvd2Vy	AAAAAAAAAAAAAAAA
A	dW5pdC1vcmMtZGVhZC1ib2R5	FFFFFFFFFFFFFFFF
A	dW5pdC1vcmMtZGVzdHJveWVy	AAAAAAAAAAAAAAAA
A	dW5pdC1vcmMtZm91bmRyeQ	AAAAAAAAAAAAAAAA
A	dW5pdC1vcmMtZ3VhcmQtdG93ZXI	AAAAAAAAAAAAAAAA
A	dW5pdC1vcmMtb2lsLXBsYXRmb3Jt	AAAAAAAAAAAAAAAA
A	dW5pdC1vcmMtb2lsLXRhbmtlcg	AAAAAAAAAAAAAAAA
A	dW5pdC1vcmMtcmVmaW5lcnk	AAAAAAAAAAAAAAAA
A	dW5pdC1vcmMtc2hpcHlhcmQ	AAAAAAAAAAAAAAAA
A	dW5pdC1vcmMtc3RhcnQtbG9jYXRpb24	FFFFFFFFFFFFFFFF
A	dW5pdC1vcmMtc3VibWFyaW5l	AAAAAAAAAAAAAAAA
A	dW5pdC1vcmMtdHJhbnNwb3J0	AAAAAAAAAAAAAAAA
A	dW5pdC1vcmMtd2FsbA	AAAAAAAAAAAAAAAA
A	dW5pdC1vcmMtd2F0Y2gtdG93ZXI	AAAAAAAAAAAAAAAA
A	dW5pdC1wYWxhZGlu	AAAAAAAAAAAAAAAA
A	dW5pdC1wZWFzYW50	AAAAAAAAAAAAAAAA
A	dW5pdC1wZW9u	AAAAAAAAAAAAAAAA
A	dW5pdC1waWctZmFybQ	AAAAAAAAAAAAAAAA
A	dW5pdC1xdWljay1ibGFkZQ	FFFFFFFFFFFFFFFF
A	dW5pdC1yYW5nZXI	AAAAAAAAAAAAAAAA
A	dW5pdC1ydW5lc3RvbmU	FFFFFFFFFFFFFFFF
A	dW5pdC1zaGFycC1heGU	FFFFFFFFFFFFFFFF
A	dW5pdC1za2VsZXRvbg	FFFFFFFFFFFFFFFF
A	dW5pdC1zdGFibGVz	AAAAAAAAAAAAAAAA
A	dW5pdC1zdHJvbmdob2xk	AAAAAAAAAAAAAAAA
A	dW5pdC10ZW1wbGUtb2YtdGhlLWRhbW5lZA	AAAAAAAAAAAAAAAA
A	dW5pdC10b3duLWhhbGw	AAAAAAAAAAAAAAAA
A	dW5pdC10cm9sbC1sdW1iZXItbWlsbA	AAAAAAAAAAAAAAAA
A	dW5pdC13aGl0ZS1tYWdl	FFFFFFFFFFFFFFFF
A	dW5pdC13aXNlLW1hbg	FFFFFFFFFFFFFFFF
A	dW5pdC16ZXBwZWxpbg	AAAAAAAAAAAAAAAA
A	dXBncmFkZS1hcnJvdzE	AAAAAAAAAAAAAAAA
A	dXBncmFkZS1hcnJvdzI	AAAAAAAAAAAAAAAA
A	dXBncmFkZS1iYWxsaXN0YTE	AAAAAAAAAAAAAAAA
A	dXBncmFkZS1iYWxsaXN0YTI	AAAAAAAAAAAAAAAA
A	dXBncmFkZS1iYXR0bGUtYXhlMQ	AAAAAAAAAAAAAAAA
A	dXBncmFkZS1iYXR0bGUtYXhlMg	AAAAAAAAAAAAAAAA
A	dXBncmFkZS1iZXJzZXJrZXI	AAAAAAAAAAAAAAAA
A	dXBncmFkZS1iZXJzZXJrZXItcmVnZW5lcmF0aW9u	AAAAAAAAAAAAAAAA
A	dXBncmFkZS1iZXJzZXJrZXItc2NvdXRpbmc	AAAAAAAAAAAAAAAA
A	dXBncmFkZS1ibGl6emFyZA	AAAAAAAAAAAAAAAA
A	dXBncmFkZS1ibG9vZGx1c3Q	AAAAAAAAAAAAAAAA
A	dXBncmFkZS1ibG9vZGx1c3QtZG91YmxlLWhlYWQ	RRRRRRRRRRRRRRRR
A	dXBncmFkZS1jYXRhcHVsdDE	AAAAAAAAAAAAAAAA
A	dXBncmFkZS1jYXRhcHVsdDI	AAAAAAAAAAAAAAAA
A	dXBncmFkZS1kZWF0aC1hbmQtZGVjYXk	AAAAAAAAAAAAAAAA
A	dXBncmFkZS1kZWF0aC1jb2ls	RRRRRRRRRRRRRRRR
A	dXBncmFkZS1leG9yY2lzbQ	AAAAAAAAAAAAAAAA
A	dXBncmFkZS1leWUtb2Yta2lscm9nZw	RRRRRRRRRRRRRRRR
A	dXBncmFkZS1leWUtb2Yta2lscm9nZy1kb3VibGUtaGVhZA	RRRRRRRRRRRRRRRR
A	dXBncmFkZS1maXJlYmFsbA	RRRRRRRRRRRRRRRR
A	dXBncmFkZS1mbGFtZS1zaGllbGQ	AAAAAAAAAAAAAAAA
A	dXBncmFkZS1oYXN0ZQ	AAAAAAAAAAAAAAAA
A	dXBncmFkZS1oZWFsaW5n	AAAAAAAAAAAAAAAA
A	dXBncmFkZS1ob2x5LXZpc2lvbg	RRRRRRRRRRRRRRRR
A	dXBncmFkZS1odW1hbi1zaGllbGQx	AAAAAAAAAAAAAAAA
A	dXBncmFkZS1odW1hbi1zaGllbGQy	AAAAAAAAAAAAAAAA
A	dXBncmFkZS1odW1hbi1zaGlwLWFybW9yMQ	AAAAAAAAAAAAAAAA
A	dXBncmFkZS1odW1hbi1zaGlwLWFybW9yMg	AAAAAAAAAAAAAAAA
A	dXBncmFkZS1odW1hbi1zaGlwLWNhbm5vbjE	AAAAAAAAAAAAAAAA
A	dXBncmFkZS1odW1hbi1zaGlwLWNhbm5vbjI	AAAAAAAAAAAAAAAA
A	dXBncmFkZS1pbnZpc2liaWxpdHk	AAAAAAAAAAAAAAAA
A	dXBncmFkZS1saWdodC1heGVz	AAAAAAAAAAAAAAAA
A	dXBncmFkZS1sb25nYm93	AAAAAAAAAAAAAAAA
A	dXBncmFkZS1vZ3JlLW1hZ2U	AAAAAAAAAAAAAAAA
A	dXBncmFkZS1vcmMtc2hpZWxkMQ	AAAAAAAAAAAAAAAA
A	dXBncmFkZS1vcmMtc2hpZWxkMg	AAAAAAAAAAAAAAAA
A	dXBncmFkZS1vcmMtc2hpcC1hcm1vcjE	AAAAAAAAAAAAAAAA
A	dXBncmFkZS1vcmMtc2hpcC1hcm1vcjI	AAAAAAAAAAAAAAAA
A	dXBncmFkZS1vcmMtc2hpcC1jYW5ub24x	AAAAAAAAAAAAAAAA
A	dXBncmFkZS1vcmMtc2hpcC1jYW5ub24y	AAAAAAAAAAAAAAAA
A	dXBncmFkZS1wYWxhZGlu	AAAAAAAAAAAAAAAA
A	dXBncmFkZS1wb2x5bW9ycGg	AAAAAAAAAAAAAAAA
A	dXBncmFkZS1yYWlzZS1kZWFk	AAAAAAAAAAAAAAAA
A	dXBncmFkZS1yYW5nZXI	AAAAAAAAAAAAAAAA
A	dXBncmFkZS1yYW5nZXItbWFya3NtYW5zaGlw	AAAAAAAAAAAAAAAA
A	dXBncmFkZS1yYW5nZXItc2NvdXRpbmc	AAAAAAAAAAAAAAAA
A	dXBncmFkZS1ydW5lcw	AAAAAAAAAAAAAAAA
A	dXBncmFkZS1ydW5lcy1kb3VibGUtaGVhZA	RRRRRRRRRRRRRRRR
A	dXBncmFkZS1zbG93	AAAAAAAAAAAAAAAA
A	dXBncmFkZS1zd29yZDE	AAAAAAAAAAAAAAAA
A	dXBncmFkZS1zd29yZDI	AAAAAAAAAAAAAAAA
A	dXBncmFkZS10aHJvd2luZy1heGUx	AAAAAAAAAAAAAAAA
A	dXBncmFkZS10aHJvd2luZy1heGUy	AAAAAAAAAAAAAAAA
A	dXBncmFkZS11bmhvbHktYXJtb3I	AAAAAAAAAAAAAAAA
A	dXBncmFkZS13aGlybHdpbmQ	AAAAAAAAAAAAAAAA
I	2	b3JjLWV4cC05	MAP
T	VEhJUyBPUFBPTkVOVFMgTjAgRVE	VklDVE9SWQ
T	VEhJUyBUT1RBTCBOMCBFUQ	REVGRUFU
E
M	Y2FtcGFpZ25zL29yYy1leHAvbGV2ZWx4MDlv	Li4vY2FtcGFpZ25zL29yYy9pbnRlcmZhY2UvaW50cm9zY3JlZW41LnBuZw	2	Y2FtcGFpZ25zL29yYy1leHAvbGV2ZWx4MDlvLWludHJvMS53YXY	Y2FtcGFpZ25zL29yYy1leHAvbGV2ZWx4MDlvLWludHJvMi53YXY
A	dW5pdC1hbGNoZW1pc3Q	AAAAAAAAAAAAAAAA
A	dW5pdC1hbHRhci1vZi1zdG9ybXM	AAAAAAAAAAAAAAAA
A	dW5pdC1hcmNoZXI	AAAAAAAAAAAAAAAA
A	dW5pdC1hcnRob3ItbGl0ZXJpb3M	FFFFFFFFFFFFFFFF
A	dW5pdC1heGV0aHJvd2Vy	AAAAAAAAAAAAAAAA
A	dW5pdC1iYWxsaXN0YQ	AAAAAAAAAAAAAAAA
A	dW5pdC1iYWxsb29u	AAAAAAAAAAAAAAAA
A	dW5pdC1iYXR0bGVzaGlw	AAAAAAAAAAAAAAAA
A	dW5pdC1iZWFzdC1jcnk	FFFFFFFFFFFFFFFF
A	dW5pdC1iZXJzZXJrZXI	AAAAAAAAAAAAAAAA
A	dW5pdC1jYXN0bGU	AAAAAAAAAAAAAAAA
A	dW5pdC1jYXRhcHVsdA	AAAAAAAAAAAAAAAA
A	dW5pdC1jaHVyY2g	AAAAAAAAAAAAAAAA
A	dW5pdC1jaXJjbGUtb2YtcG93ZXI	FFFFFFFFFFFFFFFF
A	dW5pdC1jcml0dGVy	FFFFFFFFFFFFFFFF
A	dW5pdC1kYWVtb24	FFFFFFFFFFFFFFFF
A	dW5pdC1kYXJrLXBvcnRhbA	FFFFFFFFFFFFFFFF
A	dW5pdC1kZWFkLXNlYS1ib2R5	FFFFFFFFFFFFFFFF
A	dW5pdC1kZWF0aC1rbmlnaHQ	AAAAAAAAAAAAAAAA
A	dW5pdC1kZXN0cm95ZWQtMXgxLXBsYWNl	FFFFFFFFFFFFFFFF
A	dW5pdC1kZXN0cm95ZWQtMngyLXBsYWNl	FFFFFFFFFFFFFFFF
A	dW5pdC1kZXN0cm95ZWQtM3gzLXBsYWNl	FFFFFFFFFFFFFFFF
A	dW5pdC1kZXN0cm95ZWQtM3gzLXBsYWNlLXdhdGVy	FFFFFFFFFFFFFFFF
A	dW5pdC1kZXN0cm95ZWQtNHg0LXBsYWNl	FFFFFFFFFFFFFFFF
A	dW5pdC1kb3VibGUtaGVhZA	FFFFFFFFFFFFFFFF
A	dW5pdC1kcmFnb24	AAAAAAAAAAAAAAAA
A	dW5pdC1kcmFnb24tcm9vc3Q	AAAAAAAAAAAAAAAA
A	dW5pdC1kd2FydmVz	AAAAAAAAAAAAAAAA
A	dW5pdC1lbHZlbi1sdW1iZXItbWlsbA	AAAAAAAAAAAAAAAA
A	dW5pdC1ldmlsLWtuaWdodA	FFFFFFFFFFFFFFFF
A	dW5pdC1leWUtb2YtdmlzaW9u	FFFFFFFFFFFFFFFF
A	dW5pdC1mYWQtbWFu	FFFFFFFFFFFFFFFF
A	dW5pdC1mYXJt	AAAAAAAAAAAAAAAA
A	dW5pdC1mZW1hbGUtaGVybw	FFFFFFFFFFFFFFFF
A	dW5pdC1maXJlLWJyZWV6ZQ	FFFFFFFFFFFFFFFF
A	dW5pdC1mbHlpbmctYW5nZWw	FFFFFFFFFFFFFFFF
A	dW5pdC1mb290bWFu	AAAAAAAAAAAAAAAA
A	dW5pdC1mb3J0cmVzcw	AAAAAAAAAAAAAAAA
A	dW5pdC1nb2JsaW4tc2FwcGVycw	AAAAAAAAAAAAAAAA
A	dW5pdC1nb2xkLW1pbmU	FFFFFFFFFFFFFFFF
A	dW5pdC1ncmVhdC1oYWxs	AAAAAAAAAAAAAAAA
A	dW5pdC1ncnVudA	AAAAAAAAAAAAAAAA
A	dW5pdC1ncnlwaG9uLWF2aWFyeQ	AAAAAAAAAAAAAAAA
A	dW5pdC1ncnlwaG9uLXJpZGVy	AAAAAAAAAAAAAAAA
A	dW5pdC1odW1hbi1iYXJyYWNrcw	AAAAAAAAAAAAAAAA
A	dW5pdC1odW1hbi1ibGFja3NtaXRo	AAAAAAAAAAAAAAAA
A	dW5pdC1odW1hbi1jYW5ub24tdG93ZXI	AAAAAAAAAAAAAAAA
A	dW5pdC1odW1hbi1kZWFkLWJvZHk	FFFFFFFFFFFFFFFF
A	dW5pdC1odW1hbi1kZXN0cm95ZXI	AAAAAAAAAAAAAAAA
A	dW5pdC1odW1hbi1mb3VuZHJ5	AAAAAAAAAAAAAAAA
A	dW5pdC1odW1hbi1ndWFyZC10b3dlcg	AAAAAAAAAAAAAAAA
A	dW5pdC1odW1hbi1vaWwtcGxhdGZvcm0	AAAAAAAAAAAAAAAA
A	dW5pdC1odW1hbi1vaWwtdGFua2Vy	AAAAAAAAAAAAAAAA
A	dW5pdC1odW1hbi1yZWZpbmVyeQ	AAAAAAAAAAAAAAAA
A	dW5pdC1odW1hbi1zaGlweWFyZA	AAAAAAAAAAAAAAAA
A	dW5pdC1odW1hbi1zdGFydC1sb2NhdGlvbg	FFFFFFFFFFFFFFFF
A	dW5pdC1odW1hbi1zdWJtYXJpbmU	AAAAAAAAAAAAAAAA
A	dW5pdC1odW1hbi10cmFuc3BvcnQ	AAAAAAAAAAAAAAAA
A	dW5pdC1odW1hbi13YWxs	AAAAAAAAAAAAAAAA
A	dW5pdC1odW1hbi13YXRjaC10b3dlcg	AAAAAAAAAAAAAAAA
A	dW5pdC1pY2UtYnJpbmdlcg	FFFFFFFFFFFFFFFF
A	dW5pdC1pbnZlbnRvcg	AAAAAAAAAAAAAAAA
A	dW5pdC1rZWVw	AAAAAAAAAAAAAAAA
A	dW5pdC1rbmlnaHQ	AAAAAAAAAAAAAAAA
A	dW5pdC1rbmlnaHQtcmlkZXI	FFFFFFFFFFFFFFFF
A	dW5pdC1tYWdl	AAAAAAAAAAAAAAAA
A	dW5pdC1tYWdlLXRvd2Vy	AAAAAAAAAAAAAAAA
A	dW5pdC1tYW4tb2YtbGlnaHQ	FFFFFFFFFFFFFFFF
A	dW5pdC1vZ3Jl	AAAAAAAAAAAAAAAA
A	dW5pdC1vZ3JlLWp1Z2dlcm5hdWdodA	AAAAAAAAAAAAAAAA
A	dW5pdC1vZ3JlLW1hZ2U	AAAAAAAAAAAAAAAA
A	dW5pdC1vZ3JlLW1vdW5k	AAAAAAAAAAAAAAAA
A	dW5pdC1vaWwtcGF0Y2g	FFFFFFFFFFFFFFFF
A	dW5pdC1vcmMtYmFycmFja3M	AAAAAAAAAAAAAAAA
A	dW5pdC1vcmMtYmxhY2tzbWl0aA	AAAAAAAAAAAAAAAA
A	dW5pdC1vcmMtY2Fubm9uLXRvd2Vy	AAAAAAAAAAAAAAAA
A	dW5pdC1vcmMtZGVhZC1ib2R5	FFFFFFFFFFFFFFFF
A	dW5pdC1vcmMtZGVzdHJveWVy	AAAAAAAAAAAAAAAA
A	dW5pdC1vcmMtZm91bmRyeQ	AAAAAAAAAAAAAAAA
A	dW5pdC1vcmMtZ3VhcmQtdG93ZXI	AAAAAAAAAAAAAAAA
A	dW5pdC1vcmMtb2lsLXBsYXRmb3Jt	AAAAAAAAAAAAAAAA
A	dW5pdC1vcmMtb2lsLXRhbmtlcg	AAAAAAAAAAAAAAAA
A	dW5pdC1vcmMtcmVmaW5lcnk	AAAAAAAAAAAAAAAA
A	dW5pdC1vcmMtc2hpcHlhcmQ	AAAAAAAAAAAAAAAA
A	dW5pdC1vcmMtc3RhcnQtbG9jYXRpb24	FFFFFFFFFFFFFFFF
A	dW5pdC1vcmMtc3VibWFyaW5l	AAAAAAAAAAAAAAAA
A	dW5pdC1vcmMtdHJhbnNwb3J0	AAAAAAAAAAAAAAAA
A	dW5pdC1vcmMtd2FsbA	AAAAAAAAAAAAAAAA
A	dW5pdC1vcmMtd2F0Y2gtdG93ZXI	AAAAAAAAAAAAAAAA
A	dW5pdC1wYWxhZGlu	AAAAAAAAAAAAAAAA
A	dW5pdC1wZWFzYW50	AAAAAAAAAAAAAAAA
A	dW5pdC1wZW9u	AAAAAAAAAAAAAAAA
A	dW5pdC1waWctZmFybQ	AAAAAAAAAAAAAAAA
A	dW5pdC1xdWljay1ibGFkZQ	FFFFFFFFFFFFFFFF
A	dW5pdC1yYW5nZXI	AAAAAAAAAAAAAAAA
A	dW5pdC1ydW5lc3RvbmU	FFFFFFFFFFFFFFFF
A	dW5pdC1zaGFycC1heGU	FFFFFFFFFFFFFFFF
A	dW5pdC1za2VsZXRvbg	FFFFFFFFFFFFFFFF
A	dW5pdC1zdGFibGVz	AAAAAAAAAAAAAAAA
A	dW5pdC1zdHJvbmdob2xk	AAAAAAAAAAAAAAAA
A	dW5pdC10ZW1wbGUtb2YtdGhlLWRhbW5lZA	AAAAAAAAAAAAAAAA
A	dW5pdC10b3duLWhhbGw	AAAAAAAAAAAAAAAA
A	dW5pdC10cm9sbC1sdW1iZXItbWlsbA	AAAAAAAAAAAAAAAA
A	dW5pdC13aGl0ZS1tYWdl	FFFFFFFFFFFFFFFF
A	dW5pdC13aXNlLW1hbg	FFFFFFFFFFFFFFFF
A	dW5pdC16ZXBwZWxpbg	AAAAAAAAAAAAAAAA
A	dXBncmFkZS1hcnJvdzE	AAAAAAAAAAAAAAAA
A	dXBncmFkZS1hcnJvdzI	AAAAAAAAAAAAAAAA
A	dXBncmFkZS1iYWxsaXN0YTE	AAAAAAAAAAAAAAAA
A	dXBncmFkZS1iYWxsaXN0YTI	AAAAAAAAAAAAAAAA
A	dXBncmFkZS1iYXR0bGUtYXhlMQ	AAAAAAAAAAAAAAAA
A	dXBncmFkZS1iYXR0bGUtYXhlMg	AAAAAAAAAAAAAAAA
A	dXBncmFkZS1iZXJzZXJrZXI	AAAAAAAAAAAAAAAA
A	dXBncmFkZS1iZXJzZXJrZXItcmVnZW5lcmF0aW9u	AAAAAAAAAAAAAAAA
A	dXBncmFkZS1iZXJzZXJrZXItc2NvdXRpbmc	AAAAAAAAAAAAAAAA
A	dXBncmFkZS1ibGl6emFyZA	AAAAAAAAAAAAAAAA
A	dXBncmFkZS1ibG9vZGx1c3Q	AAAAAAAAAAAAAAAA
A	dXBncmFkZS1ibG9vZGx1c3QtZG91YmxlLWhlYWQ	RRRRRRRRRRRRRRRR
A	dXBncmFkZS1jYXRhcHVsdDE	AAAAAAAAAAAAAAAA
A	dXBncmFkZS1jYXRhcHVsdDI	AAAAAAAAAAAAAAAA
A	dXBncmFkZS1kZWF0aC1hbmQtZGVjYXk	AAAAAAAAAAAAAAAA
A	dXBncmFkZS1kZWF0aC1jb2ls	RRRRRRRRRRRRRRRR
A	dXBncmFkZS1leG9yY2lzbQ	AAAAAAAAAAAAAAAA
A	dXBncmFkZS1leWUtb2Yta2lscm9nZw	RRRRRRRRRRRRRRRR
A	dXBncmFkZS1leWUtb2Yta2lscm9nZy1kb3VibGUtaGVhZA	RRRRRRRRRRRRRRRR
A	dXBncmFkZS1maXJlYmFsbA	RRRRRRRRRRRRRRRR
A	dXBncmFkZS1mbGFtZS1zaGllbGQ	AAAAAAAAAAAAAAAA
A	dXBncmFkZS1oYXN0ZQ	AAAAAAAAAAAAAAAA
A	dXBncmFkZS1oZWFsaW5n	AAAAAAAAAAAAAAAA
A	dXBncmFkZS1ob2x5LXZpc2lvbg	RRRRRRRRRRRRRRRR
A	dXBncmFkZS1odW1hbi1zaGllbGQx	AAAAAAAAAAAAAAAA
A	dXBncmFkZS1odW1hbi1zaGllbGQy	AAAAAAAAAAAAAAAA
A	dXBncmFkZS1odW1hbi1zaGlwLWFybW9yMQ	AAAAAAAAAAAAAAAA
A	dXBncmFkZS1odW1hbi1zaGlwLWFybW9yMg	AAAAAAAAAAAAAAAA
A	dXBncmFkZS1odW1hbi1zaGlwLWNhbm5vbjE	AAAAAAAAAAAAAAAA
A	dXBncmFkZS1odW1hbi1zaGlwLWNhbm5vbjI	AAAAAAAAAAAAAAAA
A	dXBncmFkZS1pbnZpc2liaWxpdHk	AAAAAAAAAAAAAAAA
A	dXBncmFkZS1saWdodC1heGVz	AAAAAAAAAAAAAAAA
A	dXBncmFkZS1sb25nYm93	AAAAAAAAAAAAAAAA
A	dXBncmFkZS1vZ3JlLW1hZ2U	AAAAAAAAAAAAAAAA
A	dXBncmFkZS1vcmMtc2hpZWxkMQ	AAAAAAAAAAAAAAAA
A	dXBncmFkZS1vcmMtc2hpZWxkMg	AAAAAAAAAAAAAAAA
A	dXBncmFkZS1vcmMtc2hpcC1hcm1vcjE	AAAAAAAAAAAAAAAA
A	dXBncmFkZS1vcmMtc2hpcC1hcm1vcjI	AAAAAAAAAAAAAAAA
A	dXBncmFkZS1vcmMtc2hpcC1jYW5ub24x	AAAAAAAAAAAAAAAA
A	dXBncmFkZS1vcmMtc2hpcC1jYW5ub24y	AAAAAAAAAAAAAAAA
A	dXBncmFkZS1wYWxhZGlu	AAAAAAAAAAAAAAAA
A	dXBncmFkZS1wb2x5bW9ycGg	AAAAAAAAAAAAAAAA
A	dXBncmFkZS1yYWlzZS1kZWFk	AAAAAAAAAAAAAAAA
A	dXBncmFkZS1yYW5nZXI	AAAAAAAAAAAAAAAA
A	dXBncmFkZS1yYW5nZXItbWFya3NtYW5zaGlw	AAAAAAAAAAAAAAAA
A	dXBncmFkZS1yYW5nZXItc2NvdXRpbmc	AAAAAAAAAAAAAAAA
A	dXBncmFkZS1ydW5lcw	AAAAAAAAAAAAAAAA
A	dXBncmFkZS1ydW5lcy1kb3VibGUtaGVhZA	RRRRRRRRRRRRRRRR
A	dXBncmFkZS1zbG93	AAAAAAAAAAAAAAAA
A	dXBncmFkZS1zd29yZDE	AAAAAAAAAAAAAAAA
A	dXBncmFkZS1zd29yZDI	AAAAAAAAAAAAAAAA
A	dXBncmFkZS10aHJvd2luZy1heGUx	AAAAAAAAAAAAAAAA
A	dXBncmFkZS10aHJvd2luZy1heGUy	AAAAAAAAAAAAAAAA
A	dXBncmFkZS11bmhvbHktYXJtb3I	AAAAAAAAAAAAAAAA
A	dXBncmFkZS13aGlybHdpbmQ	AAAAAAAAAAAAAAAA
I	1	d2MyLWxhbmQtYXR0YWNr	MAP
I	3	d2MyLWxhbmQtYXR0YWNr	MAP
I	6	d2MyLWxhbmQtYXR0YWNr	MAP
T	TjEgUWRXNXBkQzFrWVdWdGIyNCBVTklUX0NPVU5UIE4wIEVR	VklDVE9SWQ
T	VEhJUyBUT1RBTCBOMCBFUQ	REVGRUFU
E
M	Y2FtcGFpZ25zL29yYy1leHAvbGV2ZWx4MTBv	Li4vY2FtcGFpZ25zL29yYy9pbnRlcmZhY2UvaW50cm9zY3JlZW41LnBuZw	3	Y2FtcGFpZ25zL29yYy1leHAvbGV2ZWx4MTBvLWludHJvMS53YXY	Y2FtcGFpZ25zL29yYy1leHAvbGV2ZWx4MTBvLWludHJvMi53YXY	Y2FtcGFpZ25zL29yYy1leHAvbGV2ZWx4MTBvLWludHJvMy53YXY
A	dW5pdC1hbGNoZW1pc3Q	AAAAAAAAAAAAAAAA
A	dW5pdC1hbHRhci1vZi1zdG9ybXM	AAAAAAAAAAAAAAAA
A	dW5pdC1hcmNoZXI	AAAAAAAAAAAAAAAA
A	dW5pdC1hcnRob3ItbGl0ZXJpb3M	FFFFFFFFFFFFFFFF
A	dW5pdC1heGV0aHJvd2Vy	AAAAAAAAAAAAAAAA
A	dW5pdC1iYWxsaXN0YQ	AAAAAAAAAAAAAAAA
A	dW5pdC1iYWxsb29u	AAAAAAAAAAAAAAAA
A	dW5pdC1iYXR0bGVzaGlw	AAAAAAAAAAAAAAAA
A	dW5pdC1iZWFzdC1jcnk	FFFFFFFFFFFFFFFF
A	dW5pdC1iZXJzZXJrZXI	AAAAAAAAAAAAAAAA
A	dW5pdC1jYXN0bGU	AAAAAAAAAAAAAAAA
A	dW5pdC1jYXRhcHVsdA	AAAAAAAAAAAAAAAA
A	dW5pdC1jaHVyY2g	AAAAAAAAAAAAAAAA
A	dW5pdC1jaXJjbGUtb2YtcG93ZXI	FFFFFFFFFFFFFFFF
A	dW5pdC1jcml0dGVy	FFFFFFFFFFFFFFFF
A	dW5pdC1kYWVtb24	FFFFFFFFFFFFFFFF
A	dW5pdC1kYXJrLXBvcnRhbA	FFFFFFFFFFFFFFFF
A	dW5pdC1kZWFkLXNlYS1ib2R5	FFFFFFFFFFFFFFFF
A	dW5pdC1kZWF0aC1rbmlnaHQ	AAAAAAAAAAAAAAAA
A	dW5pdC1kZXN0cm95ZWQtMXgxLXBsYWNl	FFFFFFFFFFFFFFFF
A	dW5pdC1kZXN0cm95ZWQtMngyLXBsYWNl	FFFFFFFFFFFFFFFF
A	dW5pdC1kZXN0cm95ZWQtM3gzLXBsYWNl	FFFFFFFFFFFFFFFF
A	dW5pdC1kZXN0cm95ZWQtM3gzLXBsYWNlLXdhdGVy	FFFFFFFFFFFFFFFF
A	dW5pdC1kZXN0cm95ZWQtNHg0LXBsYWNl	FFFFFFFFFFFFFFFF
A	dW5pdC1kb3VibGUtaGVhZA	FFFFFFFFFFFFFFFF
A	dW5pdC1kcmFnb24	AAAAAAAAAAAAAAAA
A	dW5pdC1kcmFnb24tcm9vc3Q	AAAAAAAAAAAAAAAA
A	dW5pdC1kd2FydmVz	AAAAAAAAAAAAAAAA
A	dW5pdC1lbHZlbi1sdW1iZXItbWlsbA	AAAAAAAAAAAAAAAA
A	dW5pdC1ldmlsLWtuaWdodA	FFFFFFFFFFFFFFFF
A	dW5pdC1leWUtb2YtdmlzaW9u	FFFFFFFFFFFFFFFF
A	dW5pdC1mYWQtbWFu	FFFFFFFFFFFFFFFF
A	dW5pdC1mYXJt	AAAAAAAAAAAAAAAA
A	dW5pdC1mZW1hbGUtaGVybw	FFFFFFFFFFFFFFFF
A	dW5pdC1maXJlLWJyZWV6ZQ	FFFFFFFFFFFFFFFF
A	dW5pdC1mbHlpbmctYW5nZWw	FFFFFFFFFFFFFFFF
A	dW5pdC1mb290bWFu	AAAAAAAAAAAAAAAA
A	dW5pdC1mb3J0cmVzcw	AAAAAAAAAAAAAAAA
A	dW5pdC1nb2JsaW4tc2FwcGVycw	AAAAAAAAAAAAAAAA
A	dW5pdC1nb2xkLW1pbmU	FFFFFFFFFFFFFFFF
A	dW5pdC1ncmVhdC1oYWxs	AAAAAAAAAAAAAAAA
A	dW5pdC1ncnVudA	AAAAAAAAAAAAAAAA
A	dW5pdC1ncnlwaG9uLWF2aWFyeQ	AAAAAAAAAAAAAAAA
A	dW5pdC1ncnlwaG9uLXJpZGVy	AAAAAAAAAAAAAAAA
A	dW5pdC1odW1hbi1iYXJyYWNrcw	AAAAAAAAAAAAAAAA
A	dW5pdC1odW1hbi1ibGFja3NtaXRo	AAAAAAAAAAAAAAAA
A	dW5pdC1odW1hbi1jYW5ub24tdG93ZXI	AAAAAAAAAAAAAAAA
A	dW5pdC1odW1hbi1kZWFkLWJvZHk	FFFFFFFFFFFFFFFF
A	dW5pdC1odW1hbi1kZXN0cm95ZXI	AAAAAAAAAAAAAAAA
A	dW5pdC1odW1hbi1mb3VuZHJ5	AAAAAAAAAAAAAAAA
A	dW5pdC1odW1hbi1ndWFyZC10b3dlcg	AAAAAAAAAAAAAAAA
A	dW5pdC1odW1hbi1vaWwtcGxhdGZvcm0	AAAAAAAAAAAAAAAA
A	dW5pdC1odW1hbi1vaWwtdGFua2Vy	AAAAAAAAAAAAAAAA
A	dW5pdC1odW1hbi1yZWZpbmVyeQ	AAAAAAAAAAAAAAAA
A	dW5pdC1odW1hbi1zaGlweWFyZA	AAAAAAAAAAAAAAAA
A	dW5pdC1odW1hbi1zdGFydC1sb2NhdGlvbg	FFFFFFFFFFFFFFFF
A	dW5pdC1odW1hbi1zdWJtYXJpbmU	AAAAAAAAAAAAAAAA
A	dW5pdC1odW1hbi10cmFuc3BvcnQ	AAAAAAAAAAAAAAAA
A	dW5pdC1odW1hbi13YWxs	AAAAAAAAAAAAAAAA
A	dW5pdC1odW1hbi13YXRjaC10b3dlcg	AAAAAAAAAAAAAAAA
A	dW5pdC1pY2UtYnJpbmdlcg	FFFFFFFFFFFFFFFF
A	dW5pdC1pbnZlbnRvcg	AAAAAAAAAAAAAAAA
A	dW5pdC1rZWVw	AAAAAAAAAAAAAAAA
A	dW5pdC1rbmlnaHQ	AAAAAAAAAAAAAAAA
A	dW5pdC1rbmlnaHQtcmlkZXI	FFFFFFFFFFFFFFFF
A	dW5pdC1tYWdl	AAAAAAAAAAAAAAAA
A	dW5pdC1tYWdlLXRvd2Vy	AAAAAAAAAAAAAAAA
A	dW5pdC1tYW4tb2YtbGlnaHQ	FFFFFFFFFFFFFFFF
A	dW5pdC1vZ3Jl	AAAAAAAAAAAAAAAA
A	dW5pdC1vZ3JlLWp1Z2dlcm5hdWdodA	AAAAAAAAAAAAAAAA
A	dW5pdC1vZ3JlLW1hZ2U	AAAAAAAAAAAAAAAA
A	dW5pdC1vZ3JlLW1vdW5k	AAAAAAAAAAAAAAAA
A	dW5pdC1vaWwtcGF0Y2g	FFFFFFFFFFFFFFFF
A	dW5pdC1vcmMtYmFycmFja3M	AAAAAAAAAAAAAAAA
A	dW5pdC1vcmMtYmxhY2tzbWl0aA	AAAAAAAAAAAAAAAA
A	dW5pdC1vcmMtY2Fubm9uLXRvd2Vy	AAAAAAAAAAAAAAAA
A	dW5pdC1vcmMtZGVhZC1ib2R5	FFFFFFFFFFFFFFFF
A	dW5pdC1vcmMtZGVzdHJveWVy	AAAAAAAAAAAAAAAA
A	dW5pdC1vcmMtZm91bmRyeQ	AAAAAAAAAAAAAAAA
A	dW5pdC1vcmMtZ3VhcmQtdG93ZXI	AAAAAAAAAAAAAAAA
A	dW5pdC1vcmMtb2lsLXBsYXRmb3Jt	AAAAAAAAAAAAAAAA
A	dW5pdC1vcmMtb2lsLXRhbmtlcg	AAAAAAAAAAAAAAAA
A	dW5pdC1vcmMtcmVmaW5lcnk	AAAAAAAAAAAAAAAA
A	dW5pdC1vcmMtc2hpcHlhcmQ	AAAAAAAAAAAAAAAA
A	dW5pdC1vcmMtc3RhcnQtbG9jYXRpb24	FFFFFFFFFFFFFFFF
A	dW5pdC1vcmMtc3VibWFyaW5l	AAAAAAAAAAAAAAAA
A	dW5pdC1vcmMtdHJhbnNwb3J0	AAAAAAAAAAAAAAAA
A	dW5pdC1vcmMtd2FsbA	AAAAAAAAAAAAAAAA
A	dW5pdC1vcmMtd2F0Y2gtdG93ZXI	AAAAAAAAAAAAAAAA
A	dW5pdC1wYWxhZGlu	AAAAAAAAAAAAAAAA
A	dW5pdC1wZWFzYW50	AAAAAAAAAAAAAAAA
A	dW5pdC1wZW9u	AAAAAAAAAAAAAAAA
A	dW5pdC1waWctZmFybQ	AAAAAAAAAAAAAAAA
A	dW5pdC1xdWljay1ibGFkZQ	FFFFFFFFFFFFFFFF
A	dW5pdC1yYW5nZXI	AAAAAAAAAAAAAAAA
A	dW5pdC1ydW5lc3RvbmU	FFFFFFFFFFFFFFFF
A	dW5pdC1zaGFycC1heGU	FFFFFFFFFFFFFFFF
A	dW5pdC1za2VsZXRvbg	FFFFFFFFFFFFFFFF
A	dW5pdC1zdGFibGVz	AAAAAAAAAAAAAAAA
A	dW5pdC1zdHJvbmdob2xk	AAAAAAAAAAAAAAAA
A	dW5pdC10ZW1wbGUtb2YtdGhlLWRhbW5lZA	AAAAAAAAAAAAAAAA
A	dW5pdC10b3duLWhhbGw	AAAAAAAAAAAAAAAA
A	dW5pdC10cm9sbC1sdW1iZXItbWlsbA	AAAAAAAAAAAAAAAA
A	dW5pdC13aGl0ZS1tYWdl	FFFFFFFFFFFFFFFF
A	dW5pdC13aXNlLW1hbg	FFFFFFFFFFFFFFFF
A	dW5pdC16ZXBwZWxpbg	AAAAAAAAAAAAAAAA
A	dXBncmFkZS1hcnJvdzE	AAAAAAAAAAAAAAAA
A	dXBncmFkZS1hcnJvdzI	AAAAAAAAAAAAAAAA
A	dXBncmFkZS1iYWxsaXN0YTE	AAAAAAAAAAAAAAAA
A	dXBncmFkZS1iYWxsaXN0YTI	AAAAAAAAAAAAAAAA
A	dXBncmFkZS1iYXR0bGUtYXhlMQ	AAAAAAAAAAAAAAAA
A	dXBncmFkZS1iYXR0bGUtYXhlMg	AAAAAAAAAAAAAAAA
A	dXBncmFkZS1iZXJzZXJrZXI	AAAAAAAAAAAAAAAA
A	dXBncmFkZS1iZXJzZXJrZXItcmVnZW5lcmF0aW9u	AAAAAAAAAAAAAAAA
A	dXBncmFkZS1iZXJzZXJrZXItc2NvdXRpbmc	AAAAAAAAAAAAAAAA
A	dXBncmFkZS1ibGl6emFyZA	AAAAAAAAAAAAAAAA
A	dXBncmFkZS1ibG9vZGx1c3Q	AAAAAAAAAAAAAAAA
A	dXBncmFkZS1ibG9vZGx1c3QtZG91YmxlLWhlYWQ	RRRRRRRRRRRRRRRR
A	dXBncmFkZS1jYXRhcHVsdDE	AAAAAAAAAAAAAAAA
A	dXBncmFkZS1jYXRhcHVsdDI	AAAAAAAAAAAAAAAA
A	dXBncmFkZS1kZWF0aC1hbmQtZGVjYXk	AAAAAAAAAAAAAAAA
A	dXBncmFkZS1kZWF0aC1jb2ls	RRRRRRRRRRRRRRRR
A	dXBncmFkZS1leG9yY2lzbQ	AAAAAAAAAAAAAAAA
A	dXBncmFkZS1leWUtb2Yta2lscm9nZw	RRRRRRRRRRRRRRRR
A	dXBncmFkZS1leWUtb2Yta2lscm9nZy1kb3VibGUtaGVhZA	RRRRRRRRRRRRRRRR
A	dXBncmFkZS1maXJlYmFsbA	RRRRRRRRRRRRRRRR
A	dXBncmFkZS1mbGFtZS1zaGllbGQ	AAAAAAAAAAAAAAAA
A	dXBncmFkZS1oYXN0ZQ	AAAAAAAAAAAAAAAA
A	dXBncmFkZS1oZWFsaW5n	AAAAAAAAAAAAAAAA
A	dXBncmFkZS1ob2x5LXZpc2lvbg	RRRRRRRRRRRRRRRR
A	dXBncmFkZS1odW1hbi1zaGllbGQx	AAAAAAAAAAAAAAAA
A	dXBncmFkZS1odW1hbi1zaGllbGQy	AAAAAAAAAAAAAAAA
A	dXBncmFkZS1odW1hbi1zaGlwLWFybW9yMQ	AAAAAAAAAAAAAAAA
A	dXBncmFkZS1odW1hbi1zaGlwLWFybW9yMg	AAAAAAAAAAAAAAAA
A	dXBncmFkZS1odW1hbi1zaGlwLWNhbm5vbjE	AAAAAAAAAAAAAAAA
A	dXBncmFkZS1odW1hbi1zaGlwLWNhbm5vbjI	AAAAAAAAAAAAAAAA
A	dXBncmFkZS1pbnZpc2liaWxpdHk	AAAAAAAAAAAAAAAA
A	dXBncmFkZS1saWdodC1heGVz	AAAAAAAAAAAAAAAA
A	dXBncmFkZS1sb25nYm93	AAAAAAAAAAAAAAAA
A	dXBncmFkZS1vZ3JlLW1hZ2U	AAAAAAAAAAAAAAAA
A	dXBncmFkZS1vcmMtc2hpZWxkMQ	AAAAAAAAAAAAAAAA
A	dXBncmFkZS1vcmMtc2hpZWxkMg	AAAAAAAAAAAAAAAA
A	dXBncmFkZS1vcmMtc2hpcC1hcm1vcjE	AAAAAAAAAAAAAAAA
A	dXBncmFkZS1vcmMtc2hpcC1hcm1vcjI	AAAAAAAAAAAAAAAA
A	dXBncmFkZS1vcmMtc2hpcC1jYW5ub24x	AAAAAAAAAAAAAAAA
A	dXBncmFkZS1vcmMtc2hpcC1jYW5ub24y	AAAAAAAAAAAAAAAA
A	dXBncmFkZS1wYWxhZGlu	AAAAAAAAAAAAAAAA
A	dXBncmFkZS1wb2x5bW9ycGg	AAAAAAAAAAAAAAAA
A	dXBncmFkZS1yYWlzZS1kZWFk	AAAAAAAAAAAAAAAA
A	dXBncmFkZS1yYW5nZXI	AAAAAAAAAAAAAAAA
A	dXBncmFkZS1yYW5nZXItbWFya3NtYW5zaGlw	AAAAAAAAAAAAAAAA
A	dXBncmFkZS1yYW5nZXItc2NvdXRpbmc	AAAAAAAAAAAAAAAA
A	dXBncmFkZS1ydW5lcw	AAAAAAAAAAAAAAAA
A	dXBncmFkZS1ydW5lcy1kb3VibGUtaGVhZA	RRRRRRRRRRRRRRRR
A	dXBncmFkZS1zbG93	AAAAAAAAAAAAAAAA
A	dXBncmFkZS1zd29yZDE	AAAAAAAAAAAAAAAA
A	dXBncmFkZS1zd29yZDI	AAAAAAAAAAAAAAAA
A	dXBncmFkZS10aHJvd2luZy1heGUx	AAAAAAAAAAAAAAAA
A	dXBncmFkZS10aHJvd2luZy1heGUy	AAAAAAAAAAAAAAAA
A	dXBncmFkZS11bmhvbHktYXJtb3I	AAAAAAAAAAAAAAAA
A	dXBncmFkZS13aGlybHdpbmQ	AAAAAAAAAAAAAAAA
I	0	d2MyLWxhbmQtYXR0YWNr	MAP
I	2	d2MyLXBhc3NpdmU	MAP
I	6	b3JjLWV4cC0xMA	MAP
T	UWRHaHBjdyBRUFQwIE4xIFFkVzVwZEMxdFlXZGwgUWRXNXBkQzFqYVhKamJHVXRiMll0Y0c5M1pYSSBSRVNDVUVEX05FQVIgVEhJUyBPUFBPTkVOVFMgTjAgRVEgQU5E	VklDVE9SWQ
T	VEhJUyBUT1RBTCBOMCBFUQ	REVGRUFU
E
M	Y2FtcGFpZ25zL29yYy1leHAvbGV2ZWx4MTFv	Li4vY2FtcGFpZ25zL29yYy9pbnRlcmZhY2UvaW50cm9zY3JlZW41LnBuZw	2	Y2FtcGFpZ25zL29yYy1leHAvbGV2ZWx4MTFvLWludHJvMS53YXY	Y2FtcGFpZ25zL29yYy1leHAvbGV2ZWx4MTFvLWludHJvMi53YXY
A	dW5pdC1hbGNoZW1pc3Q	AAAAAAAAAAAAAAAA
A	dW5pdC1hbHRhci1vZi1zdG9ybXM	AAAAAAAAAAAAAAAA
A	dW5pdC1hcmNoZXI	AAAAAAAAAAAAAAAA
A	dW5pdC1hcnRob3ItbGl0ZXJpb3M	FFFFFFFFFFFFFFFF
A	dW5pdC1heGV0aHJvd2Vy	AAAAAAAAAAAAAAAA
A	dW5pdC1iYWxsaXN0YQ	AAAAAAAAAAAAAAAA
A	dW5pdC1iYWxsb29u	AAAAAAAAAAAAAAAA
A	dW5pdC1iYXR0bGVzaGlw	AAAAAAAAAAAAAAAA
A	dW5pdC1iZWFzdC1jcnk	FFFFFFFFFFFFFFFF
A	dW5pdC1iZXJzZXJrZXI	AAAAAAAAAAAAAAAA
A	dW5pdC1jYXN0bGU	AAAAAAAAAAAAAAAA
A	dW5pdC1jYXRhcHVsdA	AAAAAAAAAAAAAAAA
A	dW5pdC1jaHVyY2g	AAAAAAAAAAAAAAAA
A	dW5pdC1jaXJjbGUtb2YtcG93ZXI	FFFFFFFFFFFFFFFF
A	dW5pdC1jcml0dGVy	FFFFFFFFFFFFFFFF
A	dW5pdC1kYWVtb24	FFFFFFFFFFFFFFFF
A	dW5pdC1kYXJrLXBvcnRhbA	FFFFFFFFFFFFFFFF
A	dW5pdC1kZWFkLXNlYS1ib2R5	FFFFFFFFFFFFFFFF
A	dW5pdC1kZWF0aC1rbmlnaHQ	AAAAAAAAAAAAAAAA
A	dW5pdC1kZXN0cm95ZWQtMXgxLXBsYWNl	FFFFFFFFFFFFFFFF
A	dW5pdC1kZXN0cm95ZWQtMngyLXBsYWNl	FFFFFFFFFFFFFFFF
A	dW5pdC1kZXN0cm95ZWQtM3gzLXBsYWNl	FFFFFFFFFFFFFFFF
A	dW5pdC1kZXN0cm95ZWQtM3gzLXBsYWNlLXdhdGVy	FFFFFFFFFFFFFFFF
A	dW5pdC1kZXN0cm95ZWQtNHg0LXBsYWNl	FFFFFFFFFFFFFFFF
A	dW5pdC1kb3VibGUtaGVhZA	FFFFFFFFFFFFFFFF
A	dW5pdC1kcmFnb24	AAAAAAAAAAAAAAAA
A	dW5pdC1kcmFnb24tcm9vc3Q	AAAAAAAAAAAAAAAA
A	dW5pdC1kd2FydmVz	AAAAAAAAAAAAAAAA
A	dW5pdC1lbHZlbi1sdW1iZXItbWlsbA	AAAAAAAAAAAAAAAA
A	dW5pdC1ldmlsLWtuaWdodA	FFFFFFFFFFFFFFFF
A	dW5pdC1leWUtb2YtdmlzaW9u	FFFFFFFFFFFFFFFF
A	dW5pdC1mYWQtbWFu	FFFFFFFFFFFFFFFF
A	dW5pdC1mYXJt	AAAAAAAAAAAAAAAA
A	dW5pdC1mZW1hbGUtaGVybw	FFFFFFFFFFFFFFFF
A	dW5pdC1maXJlLWJyZWV6ZQ	FFFFFFFFFFFFFFFF
A	dW5pdC1mbHlpbmctYW5nZWw	FFFFFFFFFFFFFFFF
A	dW5pdC1mb290bWFu	AAAAAAAAAAAAAAAA
A	dW5pdC1mb3J0cmVzcw	AAAAAAAAAAAAAAAA
A	dW5pdC1nb2JsaW4tc2FwcGVycw	AAAAAAAAAAAAAAAA
A	dW5pdC1nb2xkLW1pbmU	FFFFFFFFFFFFFFFF
A	dW5pdC1ncmVhdC1oYWxs	AAAAAAAAAAAAAAAA
A	dW5pdC1ncnVudA	AAAAAAAAAAAAAAAA
A	dW5pdC1ncnlwaG9uLWF2aWFyeQ	AAAAAAAAAAAAAAAA
A	dW5pdC1ncnlwaG9uLXJpZGVy	AAAAAAAAAAAAAAAA
A	dW5pdC1odW1hbi1iYXJyYWNrcw	AAAAAAAAAAAAAAAA
A	dW5pdC1odW1hbi1ibGFja3NtaXRo	AAAAAAAAAAAAAAAA
A	dW5pdC1odW1hbi1jYW5ub24tdG93ZXI	AAAAAAAAAAAAAAAA
A	dW5pdC1odW1hbi1kZWFkLWJvZHk	FFFFFFFFFFFFFFFF
A	dW5pdC1odW1hbi1kZXN0cm95ZXI	AAAAAAAAAAAAAAAA
A	dW5pdC1odW1hbi1mb3VuZHJ5	AAAAAAAAAAAAAAAA
A	dW5pdC1odW1hbi1ndWFyZC10b3dlcg	AAAAAAAAAAAAAAAA
A	dW5pdC1odW1hbi1vaWwtcGxhdGZvcm0	AAAAAAAAAAAAAAAA
A	dW5pdC1odW1hbi1vaWwtdGFua2Vy	AAAAAAAAAAAAAAAA
A	dW5pdC1odW1hbi1yZWZpbmVyeQ	AAAAAAAAAAAAAAAA
A	dW5pdC1odW1hbi1zaGlweWFyZA	AAAAAAAAAAAAAAAA
A	dW5pdC1odW1hbi1zdGFydC1sb2NhdGlvbg	FFFFFFFFFFFFFFFF
A	dW5pdC1odW1hbi1zdWJtYXJpbmU	AAAAAAAAAAAAAAAA
A	dW5pdC1odW1hbi10cmFuc3BvcnQ	AAAAAAAAAAAAAAAA
A	dW5pdC1odW1hbi13YWxs	AAAAAAAAAAAAAAAA
A	dW5pdC1odW1hbi13YXRjaC10b3dlcg	AAAAAAAAAAAAAAAA
A	dW5pdC1pY2UtYnJpbmdlcg	FFFFFFFFFFFFFFFF
A	dW5pdC1pbnZlbnRvcg	AAAAAAAAAAAAAAAA
A	dW5pdC1rZWVw	AAAAAAAAAAAAAAAA
A	dW5pdC1rbmlnaHQ	AAAAAAAAAAAAAAAA
A	dW5pdC1rbmlnaHQtcmlkZXI	FFFFFFFFFFFFFFFF
A	dW5pdC1tYWdl	AAAAAAAAAAAAAAAA
A	dW5pdC1tYWdlLXRvd2Vy	AAAAAAAAAAAAAAAA
A	dW5pdC1tYW4tb2YtbGlnaHQ	FFFFFFFFFFFFFFFF
A	dW5pdC1vZ3Jl	AAAAAAAAAAAAAAAA
A	dW5pdC1vZ3JlLWp1Z2dlcm5hdWdodA	AAAAAAAAAAAAAAAA
A	dW5pdC1vZ3JlLW1hZ2U	AAAAAAAAAAAAAAAA
A	dW5pdC1vZ3JlLW1vdW5k	AAAAAAAAAAAAAAAA
A	dW5pdC1vaWwtcGF0Y2g	FFFFFFFFFFFFFFFF
A	dW5pdC1vcmMtYmFycmFja3M	AAAAAAAAAAAAAAAA
A	dW5pdC1vcmMtYmxhY2tzbWl0aA	AAAAAAAAAAAAAAAA
A	dW5pdC1vcmMtY2Fubm9uLXRvd2Vy	AAAAAAAAAAAAAAAA
A	dW5pdC1vcmMtZGVhZC1ib2R5	FFFFFFFFFFFFFFFF
A	dW5pdC1vcmMtZGVzdHJveWVy	AAAAAAAAAAAAAAAA
A	dW5pdC1vcmMtZm91bmRyeQ	AAAAAAAAAAAAAAAA
A	dW5pdC1vcmMtZ3VhcmQtdG93ZXI	AAAAAAAAAAAAAAAA
A	dW5pdC1vcmMtb2lsLXBsYXRmb3Jt	AAAAAAAAAAAAAAAA
A	dW5pdC1vcmMtb2lsLXRhbmtlcg	AAAAAAAAAAAAAAAA
A	dW5pdC1vcmMtcmVmaW5lcnk	AAAAAAAAAAAAAAAA
A	dW5pdC1vcmMtc2hpcHlhcmQ	AAAAAAAAAAAAAAAA
A	dW5pdC1vcmMtc3RhcnQtbG9jYXRpb24	FFFFFFFFFFFFFFFF
A	dW5pdC1vcmMtc3VibWFyaW5l	AAAAAAAAAAAAAAAA
A	dW5pdC1vcmMtdHJhbnNwb3J0	AAAAAAAAAAAAAAAA
A	dW5pdC1vcmMtd2FsbA	AAAAAAAAAAAAAAAA
A	dW5pdC1vcmMtd2F0Y2gtdG93ZXI	AAAAAAAAAAAAAAAA
A	dW5pdC1wYWxhZGlu	AAAAAAAAAAAAAAAA
A	dW5pdC1wZWFzYW50	AAAAAAAAAAAAAAAA
A	dW5pdC1wZW9u	AAAAAAAAAAAAAAAA
A	dW5pdC1waWctZmFybQ	AAAAAAAAAAAAAAAA
A	dW5pdC1xdWljay1ibGFkZQ	FFFFFFFFFFFFFFFF
A	dW5pdC1yYW5nZXI	AAAAAAAAAAAAAAAA
A	dW5pdC1ydW5lc3RvbmU	FFFFFFFFFFFFFFFF
A	dW5pdC1zaGFycC1heGU	FFFFFFFFFFFFFFFF
A	dW5pdC1za2VsZXRvbg	FFFFFFFFFFFFFFFF
A	dW5pdC1zdGFibGVz	AAAAAAAAAAAAAAAA
A	dW5pdC1zdHJvbmdob2xk	AAAAAAAAAAAAAAAA
A	dW5pdC10ZW1wbGUtb2YtdGhlLWRhbW5lZA	AAAAAAAAAAAAAAAA
A	dW5pdC10b3duLWhhbGw	AAAAAAAAAAAAAAAA
A	dW5pdC10cm9sbC1sdW1iZXItbWlsbA	AAAAAAAAAAAAAAAA
A	dW5pdC13aGl0ZS1tYWdl	FFFFFFFFFFFFFFFF
A	dW5pdC13aXNlLW1hbg	FFFFFFFFFFFFFFFF
A	dW5pdC16ZXBwZWxpbg	AAAAAAAAAAAAAAAA
A	dXBncmFkZS1hcnJvdzE	AAAAAAAAAAAAAAAA
A	dXBncmFkZS1hcnJvdzI	AAAAAAAAAAAAAAAA
A	dXBncmFkZS1iYWxsaXN0YTE	AAAAAAAAAAAAAAAA
A	dXBncmFkZS1iYWxsaXN0YTI	AAAAAAAAAAAAAAAA
A	dXBncmFkZS1iYXR0bGUtYXhlMQ	AAAAAAAAAAAAAAAA
A	dXBncmFkZS1iYXR0bGUtYXhlMg	AAAAAAAAAAAAAAAA
A	dXBncmFkZS1iZXJzZXJrZXI	AAAAAAAAAAAAAAAA
A	dXBncmFkZS1iZXJzZXJrZXItcmVnZW5lcmF0aW9u	AAAAAAAAAAAAAAAA
A	dXBncmFkZS1iZXJzZXJrZXItc2NvdXRpbmc	AAAAAAAAAAAAAAAA
A	dXBncmFkZS1ibGl6emFyZA	AAAAAAAAAAAAAAAA
A	dXBncmFkZS1ibG9vZGx1c3Q	AAAAAAAAAAAAAAAA
A	dXBncmFkZS1ibG9vZGx1c3QtZG91YmxlLWhlYWQ	RRRRRRRRRRRRRRRR
A	dXBncmFkZS1jYXRhcHVsdDE	AAAAAAAAAAAAAAAA
A	dXBncmFkZS1jYXRhcHVsdDI	AAAAAAAAAAAAAAAA
A	dXBncmFkZS1kZWF0aC1hbmQtZGVjYXk	AAAAAAAAAAAAAAAA
A	dXBncmFkZS1kZWF0aC1jb2ls	RRRRRRRRRRRRRRRR
A	dXBncmFkZS1leG9yY2lzbQ	AAAAAAAAAAAAAAAA
A	dXBncmFkZS1leWUtb2Yta2lscm9nZw	RRRRRRRRRRRRRRRR
A	dXBncmFkZS1leWUtb2Yta2lscm9nZy1kb3VibGUtaGVhZA	RRRRRRRRRRRRRRRR
A	dXBncmFkZS1maXJlYmFsbA	RRRRRRRRRRRRRRRR
A	dXBncmFkZS1mbGFtZS1zaGllbGQ	AAAAAAAAAAAAAAAA
A	dXBncmFkZS1oYXN0ZQ	AAAAAAAAAAAAAAAA
A	dXBncmFkZS1oZWFsaW5n	AAAAAAAAAAAAAAAA
A	dXBncmFkZS1ob2x5LXZpc2lvbg	RRRRRRRRRRRRRRRR
A	dXBncmFkZS1odW1hbi1zaGllbGQx	AAAAAAAAAAAAAAAA
A	dXBncmFkZS1odW1hbi1zaGllbGQy	AAAAAAAAAAAAAAAA
A	dXBncmFkZS1odW1hbi1zaGlwLWFybW9yMQ	AAAAAAAAAAAAAAAA
A	dXBncmFkZS1odW1hbi1zaGlwLWFybW9yMg	AAAAAAAAAAAAAAAA
A	dXBncmFkZS1odW1hbi1zaGlwLWNhbm5vbjE	AAAAAAAAAAAAAAAA
A	dXBncmFkZS1odW1hbi1zaGlwLWNhbm5vbjI	AAAAAAAAAAAAAAAA
A	dXBncmFkZS1pbnZpc2liaWxpdHk	AAAAAAAAAAAAAAAA
A	dXBncmFkZS1saWdodC1heGVz	AAAAAAAAAAAAAAAA
A	dXBncmFkZS1sb25nYm93	AAAAAAAAAAAAAAAA
A	dXBncmFkZS1vZ3JlLW1hZ2U	AAAAAAAAAAAAAAAA
A	dXBncmFkZS1vcmMtc2hpZWxkMQ	AAAAAAAAAAAAAAAA
A	dXBncmFkZS1vcmMtc2hpZWxkMg	AAAAAAAAAAAAAAAA
A	dXBncmFkZS1vcmMtc2hpcC1hcm1vcjE	AAAAAAAAAAAAAAAA
A	dXBncmFkZS1vcmMtc2hpcC1hcm1vcjI	AAAAAAAAAAAAAAAA
A	dXBncmFkZS1vcmMtc2hpcC1jYW5ub24x	AAAAAAAAAAAAAAAA
A	dXBncmFkZS1vcmMtc2hpcC1jYW5ub24y	AAAAAAAAAAAAAAAA
A	dXBncmFkZS1wYWxhZGlu	AAAAAAAAAAAAAAAA
A	dXBncmFkZS1wb2x5bW9ycGg	AAAAAAAAAAAAAAAA
A	dXBncmFkZS1yYWlzZS1kZWFk	AAAAAAAAAAAAAAAA
A	dXBncmFkZS1yYW5nZXI	AAAAAAAAAAAAAAAA
A	dXBncmFkZS1yYW5nZXItbWFya3NtYW5zaGlw	AAAAAAAAAAAAAAAA
A	dXBncmFkZS1yYW5nZXItc2NvdXRpbmc	AAAAAAAAAAAAAAAA
A	dXBncmFkZS1ydW5lcw	AAAAAAAAAAAAAAAA
A	dXBncmFkZS1ydW5lcy1kb3VibGUtaGVhZA	RRRRRRRRRRRRRRRR
A	dXBncmFkZS1zbG93	AAAAAAAAAAAAAAAA
A	dXBncmFkZS1zd29yZDE	AAAAAAAAAAAAAAAA
A	dXBncmFkZS1zd29yZDI	AAAAAAAAAAAAAAAA
A	dXBncmFkZS10aHJvd2luZy1heGUx	AAAAAAAAAAAAAAAA
A	dXBncmFkZS10aHJvd2luZy1heGUy	AAAAAAAAAAAAAAAA
A	dXBncmFkZS11bmhvbHktYXJtb3I	AAAAAAAAAAAAAAAA
A	dXBncmFkZS13aGlybHdpbmQ	AAAAAAAAAAAAAAAA
I	3	b3JjLWV4cC0xMWI	MAP
I	6	b3JjLWV4cC0xMWE	MAP
T	TjMgVE9UQUwgTjAgRVEgTjYgUWRXNXBkQzF0WVdkbExYUnZkMlZ5IFVOSVRfQ09VTlQgTjAgRVEgQU5E	VklDVE9SWQ
T	VEhJUyBUT1RBTCBOMCBFUQ	REVGRUFU
E
M	Y2FtcGFpZ25zL29yYy1leHAvbGV2ZWx4MTJv	Li4vY2FtcGFpZ25zL29yYy9pbnRlcmZhY2UvaW50cm9zY3JlZW41LnBuZw	3	Y2FtcGFpZ25zL29yYy1leHAvbGV2ZWx4MTJvLWludHJvMS53YXY	Y2FtcGFpZ25zL29yYy1leHAvbGV2ZWx4MTJvLWludHJvMi53YXY	Y2FtcGFpZ25zL29yYy1leHAvbGV2ZWx4MTJvLWludHJvMy53YXY
A	dW5pdC1hbGNoZW1pc3Q	AAAAAAAAAAAAAAAA
A	dW5pdC1hbHRhci1vZi1zdG9ybXM	AAAAAAAAAAAAAAAA
A	dW5pdC1hcmNoZXI	AAAAAAAAAAAAAAAA
A	dW5pdC1hcnRob3ItbGl0ZXJpb3M	FFFFFFFFFFFFFFFF
A	dW5pdC1heGV0aHJvd2Vy	AAAAAAAAAAAAAAAA
A	dW5pdC1iYWxsaXN0YQ	AAAAAAAAAAAAAAAA
A	dW5pdC1iYWxsb29u	AAAAAAAAAAAAAAAA
A	dW5pdC1iYXR0bGVzaGlw	AAAAAAAAAAAAAAAA
A	dW5pdC1iZWFzdC1jcnk	FFFFFFFFFFFFFFFF
A	dW5pdC1iZXJzZXJrZXI	AAAAAAAAAAAAAAAA
A	dW5pdC1jYXN0bGU	AAAAAAAAAAAAAAAA
A	dW5pdC1jYXRhcHVsdA	AAAAAAAAAAAAAAAA
A	dW5pdC1jaHVyY2g	AAAAAAAAAAAAAAAA
A	dW5pdC1jaXJjbGUtb2YtcG93ZXI	FFFFFFFFFFFFFFFF
A	dW5pdC1jcml0dGVy	FFFFFFFFFFFFFFFF
A	dW5pdC1kYWVtb24	FFFFFFFFFFFFFFFF
A	dW5pdC1kYXJrLXBvcnRhbA	FFFFFFFFFFFFFFFF
A	dW5pdC1kZWFkLXNlYS1ib2R5	FFFFFFFFFFFFFFFF
A	dW5pdC1kZWF0aC1rbmlnaHQ	AAAAAAAAAAAAAAAA
A	dW5pdC1kZXN0cm95ZWQtMXgxLXBsYWNl	FFFFFFFFFFFFFFFF
A	dW5pdC1kZXN0cm95ZWQtMngyLXBsYWNl	FFFFFFFFFFFFFFFF
A	dW5pdC1kZXN0cm95ZWQtM3gzLXBsYWNl	FFFFFFFFFFFFFFFF
A	dW5pdC1kZXN0cm95ZWQtM3gzLXBsYWNlLXdhdGVy	FFFFFFFFFFFFFFFF
A	dW5pdC1kZXN0cm95ZWQtNHg0LXBsYWNl	FFFFFFFFFFFFFFFF
A	dW5pdC1kb3VibGUtaGVhZA	FFFFFFFFFFFFFFFF
A	dW5pdC1kcmFnb24	AAAAAAAAAAAAAAAA
A	dW5pdC1kcmFnb24tcm9vc3Q	AAAAAAAAAAAAAAAA
A	dW5pdC1kd2FydmVz	AAAAAAAAAAAAAAAA
A	dW5pdC1lbHZlbi1sdW1iZXItbWlsbA	AAAAAAAAAAAAAAAA
A	dW5pdC1ldmlsLWtuaWdodA	FFFFFFFFFFFFFFFF
A	dW5pdC1leWUtb2YtdmlzaW9u	FFFFFFFFFFFFFFFF
A	dW5pdC1mYWQtbWFu	FFFFFFFFFFFFFFFF
A	dW5pdC1mYXJt	AAAAAAAAAAAAAAAA
A	dW5pdC1mZW1hbGUtaGVybw	FFFFFFFFFFFFFFFF
A	dW5pdC1maXJlLWJyZWV6ZQ	FFFFFFFFFFFFFFFF
A	dW5pdC1mbHlpbmctYW5nZWw	FFFFFFFFFFFFFFFF
A	dW5pdC1mb290bWFu	AAAAAAAAAAAAAAAA
A	dW5pdC1mb3J0cmVzcw	AAAAAAAAAAAAAAAA
A	dW5pdC1nb2JsaW4tc2FwcGVycw	AAAAAAAAAAAAAAAA
A	dW5pdC1nb2xkLW1pbmU	FFFFFFFFFFFFFFFF
A	dW5pdC1ncmVhdC1oYWxs	AAAAAAAAAAAAAAAA
A	dW5pdC1ncnVudA	AAAAAAAAAAAAAAAA
A	dW5pdC1ncnlwaG9uLWF2aWFyeQ	AAAAAAAAAAAAAAAA
A	dW5pdC1ncnlwaG9uLXJpZGVy	AAAAAAAAAAAAAAAA
A	dW5pdC1odW1hbi1iYXJyYWNrcw	AAAAAAAAAAAAAAAA
A	dW5pdC1odW1hbi1ibGFja3NtaXRo	AAAAAAAAAAAAAAAA
A	dW5pdC1odW1hbi1jYW5ub24tdG93ZXI	AAAAAAAAAAAAAAAA
A	dW5pdC1odW1hbi1kZWFkLWJvZHk	FFFFFFFFFFFFFFFF
A	dW5pdC1odW1hbi1kZXN0cm95ZXI	AAAAAAAAAAAAAAAA
A	dW5pdC1odW1hbi1mb3VuZHJ5	AAAAAAAAAAAAAAAA
A	dW5pdC1odW1hbi1ndWFyZC10b3dlcg	AAAAAAAAAAAAAAAA
A	dW5pdC1odW1hbi1vaWwtcGxhdGZvcm0	AAAAAAAAAAAAAAAA
A	dW5pdC1odW1hbi1vaWwtdGFua2Vy	AAAAAAAAAAAAAAAA
A	dW5pdC1odW1hbi1yZWZpbmVyeQ	AAAAAAAAAAAAAAAA
A	dW5pdC1odW1hbi1zaGlweWFyZA	AAAAAAAAAAAAAAAA
A	dW5pdC1odW1hbi1zdGFydC1sb2NhdGlvbg	FFFFFFFFFFFFFFFF
A	dW5pdC1odW1hbi1zdWJtYXJpbmU	AAAAAAAAAAAAAAAA
A	dW5pdC1odW1hbi10cmFuc3BvcnQ	AAAAAAAAAAAAAAAA
A	dW5pdC1odW1hbi13YWxs	AAAAAAAAAAAAAAAA
A	dW5pdC1odW1hbi13YXRjaC10b3dlcg	AAAAAAAAAAAAAAAA
A	dW5pdC1pY2UtYnJpbmdlcg	FFFFFFFFFFFFFFFF
A	dW5pdC1pbnZlbnRvcg	AAAAAAAAAAAAAAAA
A	dW5pdC1rZWVw	AAAAAAAAAAAAAAAA
A	dW5pdC1rbmlnaHQ	AAAAAAAAAAAAAAAA
A	dW5pdC1rbmlnaHQtcmlkZXI	FFFFFFFFFFFFFFFF
A	dW5pdC1tYWdl	AAAAAAAAAAAAAAAA
A	dW5pdC1tYWdlLXRvd2Vy	AAAAAAAAAAAAAAAA
A	dW5pdC1tYW4tb2YtbGlnaHQ	FFFFFFFFFFFFFFFF
A	dW5pdC1vZ3Jl	AAAAAAAAAAAAAAAA
A	dW5pdC1vZ3JlLWp1Z2dlcm5hdWdodA	AAAAAAAAAAAAAAAA
A	dW5pdC1vZ3JlLW1hZ2U	AAAAAAAAAAAAAAAA
A	dW5pdC1vZ3JlLW1vdW5k	AAAAAAAAAAAAAAAA
A	dW5pdC1vaWwtcGF0Y2g	FFFFFFFFFFFFFFFF
A	dW5pdC1vcmMtYmFycmFja3M	AAAAAAAAAAAAAAAA
A	dW5pdC1vcmMtYmxhY2tzbWl0aA	AAAAAAAAAAAAAAAA
A	dW5pdC1vcmMtY2Fubm9uLXRvd2Vy	AAAAAAAAAAAAAAAA
A	dW5pdC1vcmMtZGVhZC1ib2R5	FFFFFFFFFFFFFFFF
A	dW5pdC1vcmMtZGVzdHJveWVy	AAAAAAAAAAAAAAAA
A	dW5pdC1vcmMtZm91bmRyeQ	AAAAAAAAAAAAAAAA
A	dW5pdC1vcmMtZ3VhcmQtdG93ZXI	AAAAAAAAAAAAAAAA
A	dW5pdC1vcmMtb2lsLXBsYXRmb3Jt	AAAAAAAAAAAAAAAA
A	dW5pdC1vcmMtb2lsLXRhbmtlcg	AAAAAAAAAAAAAAAA
A	dW5pdC1vcmMtcmVmaW5lcnk	AAAAAAAAAAAAAAAA
A	dW5pdC1vcmMtc2hpcHlhcmQ	AAAAAAAAAAAAAAAA
A	dW5pdC1vcmMtc3RhcnQtbG9jYXRpb24	FFFFFFFFFFFFFFFF
A	dW5pdC1vcmMtc3VibWFyaW5l	AAAAAAAAAAAAAAAA
A	dW5pdC1vcmMtdHJhbnNwb3J0	AAAAAAAAAAAAAAAA
A	dW5pdC1vcmMtd2FsbA	AAAAAAAAAAAAAAAA
A	dW5pdC1vcmMtd2F0Y2gtdG93ZXI	AAAAAAAAAAAAAAAA
A	dW5pdC1wYWxhZGlu	AAAAAAAAAAAAAAAA
A	dW5pdC1wZWFzYW50	AAAAAAAAAAAAAAAA
A	dW5pdC1wZW9u	AAAAAAAAAAAAAAAA
A	dW5pdC1waWctZmFybQ	AAAAAAAAAAAAAAAA
A	dW5pdC1xdWljay1ibGFkZQ	FFFFFFFFFFFFFFFF
A	dW5pdC1yYW5nZXI	AAAAAAAAAAAAAAAA
A	dW5pdC1ydW5lc3RvbmU	FFFFFFFFFFFFFFFF
A	dW5pdC1zaGFycC1heGU	FFFFFFFFFFFFFFFF
A	dW5pdC1za2VsZXRvbg	FFFFFFFFFFFFFFFF
A	dW5pdC1zdGFibGVz	AAAAAAAAAAAAAAAA
A	dW5pdC1zdHJvbmdob2xk	AAAAAAAAAAAAAAAA
A	dW5pdC10ZW1wbGUtb2YtdGhlLWRhbW5lZA	AAAAAAAAAAAAAAAA
A	dW5pdC10b3duLWhhbGw	AAAAAAAAAAAAAAAA
A	dW5pdC10cm9sbC1sdW1iZXItbWlsbA	AAAAAAAAAAAAAAAA
A	dW5pdC13aGl0ZS1tYWdl	FFFFFFFFFFFFFFFF
A	dW5pdC13aXNlLW1hbg	FFFFFFFFFFFFFFFF
A	dW5pdC16ZXBwZWxpbg	AAAAAAAAAAAAAAAA
A	dXBncmFkZS1hcnJvdzE	AAAAAAAAAAAAAAAA
A	dXBncmFkZS1hcnJvdzI	AAAAAAAAAAAAAAAA
A	dXBncmFkZS1iYWxsaXN0YTE	AAAAAAAAAAAAAAAA
A	dXBncmFkZS1iYWxsaXN0YTI	AAAAAAAAAAAAAAAA
A	dXBncmFkZS1iYXR0bGUtYXhlMQ	AAAAAAAAAAAAAAAA
A	dXBncmFkZS1iYXR0bGUtYXhlMg	AAAAAAAAAAAAAAAA
A	dXBncmFkZS1iZXJzZXJrZXI	AAAAAAAAAAAAAAAA
A	dXBncmFkZS1iZXJzZXJrZXItcmVnZW5lcmF0aW9u	AAAAAAAAAAAAAAAA
A	dXBncmFkZS1iZXJzZXJrZXItc2NvdXRpbmc	AAAAAAAAAAAAAAAA
A	dXBncmFkZS1ibGl6emFyZA	AAAAAAAAAAAAAAAA
A	dXBncmFkZS1ibG9vZGx1c3Q	RRRRRRRRRRRRRRRR
A	dXBncmFkZS1ibG9vZGx1c3QtZG91YmxlLWhlYWQ	RRRRRRRRRRRRRRRR
A	dXBncmFkZS1jYXRhcHVsdDE	AAAAAAAAAAAAAAAA
A	dXBncmFkZS1jYXRhcHVsdDI	AAAAAAAAAAAAAAAA
A	dXBncmFkZS1kZWF0aC1hbmQtZGVjYXk	RRRRRRRRRRRRRRRR
A	dXBncmFkZS1kZWF0aC1jb2ls	RRRRRRRRRRRRRRRR
A	dXBncmFkZS1leG9yY2lzbQ	AAAAAAAAAAAAAAAA
A	dXBncmFkZS1leWUtb2Yta2lscm9nZw	RRRRRRRRRRRRRRRR
A	dXBncmFkZS1leWUtb2Yta2lscm9nZy1kb3VibGUtaGVhZA	RRRRRRRRRRRRRRRR
A	dXBncmFkZS1maXJlYmFsbA	RRRRRRRRRRRRRRRR
A	dXBncmFkZS1mbGFtZS1zaGllbGQ	AAAAAAAAAAAAAAAA
A	dXBncmFkZS1oYXN0ZQ	RRRRRRRRRRRRRRRR
A	dXBncmFkZS1oZWFsaW5n	AAAAAAAAAAAAAAAA
A	dXBncmFkZS1ob2x5LXZpc2lvbg	RRRRRRRRRRRRRRRR
A	dXBncmFkZS1odW1hbi1zaGllbGQx	AAAAAAAAAAAAAAAA
A	dXBncmFkZS1odW1hbi1zaGllbGQy	AAAAAAAAAAAAAAAA
A	dXBncmFkZS1odW1hbi1zaGlwLWFybW9yMQ	AAAAAAAAAAAAAAAA
A	dXBncmFkZS1odW1hbi1zaGlwLWFybW9yMg	AAAAAAAAAAAAAAAA
A	dXBncmFkZS1odW1hbi1zaGlwLWNhbm5vbjE	AAAAAAAAAAAAAAAA
A	dXBncmFkZS1odW1hbi1zaGlwLWNhbm5vbjI	AAAAAAAAAAAAAAAA
A	dXBncmFkZS1pbnZpc2liaWxpdHk	AAAAAAAAAAAAAAAA
A	dXBncmFkZS1saWdodC1heGVz	AAAAAAAAAAAAAAAA
A	dXBncmFkZS1sb25nYm93	AAAAAAAAAAAAAAAA
A	dXBncmFkZS1vZ3JlLW1hZ2U	AAAAAAAAAAAAAAAA
A	dXBncmFkZS1vcmMtc2hpZWxkMQ	AAAAAAAAAAAAAAAA
A	dXBncmFkZS1vcmMtc2hpZWxkMg	AAAAAAAAAAAAAAAA
A	dXBncmFkZS1vcmMtc2hpcC1hcm1vcjE	AAAAAAAAAAAAAAAA
A	dXBncmFkZS1vcmMtc2hpcC1hcm1vcjI	AAAAAAAAAAAAAAAA
A	dXBncmFkZS1vcmMtc2hpcC1jYW5ub24x	AAAAAAAAAAAAAAAA
A	dXBncmFkZS1vcmMtc2hpcC1jYW5ub24y	AAAAAAAAAAAAAAAA
A	dXBncmFkZS1wYWxhZGlu	AAAAAAAAAAAAAAAA
A	dXBncmFkZS1wb2x5bW9ycGg	AAAAAAAAAAAAAAAA
A	dXBncmFkZS1yYWlzZS1kZWFk	RRRRRRRRRRRRRRRR
A	dXBncmFkZS1yYW5nZXI	AAAAAAAAAAAAAAAA
A	dXBncmFkZS1yYW5nZXItbWFya3NtYW5zaGlw	AAAAAAAAAAAAAAAA
A	dXBncmFkZS1yYW5nZXItc2NvdXRpbmc	AAAAAAAAAAAAAAAA
A	dXBncmFkZS1ydW5lcw	RRRRRRRRRRRRRRRR
A	dXBncmFkZS1ydW5lcy1kb3VibGUtaGVhZA	RRRRRRRRRRRRRRRR
A	dXBncmFkZS1zbG93	AAAAAAAAAAAAAAAA
A	dXBncmFkZS1zd29yZDE	AAAAAAAAAAAAAAAA
A	dXBncmFkZS1zd29yZDI	AAAAAAAAAAAAAAAA
A	dXBncmFkZS10aHJvd2luZy1heGUx	AAAAAAAAAAAAAAAA
A	dXBncmFkZS10aHJvd2luZy1heGUy	AAAAAAAAAAAAAAAA
A	dXBncmFkZS11bmhvbHktYXJtb3I	RRRRRRRRRRRRRRRR
A	dXBncmFkZS13aGlybHdpbmQ	RRRRRRRRRRRRRRRR
I	1	b3JjLWV4cC0xMmQ	MAP
I	2	b3JjLWV4cC0xMmE	MAP
I	3	b3JjLWV4cC0xMmM	MAP
I	6	b3JjLWV4cC0xMmI	MAP
T	VEhJUyBPUFBPTkVOVFMgTjAgRVE	VklDVE9SWQ
T	VEhJUyBUT1RBTCBOMCBFUQ	REVGRUFU
E
